canonical_structure,dataset,available,sex,donor,geometry_type,quality,license_class,priority
UBERON:0002097,hra-female,True,unknown-per-component,hra-female-assembly,reference_assembly,source-buffer-checked; anatomical-review-pending,CC-BY-4.0,4
FMA:58070|left,hra-female,True,unknown-per-component,hra-female-assembly,reference_assembly,source-buffer-checked; anatomical-review-pending,CC-BY-4.0,4
UBERON:0011828,hra-female,True,unknown-per-component,hra-female-assembly,reference_assembly,source-buffer-checked; anatomical-review-pending,CC-BY-4.0,4
UBERON:0013772|left,hra-female,True,unknown-per-component,hra-female-assembly,reference_assembly,source-buffer-checked; anatomical-review-pending,CC-BY-4.0,4
FMA:223675|left,hra-female,True,unknown-per-component,hra-female-assembly,reference_assembly,source-buffer-checked; anatomical-review-pending,CC-BY-4.0,4
UBERON:0018140,hra-female,True,unknown-per-component,hra-female-assembly,reference_assembly,source-buffer-checked; anatomical-review-pending,CC-BY-4.0,4
UBERON:0015134,hra-female,True,unknown-per-component,hra-female-assembly,reference_assembly,source-buffer-checked; anatomical-review-pending,CC-BY-4.0,4
FMA:58088,hra-female,True,unknown-per-component,hra-female-assembly,reference_assembly,source-buffer-checked; anatomical-review-pending,CC-BY-4.0,4
UBERON:0012103|left,hra-female,True,unknown-per-component,hra-female-assembly,reference_assembly,source-buffer-checked; anatomical-review-pending,CC-BY-4.0,4
FMA:58070|right,hra-female,True,unknown-per-component,hra-female-assembly,reference_assembly,source-buffer-checked; anatomical-review-pending,CC-BY-4.0,4
UBERON:0011828,hra-female,True,unknown-per-component,hra-female-assembly,reference_assembly,source-buffer-checked; anatomical-review-pending,CC-BY-4.0,4
UBERON:0013773|right,hra-female,True,unknown-per-component,hra-female-assembly,reference_assembly,source-buffer-checked; anatomical-review-pending,CC-BY-4.0,4
FMA:223675|right,hra-female,True,unknown-per-component,hra-female-assembly,reference_assembly,source-buffer-checked; anatomical-review-pending,CC-BY-4.0,4
FMA:58088,hra-female,True,unknown-per-component,hra-female-assembly,reference_assembly,source-buffer-checked; anatomical-review-pending,CC-BY-4.0,4
UBERON:0015134,hra-female,True,unknown-per-component,hra-female-assembly,reference_assembly,source-buffer-checked; anatomical-review-pending,CC-BY-4.0,4
UBERON:0018140,hra-female,True,unknown-per-component,hra-female-assembly,reference_assembly,source-buffer-checked; anatomical-review-pending,CC-BY-4.0,4
UBERON:0012103|right,hra-female,True,unknown-per-component,hra-female-assembly,reference_assembly,source-buffer-checked; anatomical-review-pending,CC-BY-4.0,4
UBERON:0000966|right,hra-female,True,unknown-per-component,hra-female-assembly,reference_assembly,source-buffer-checked; anatomical-review-pending,CC-BY-4.0,4
UBERON:0001786|right,hra-female,True,unknown-per-component,hra-female-assembly,reference_assembly,source-buffer-checked; anatomical-review-pending,CC-BY-4.0,4
UBERON:0000053|right,hra-female,True,unknown-per-component,hra-female-assembly,reference_assembly,source-buffer-checked; anatomical-review-pending,CC-BY-4.0,4
UBERON:0001783|right,hra-female,True,unknown-per-component,hra-female-assembly,reference_assembly,source-buffer-checked; anatomical-review-pending,CC-BY-4.0,4
FMA:59026|right,hra-female,True,unknown-per-component,hra-female-assembly,reference_assembly,source-buffer-checked; anatomical-review-pending,CC-BY-4.0,4
FMA:59027|right,hra-female,True,unknown-per-component,hra-female-assembly,reference_assembly,source-buffer-checked; anatomical-review-pending,CC-BY-4.0,4
UBERON:0001773|right,hra-female,True,unknown-per-component,hra-female-assembly,reference_assembly,source-buffer-checked; anatomical-review-pending,CC-BY-4.0,4
UBERON:0001776|right,hra-female,True,unknown-per-component,hra-female-assembly,reference_assembly,source-buffer-checked; anatomical-review-pending,CC-BY-4.0,4
UBERON:0010224|right,hra-female,True,unknown-per-component,hra-female-assembly,reference_assembly,source-buffer-checked; anatomical-review-pending,CC-BY-4.0,4
UBERON:0010427,hra-female,True,unknown-per-component,hra-female-assembly,reference_assembly,source-buffer-checked; anatomical-review-pending,CC-BY-4.0,4
UBERON:0006762|right,hra-female,True,unknown-per-component,hra-female-assembly,reference_assembly,source-buffer-checked; anatomical-review-pending,CC-BY-4.0,4
UBERON:0011221|right,hra-female,True,unknown-per-component,hra-female-assembly,reference_assembly,source-buffer-checked; anatomical-review-pending,CC-BY-4.0,4
UBERON:0006761|right,hra-female,True,unknown-per-component,hra-female-assembly,reference_assembly,source-buffer-checked; anatomical-review-pending,CC-BY-4.0,4
UBERON:0000965|right,hra-female,True,unknown-per-component,hra-female-assembly,reference_assembly,source-buffer-checked; anatomical-review-pending,CC-BY-4.0,4
UBERON:0004029|right,hra-female,True,unknown-per-component,hra-female-assembly,reference_assembly,source-buffer-checked; anatomical-review-pending,CC-BY-4.0,4
FMA:58820|right,hra-female,True,unknown-per-component,hra-female-assembly,reference_assembly,source-buffer-checked; anatomical-review-pending,CC-BY-4.0,4
UBERON:0001775|right,hra-female,True,unknown-per-component,hra-female-assembly,reference_assembly,source-buffer-checked; anatomical-review-pending,CC-BY-4.0,4
UBERON:0001605|right,hra-female,True,unknown-per-component,hra-female-assembly,reference_assembly,source-buffer-checked; anatomical-review-pending,CC-BY-4.0,4
UBERON:0005969,hra-female,True,unknown-per-component,hra-female-assembly,reference_assembly,source-buffer-checked; anatomical-review-pending,CC-BY-4.0,4
UBERON:0001769|right,hra-female,True,unknown-per-component,hra-female-assembly,reference_assembly,source-buffer-checked; anatomical-review-pending,CC-BY-4.0,4
UBERON:0010306|right,hra-female,True,unknown-per-component,hra-female-assembly,reference_assembly,source-buffer-checked; anatomical-review-pending,CC-BY-4.0,4
UBERON:0000964|right,hra-female,True,unknown-per-component,hra-female-assembly,reference_assembly,source-buffer-checked; anatomical-review-pending,CC-BY-4.0,4
FMA:261236|right,hra-female,True,unknown-per-component,hra-female-assembly,reference_assembly,source-buffer-checked; anatomical-review-pending,CC-BY-4.0,4
UBERON:0000966|left,hra-female,True,unknown-per-component,hra-female-assembly,reference_assembly,source-buffer-checked; anatomical-review-pending,CC-BY-4.0,4
UBERON:0001786|left,hra-female,True,unknown-per-component,hra-female-assembly,reference_assembly,source-buffer-checked; anatomical-review-pending,CC-BY-4.0,4
UBERON:0000053|left,hra-female,True,unknown-per-component,hra-female-assembly,reference_assembly,source-buffer-checked; anatomical-review-pending,CC-BY-4.0,4
UBERON:0001783|left,hra-female,True,unknown-per-component,hra-female-assembly,reference_assembly,source-buffer-checked; anatomical-review-pending,CC-BY-4.0,4
FMA:59026|left,hra-female,True,unknown-per-component,hra-female-assembly,reference_assembly,source-buffer-checked; anatomical-review-pending,CC-BY-4.0,4
FMA:59027|left,hra-female,True,unknown-per-component,hra-female-assembly,reference_assembly,source-buffer-checked; anatomical-review-pending,CC-BY-4.0,4
FMA:261238|left,hra-female,True,unknown-per-component,hra-female-assembly,reference_assembly,source-buffer-checked; anatomical-review-pending,CC-BY-4.0,4
UBERON:0000964|left,hra-female,True,unknown-per-component,hra-female-assembly,reference_assembly,source-buffer-checked; anatomical-review-pending,CC-BY-4.0,4
UBERON:0010306|left,hra-female,True,unknown-per-component,hra-female-assembly,reference_assembly,source-buffer-checked; anatomical-review-pending,CC-BY-4.0,4
UBERON:0001769|left,hra-female,True,unknown-per-component,hra-female-assembly,reference_assembly,source-buffer-checked; anatomical-review-pending,CC-BY-4.0,4
UBERON:0005969,hra-female,True,unknown-per-component,hra-female-assembly,reference_assembly,source-buffer-checked; anatomical-review-pending,CC-BY-4.0,4
UBERON:0001775|left,hra-female,True,unknown-per-component,hra-female-assembly,reference_assembly,source-buffer-checked; anatomical-review-pending,CC-BY-4.0,4
UBERON:0001605|left,hra-female,True,unknown-per-component,hra-female-assembly,reference_assembly,source-buffer-checked; anatomical-review-pending,CC-BY-4.0,4
FMA:58821|left,hra-female,True,unknown-per-component,hra-female-assembly,reference_assembly,source-buffer-checked; anatomical-review-pending,CC-BY-4.0,4
UBERON:0004029|left,hra-female,True,unknown-per-component,hra-female-assembly,reference_assembly,source-buffer-checked; anatomical-review-pending,CC-BY-4.0,4
UBERON:0000965|left,hra-female,True,unknown-per-component,hra-female-assembly,reference_assembly,source-buffer-checked; anatomical-review-pending,CC-BY-4.0,4
UBERON:0006761|left,hra-female,True,unknown-per-component,hra-female-assembly,reference_assembly,source-buffer-checked; anatomical-review-pending,CC-BY-4.0,4
UBERON:0011221|left,hra-female,True,unknown-per-component,hra-female-assembly,reference_assembly,source-buffer-checked; anatomical-review-pending,CC-BY-4.0,4
UBERON:0006762|left,hra-female,True,unknown-per-component,hra-female-assembly,reference_assembly,source-buffer-checked; anatomical-review-pending,CC-BY-4.0,4
UBERON:0010427,hra-female,True,unknown-per-component,hra-female-assembly,reference_assembly,source-buffer-checked; anatomical-review-pending,CC-BY-4.0,4
UBERON:0010223|left,hra-female,True,unknown-per-component,hra-female-assembly,reference_assembly,source-buffer-checked; anatomical-review-pending,CC-BY-4.0,4
UBERON:0001776|left,hra-female,True,unknown-per-component,hra-female-assembly,reference_assembly,source-buffer-checked; anatomical-review-pending,CC-BY-4.0,4
UBERON:0001773|left,hra-female,True,unknown-per-component,hra-female-assembly,reference_assembly,source-buffer-checked; anatomical-review-pending,CC-BY-4.0,4
UBERON:0002363,hra-female,True,unknown-per-component,hra-female-assembly,reference_assembly,source-buffer-checked; anatomical-review-pending,CC-BY-4.0,4
UBERON:0000941|right,hra-female,True,unknown-per-component,hra-female-assembly,reference_assembly,source-buffer-checked; anatomical-review-pending,CC-BY-4.0,4
UBERON:0002363,hra-female,True,unknown-per-component,hra-female-assembly,reference_assembly,source-buffer-checked; anatomical-review-pending,CC-BY-4.0,4
UBERON:0000941|left,hra-female,True,unknown-per-component,hra-female-assembly,reference_assembly,source-buffer-checked; anatomical-review-pending,CC-BY-4.0,4
UBERON:0000959,hra-female,True,unknown-per-component,hra-female-assembly,reference_assembly,source-buffer-checked; anatomical-review-pending,CC-BY-4.0,4
UBERON:0002264,hra-female,True,unknown-per-component,hra-female-assembly,reference_assembly,source-buffer-checked; anatomical-review-pending,CC-BY-4.0,4
UBERON:0002266,hra-female,True,unknown-per-component,hra-female-assembly,reference_assembly,source-buffer-checked; anatomical-review-pending,CC-BY-4.0,4
UBERON:0004725,hra-female,True,unknown-per-component,hra-female-assembly,reference_assembly,source-buffer-checked; anatomical-review-pending,CC-BY-4.0,4
HRA:Allen_frontal_agranular_insular_cortex_area_Fl_L|left,hra-female,True,unknown-per-component,hra-female-assembly,reference_assembly,source-buffer-checked; anatomical-review-pending,CC-BY-4.0,4
HRA:Allen_temporal_agranular_insular_cortex_area_Tl_L|left,hra-female,True,unknown-per-component,hra-female-assembly,reference_assembly,source-buffer-checked; anatomical-review-pending,CC-BY-4.0,4
HRA:Allen_head_of_caudate_L|left,hra-female,True,unknown-per-component,hra-female-assembly,reference_assembly,source-buffer-checked; anatomical-review-pending,CC-BY-4.0,4
HRA:Allen_body_of_caudate_L|left,hra-female,True,unknown-per-component,hra-female-assembly,reference_assembly,source-buffer-checked; anatomical-review-pending,CC-BY-4.0,4
HRA:Allen_tail_of_caudate_L|left,hra-female,True,unknown-per-component,hra-female-assembly,reference_assembly,source-buffer-checked; anatomical-review-pending,CC-BY-4.0,4
UBERON:0008884|left,hra-female,True,unknown-per-component,hra-female-assembly,reference_assembly,source-buffer-checked; anatomical-review-pending,CC-BY-4.0,4
HRA:Allen_nucleus_accumbens_L|left,hra-female,True,unknown-per-component,hra-female-assembly,reference_assembly,source-buffer-checked; anatomical-review-pending,CC-BY-4.0,4
HRA:Allen_external_segment_of_globus_pallidus_L|left,hra-female,True,unknown-per-component,hra-female-assembly,reference_assembly,source-buffer-checked; anatomical-review-pending,CC-BY-4.0,4
HRA:Allen_internal_segment_of_globus_pallidus_L|left,hra-female,True,unknown-per-component,hra-female-assembly,reference_assembly,source-buffer-checked; anatomical-review-pending,CC-BY-4.0,4
HRA:Allen_claustrum_L|left,hra-female,True,unknown-per-component,hra-female-assembly,reference_assembly,source-buffer-checked; anatomical-review-pending,CC-BY-4.0,4
HRA:Allen_basal_forebrain_L|left,hra-female,True,unknown-per-component,hra-female-assembly,reference_assembly,source-buffer-checked; anatomical-review-pending,CC-BY-4.0,4
HRA:Allen_septal_nuclei_L|left,hra-female,True,unknown-per-component,hra-female-assembly,reference_assembly,source-buffer-checked; anatomical-review-pending,CC-BY-4.0,4
HRA:Allen_amygdaloid_complex_L|left,hra-female,True,unknown-per-component,hra-female-assembly,reference_assembly,source-buffer-checked; anatomical-review-pending,CC-BY-4.0,4
HRA:Allen_anterior_amygdaloid_area_L|left,hra-female,True,unknown-per-component,hra-female-assembly,reference_assembly,source-buffer-checked; anatomical-review-pending,CC-BY-4.0,4
HRA:Allen_central_nuclear_group_L|left,hra-female,True,unknown-per-component,hra-female-assembly,reference_assembly,source-buffer-checked; anatomical-review-pending,CC-BY-4.0,4
HRA:Allen_lateral_nucleus_L|left,hra-female,True,unknown-per-component,hra-female-assembly,reference_assembly,source-buffer-checked; anatomical-review-pending,CC-BY-4.0,4
HRA:Allen_basolateral_nucleus_basal_nucleus_L|left,hra-female,True,unknown-per-component,hra-female-assembly,reference_assembly,source-buffer-checked; anatomical-review-pending,CC-BY-4.0,4
HRA:Allen_basomedial_nucleus_accessory_basal_nucleus_L|left,hra-female,True,unknown-per-component,hra-female-assembly,reference_assembly,source-buffer-checked; anatomical-review-pending,CC-BY-4.0,4
HRA:Allen_anterior_cortical_nucleus_L|left,hra-female,True,unknown-per-component,hra-female-assembly,reference_assembly,source-buffer-checked; anatomical-review-pending,CC-BY-4.0,4
HRA:Allen_posterior_cortical_nucleus_L|left,hra-female,True,unknown-per-component,hra-female-assembly,reference_assembly,source-buffer-checked; anatomical-review-pending,CC-BY-4.0,4
HRA:Allen_medial_nucleus_L|left,hra-female,True,unknown-per-component,hra-female-assembly,reference_assembly,source-buffer-checked; anatomical-review-pending,CC-BY-4.0,4
HRA:Allen_amygdalohippocampal_area_L|left,hra-female,True,unknown-per-component,hra-female-assembly,reference_assembly,source-buffer-checked; anatomical-review-pending,CC-BY-4.0,4
HRA:Allen_bed_nucleus_of_stria_terminalis_L|left,hra-female,True,unknown-per-component,hra-female-assembly,reference_assembly,source-buffer-checked; anatomical-review-pending,CC-BY-4.0,4
HRA:Allen_thalamus_L|left,hra-female,True,unknown-per-component,hra-female-assembly,reference_assembly,source-buffer-checked; anatomical-review-pending,CC-BY-4.0,4
HRA:Allen_anterior_nuclear_complex_of_thalamus_L|left,hra-female,True,unknown-per-component,hra-female-assembly,reference_assembly,source-buffer-checked; anatomical-review-pending,CC-BY-4.0,4
HRA:Allen_lateral_dorsal_nucleus_of_thalamus_L|left,hra-female,True,unknown-per-component,hra-female-assembly,reference_assembly,source-buffer-checked; anatomical-review-pending,CC-BY-4.0,4
HRA:Allen_mediodorsal_nucleus_of_thalamus_L|left,hra-female,True,unknown-per-component,hra-female-assembly,reference_assembly,source-buffer-checked; anatomical-review-pending,CC-BY-4.0,4
HRA:Allen_reuniens_nucleus_medioventral_nucleus_of_thalamus_L|left,hra-female,True,unknown-per-component,hra-female-assembly,reference_assembly,source-buffer-checked; anatomical-review-pending,CC-BY-4.0,4
HRA:Allen_lateral_posterior_nucleus_of_thalamus_L|left,hra-female,True,unknown-per-component,hra-female-assembly,reference_assembly,source-buffer-checked; anatomical-review-pending,CC-BY-4.0,4
HRA:Allen_pulvinar_of_thalamus_L|left,hra-female,True,unknown-per-component,hra-female-assembly,reference_assembly,source-buffer-checked; anatomical-review-pending,CC-BY-4.0,4
HRA:Allen_ventral_anterior_nucleus_of_thalamus_L|left,hra-female,True,unknown-per-component,hra-female-assembly,reference_assembly,source-buffer-checked; anatomical-review-pending,CC-BY-4.0,4
HRA:Allen_ventral_lateral_nucleus_of_thalamus_L|left,hra-female,True,unknown-per-component,hra-female-assembly,reference_assembly,source-buffer-checked; anatomical-review-pending,CC-BY-4.0,4
HRA:Allen_ventral_posterior_lateral_nucleus_L|left,hra-female,True,unknown-per-component,hra-female-assembly,reference_assembly,source-buffer-checked; anatomical-review-pending,CC-BY-4.0,4
HRA:Allen_ventral_posterior_medial_nucleus_L|left,hra-female,True,unknown-per-component,hra-female-assembly,reference_assembly,source-buffer-checked; anatomical-review-pending,CC-BY-4.0,4
HRA:Allen_dorsal_lateral_geniculate_nucleus_L|left,hra-female,True,unknown-per-component,hra-female-assembly,reference_assembly,source-buffer-checked; anatomical-review-pending,CC-BY-4.0,4
HRA:Allen_medial_geniculate_nuclei_L|left,hra-female,True,unknown-per-component,hra-female-assembly,reference_assembly,source-buffer-checked; anatomical-review-pending,CC-BY-4.0,4
HRA:Allen_centromedian_nucleus_of_thalamus_L|left,hra-female,True,unknown-per-component,hra-female-assembly,reference_assembly,source-buffer-checked; anatomical-review-pending,CC-BY-4.0,4
HRA:Allen_parafascicular_nucleus_of_thalamus_L|left,hra-female,True,unknown-per-component,hra-female-assembly,reference_assembly,source-buffer-checked; anatomical-review-pending,CC-BY-4.0,4
HRA:Allen_habenular_nuclei_L|left,hra-female,True,unknown-per-component,hra-female-assembly,reference_assembly,source-buffer-checked; anatomical-review-pending,CC-BY-4.0,4
UBERON:0001905,hra-female,True,unknown-per-component,hra-female-assembly,reference_assembly,source-buffer-checked; anatomical-review-pending,CC-BY-4.0,4
HRA:Allen_zona_incerta_L|left,hra-female,True,unknown-per-component,hra-female-assembly,reference_assembly,source-buffer-checked; anatomical-review-pending,CC-BY-4.0,4
HRA:Allen_supraoptic_region_of_HTH_L|left,hra-female,True,unknown-per-component,hra-female-assembly,reference_assembly,source-buffer-checked; anatomical-review-pending,CC-BY-4.0,4
HRA:Allen_preoptic_region_of_HTH_L|left,hra-female,True,unknown-per-component,hra-female-assembly,reference_assembly,source-buffer-checked; anatomical-review-pending,CC-BY-4.0,4
HRA:Allen_tuberal_region_of_HTH_L|left,hra-female,True,unknown-per-component,hra-female-assembly,reference_assembly,source-buffer-checked; anatomical-review-pending,CC-BY-4.0,4
HRA:Allen_white_matter_of_forebrain_L|left,hra-female,True,unknown-per-component,hra-female-assembly,reference_assembly,source-buffer-checked; anatomical-review-pending,CC-BY-4.0,4
UBERON:0000935,hra-female,True,unknown-per-component,hra-female-assembly,reference_assembly,source-buffer-checked; anatomical-review-pending,CC-BY-4.0,4
UBERON:0002336,hra-female,True,unknown-per-component,hra-female-assembly,reference_assembly,source-buffer-checked; anatomical-review-pending,CC-BY-4.0,4
UBERON:0000052,hra-female,True,unknown-per-component,hra-female-assembly,reference_assembly,source-buffer-checked; anatomical-review-pending,CC-BY-4.0,4
HRA:Allen_mammillothalamic_tract_L|left,hra-female,True,unknown-per-component,hra-female-assembly,reference_assembly,source-buffer-checked; anatomical-review-pending,CC-BY-4.0,4
UBERON:0001908,hra-female,True,unknown-per-component,hra-female-assembly,reference_assembly,source-buffer-checked; anatomical-review-pending,CC-BY-4.0,4
HRA:Allen_anterior_horn_of_lateral_ventricle_L|left,hra-female,True,unknown-per-component,hra-female-assembly,reference_assembly,source-buffer-checked; anatomical-review-pending,CC-BY-4.0,4
HRA:Allen_body_of_lateral_ventricle_L|left,hra-female,True,unknown-per-component,hra-female-assembly,reference_assembly,source-buffer-checked; anatomical-review-pending,CC-BY-4.0,4
HRA:Allen_posterior_horn_of_lateral_ventricle_L|left,hra-female,True,unknown-per-component,hra-female-assembly,reference_assembly,source-buffer-checked; anatomical-review-pending,CC-BY-4.0,4
HRA:Allen_inferior_horn_of_lateral_ventricle_L|left,hra-female,True,unknown-per-component,hra-female-assembly,reference_assembly,source-buffer-checked; anatomical-review-pending,CC-BY-4.0,4
HRA:Allen_third_ventricle_L|left,hra-female,True,unknown-per-component,hra-female-assembly,reference_assembly,source-buffer-checked; anatomical-review-pending,CC-BY-4.0,4
UBERON:0004720,hra-female,True,unknown-per-component,hra-female-assembly,reference_assembly,source-buffer-checked; anatomical-review-pending,CC-BY-4.0,4
HRA:Allen_cerebellar_deep_nuclei_L|left,hra-female,True,unknown-per-component,hra-female-assembly,reference_assembly,source-buffer-checked; anatomical-review-pending,CC-BY-4.0,4
HRA:Allen_white_matter_of_hindbrain_L|left,hra-female,True,unknown-per-component,hra-female-assembly,reference_assembly,source-buffer-checked; anatomical-review-pending,CC-BY-4.0,4
HRA:Allen_olfactory_tract_L|left,hra-female,True,unknown-per-component,hra-female-assembly,reference_assembly,source-buffer-checked; anatomical-review-pending,CC-BY-4.0,4
UBERON:0002703,hra-female,True,unknown-per-component,hra-female-assembly,reference_assembly,source-buffer-checked; anatomical-review-pending,CC-BY-4.0,4
UBERON:0002661,hra-female,True,unknown-per-component,hra-female-assembly,reference_assembly,source-buffer-checked; anatomical-review-pending,CC-BY-4.0,4
UBERON:0002702,hra-female,True,unknown-per-component,hra-female-assembly,reference_assembly,source-buffer-checked; anatomical-review-pending,CC-BY-4.0,4
UBERON:0002629,hra-female,True,unknown-per-component,hra-female-assembly,reference_assembly,source-buffer-checked; anatomical-review-pending,CC-BY-4.0,4
UBERON:0002980,hra-female,True,unknown-per-component,hra-female-assembly,reference_assembly,source-buffer-checked; anatomical-review-pending,CC-BY-4.0,4
UBERON:0004671,hra-female,True,unknown-per-component,hra-female-assembly,reference_assembly,source-buffer-checked; anatomical-review-pending,CC-BY-4.0,4
UBERON:0002570,hra-female,True,unknown-per-component,hra-female-assembly,reference_assembly,source-buffer-checked; anatomical-review-pending,CC-BY-4.0,4
UBERON:0002644,hra-female,True,unknown-per-component,hra-female-assembly,reference_assembly,source-buffer-checked; anatomical-review-pending,CC-BY-4.0,4
UBERON:0002644,hra-female,True,unknown-per-component,hra-female-assembly,reference_assembly,source-buffer-checked; anatomical-review-pending,CC-BY-4.0,4
UBERON:0002564,hra-female,True,unknown-per-component,hra-female-assembly,reference_assembly,source-buffer-checked; anatomical-review-pending,CC-BY-4.0,4
UBERON:0035932,hra-female,True,unknown-per-component,hra-female-assembly,reference_assembly,source-buffer-checked; anatomical-review-pending,CC-BY-4.0,4
UBERON:0002947,hra-female,True,unknown-per-component,hra-female-assembly,reference_assembly,source-buffer-checked; anatomical-review-pending,CC-BY-4.0,4
UBERON:0002581,hra-female,True,unknown-per-component,hra-female-assembly,reference_assembly,source-buffer-checked; anatomical-review-pending,CC-BY-4.0,4
HRA:Allen_supraparietal_lobule_L|left,hra-female,True,unknown-per-component,hra-female-assembly,reference_assembly,source-buffer-checked; anatomical-review-pending,CC-BY-4.0,4
HRA:Allen_supramarginal_gyrus_L|left,hra-female,True,unknown-per-component,hra-female-assembly,reference_assembly,source-buffer-checked; anatomical-review-pending,CC-BY-4.0,4
HRA:Allen_angular_gyrus_L|left,hra-female,True,unknown-per-component,hra-female-assembly,reference_assembly,source-buffer-checked; anatomical-review-pending,CC-BY-4.0,4
UBERON:0006093,hra-female,True,unknown-per-component,hra-female-assembly,reference_assembly,source-buffer-checked; anatomical-review-pending,CC-BY-4.0,4
HRA:Allen_paracentral_lobule_caudal_part_L|left,hra-female,True,unknown-per-component,hra-female-assembly,reference_assembly,source-buffer-checked; anatomical-review-pending,CC-BY-4.0,4
UBERON:0002769,hra-female,True,unknown-per-component,hra-female-assembly,reference_assembly,source-buffer-checked; anatomical-review-pending,CC-BY-4.0,4
UBERON:0002771,hra-female,True,unknown-per-component,hra-female-assembly,reference_assembly,source-buffer-checked; anatomical-review-pending,CC-BY-4.0,4
UBERON:0002751,hra-female,True,unknown-per-component,hra-female-assembly,reference_assembly,source-buffer-checked; anatomical-review-pending,CC-BY-4.0,4
HRA:Allen_occipitotemporal_fusiform_gyrus_temporal_part_L|left,hra-female,True,unknown-per-component,hra-female-assembly,reference_assembly,source-buffer-checked; anatomical-review-pending,CC-BY-4.0,4
HRA:Allen_transverse_temporal_gyrus_Heschls_gyrus_L|left,hra-female,True,unknown-per-component,hra-female-assembly,reference_assembly,source-buffer-checked; anatomical-review-pending,CC-BY-4.0,4
UBERON:0022268,hra-female,True,unknown-per-component,hra-female-assembly,reference_assembly,source-buffer-checked; anatomical-review-pending,CC-BY-4.0,4
UBERON:0002576,hra-female,True,unknown-per-component,hra-female-assembly,reference_assembly,source-buffer-checked; anatomical-review-pending,CC-BY-4.0,4
UBERON:0023861,hra-female,True,unknown-per-component,hra-female-assembly,reference_assembly,source-buffer-checked; anatomical-review-pending,CC-BY-4.0,4
UBERON:0002902,hra-female,True,unknown-per-component,hra-female-assembly,reference_assembly,source-buffer-checked; anatomical-review-pending,CC-BY-4.0,4
UBERON:0006092,hra-female,True,unknown-per-component,hra-female-assembly,reference_assembly,source-buffer-checked; anatomical-review-pending,CC-BY-4.0,4
UBERON:0002943,hra-female,True,unknown-per-component,hra-female-assembly,reference_assembly,source-buffer-checked; anatomical-review-pending,CC-BY-4.0,4
UBERON:0022364,hra-female,True,unknown-per-component,hra-female-assembly,reference_assembly,source-buffer-checked; anatomical-review-pending,CC-BY-4.0,4
UBERON:0014608,hra-female,True,unknown-per-component,hra-female-assembly,reference_assembly,source-buffer-checked; anatomical-review-pending,CC-BY-4.0,4
UBERON:0002948,hra-female,True,unknown-per-component,hra-female-assembly,reference_assembly,source-buffer-checked; anatomical-review-pending,CC-BY-4.0,4
UBERON:0002756,hra-female,True,unknown-per-component,hra-female-assembly,reference_assembly,source-buffer-checked; anatomical-review-pending,CC-BY-4.0,4
UBERON:0002740,hra-female,True,unknown-per-component,hra-female-assembly,reference_assembly,source-buffer-checked; anatomical-review-pending,CC-BY-4.0,4
UBERON:0002738,hra-female,True,unknown-per-component,hra-female-assembly,reference_assembly,source-buffer-checked; anatomical-review-pending,CC-BY-4.0,4
UBERON:0003020,hra-female,True,unknown-per-component,hra-female-assembly,reference_assembly,source-buffer-checked; anatomical-review-pending,CC-BY-4.0,4
UBERON:0022383,hra-female,True,unknown-per-component,hra-female-assembly,reference_assembly,source-buffer-checked; anatomical-review-pending,CC-BY-4.0,4
UBERON:0002657,hra-female,True,unknown-per-component,hra-female-assembly,reference_assembly,source-buffer-checked; anatomical-review-pending,CC-BY-4.0,4
HRA:Allen_gyrus_ambiens_L|left,hra-female,True,unknown-per-component,hra-female-assembly,reference_assembly,source-buffer-checked; anatomical-review-pending,CC-BY-4.0,4
HRA:Allen_head_of_hippocampus_L|left,hra-female,True,unknown-per-component,hra-female-assembly,reference_assembly,source-buffer-checked; anatomical-review-pending,CC-BY-4.0,4
HRA:Allen_body_of_hippocampus_L|left,hra-female,True,unknown-per-component,hra-female-assembly,reference_assembly,source-buffer-checked; anatomical-review-pending,CC-BY-4.0,4
HRA:Allen_tail_of_hippocampus_L|left,hra-female,True,unknown-per-component,hra-female-assembly,reference_assembly,source-buffer-checked; anatomical-review-pending,CC-BY-4.0,4
HRA:Allen_long_insular_gyri_L|left,hra-female,True,unknown-per-component,hra-female-assembly,reference_assembly,source-buffer-checked; anatomical-review-pending,CC-BY-4.0,4
HRA:Allen_short_insular_gyri_L|left,hra-female,True,unknown-per-component,hra-female-assembly,reference_assembly,source-buffer-checked; anatomical-review-pending,CC-BY-4.0,4
HRA:Allen_limen_insula_L|left,hra-female,True,unknown-per-component,hra-female-assembly,reference_assembly,source-buffer-checked; anatomical-review-pending,CC-BY-4.0,4
HRA:Allen_pretectal_region_L|left,hra-female,True,unknown-per-component,hra-female-assembly,reference_assembly,source-buffer-checked; anatomical-review-pending,CC-BY-4.0,4
UBERON:0002038,hra-female,True,unknown-per-component,hra-female-assembly,reference_assembly,source-buffer-checked; anatomical-review-pending,CC-BY-4.0,4
UBERON:0001945,hra-female,True,unknown-per-component,hra-female-assembly,reference_assembly,source-buffer-checked; anatomical-review-pending,CC-BY-4.0,4
UBERON:0002623,hra-female,True,unknown-per-component,hra-female-assembly,reference_assembly,source-buffer-checked; anatomical-review-pending,CC-BY-4.0,4
HRA:Allen_superior_cerebellar_peduncle_brachium_conjunctivum_L|left,hra-female,True,unknown-per-component,hra-female-assembly,reference_assembly,source-buffer-checked; anatomical-review-pending,CC-BY-4.0,4
HRA:Allen_cerebral_aqueduct_L|left,hra-female,True,unknown-per-component,hra-female-assembly,reference_assembly,source-buffer-checked; anatomical-review-pending,CC-BY-4.0,4
HRA:Allen_paravermis_of_cerebellum_L|left,hra-female,True,unknown-per-component,hra-female-assembly,reference_assembly,source-buffer-checked; anatomical-review-pending,CC-BY-4.0,4
HRA:Allen_lateral_hemisphere_of_cerebellum_L|left,hra-female,True,unknown-per-component,hra-female-assembly,reference_assembly,source-buffer-checked; anatomical-review-pending,CC-BY-4.0,4
UBERON:0002151,hra-female,True,unknown-per-component,hra-female-assembly,reference_assembly,source-buffer-checked; anatomical-review-pending,CC-BY-4.0,4
UBERON:0003023,hra-female,True,unknown-per-component,hra-female-assembly,reference_assembly,source-buffer-checked; anatomical-review-pending,CC-BY-4.0,4
HRA:Allen_pyramidal_part_of_medulla_oblongata_L|left,hra-female,True,unknown-per-component,hra-female-assembly,reference_assembly,source-buffer-checked; anatomical-review-pending,CC-BY-4.0,4
HRA:Allen_tegmentum_of_medulla_oblongata_L|left,hra-female,True,unknown-per-component,hra-female-assembly,reference_assembly,source-buffer-checked; anatomical-review-pending,CC-BY-4.0,4
HRA:Allen_inferior_olive_L|left,hra-female,True,unknown-per-component,hra-female-assembly,reference_assembly,source-buffer-checked; anatomical-review-pending,CC-BY-4.0,4
HRA:Allen_middle_cerebellar_peduncle_L|left,hra-female,True,unknown-per-component,hra-female-assembly,reference_assembly,source-buffer-checked; anatomical-review-pending,CC-BY-4.0,4
UBERON:0002422,hra-female,True,unknown-per-component,hra-female-assembly,reference_assembly,source-buffer-checked; anatomical-review-pending,CC-BY-4.0,4
HRA:Allen_central_canal_of_medulla_oblongata_L|left,hra-female,True,unknown-per-component,hra-female-assembly,reference_assembly,source-buffer-checked; anatomical-review-pending,CC-BY-4.0,4
HRA:Allen_midline_nuclear_complex_L|left,hra-female,True,unknown-per-component,hra-female-assembly,reference_assembly,source-buffer-checked; anatomical-review-pending,CC-BY-4.0,4
HRA:Allen_lateral_olfactory_gyrus_L|left,hra-female,True,unknown-per-component,hra-female-assembly,reference_assembly,source-buffer-checked; anatomical-review-pending,CC-BY-4.0,4
UBERON:0002911,hra-female,True,unknown-per-component,hra-female-assembly,reference_assembly,source-buffer-checked; anatomical-review-pending,CC-BY-4.0,4
UBERON:0022264,hra-female,True,unknown-per-component,hra-female-assembly,reference_assembly,source-buffer-checked; anatomical-review-pending,CC-BY-4.0,4
HRA:Allen_posteroventral_putamen_L|left,hra-female,True,unknown-per-component,hra-female-assembly,reference_assembly,source-buffer-checked; anatomical-review-pending,CC-BY-4.0,4
HRA:Allen_atrium_of_lateral_ventricle_L|left,hra-female,True,unknown-per-component,hra-female-assembly,reference_assembly,source-buffer-checked; anatomical-review-pending,CC-BY-4.0,4
HRA:Allen_paracingulate_gyrus_L|left,hra-female,True,unknown-per-component,hra-female-assembly,reference_assembly,source-buffer-checked; anatomical-review-pending,CC-BY-4.0,4
HRA:Allen_rostral_gyrus_L|left,hra-female,True,unknown-per-component,hra-female-assembly,reference_assembly,source-buffer-checked; anatomical-review-pending,CC-BY-4.0,4
HRA:Allen_frontomarginal_gyrus_L|left,hra-female,True,unknown-per-component,hra-female-assembly,reference_assembly,source-buffer-checked; anatomical-review-pending,CC-BY-4.0,4
HRA:Allen_frontal_pole_L|left,hra-female,True,unknown-per-component,hra-female-assembly,reference_assembly,source-buffer-checked; anatomical-review-pending,CC-BY-4.0,4
HRA:Allen_inferior_cerebellar_peduncle_L|left,hra-female,True,unknown-per-component,hra-female-assembly,reference_assembly,source-buffer-checked; anatomical-review-pending,CC-BY-4.0,4
HRA:Allen_perirhinal_gyrus_rostral_part_of_FuGt_L|left,hra-female,True,unknown-per-component,hra-female-assembly,reference_assembly,source-buffer-checked; anatomical-review-pending,CC-BY-4.0,4
HRA:Allen_olfactory_bulb_R|right,hra-female,True,unknown-per-component,hra-female-assembly,reference_assembly,source-buffer-checked; anatomical-review-pending,CC-BY-4.0,4
HRA:Allen_anterior_olfactory_nucleus_R|right,hra-female,True,unknown-per-component,hra-female-assembly,reference_assembly,source-buffer-checked; anatomical-review-pending,CC-BY-4.0,4
HRA:Allen_piriform_region_R|right,hra-female,True,unknown-per-component,hra-female-assembly,reference_assembly,source-buffer-checked; anatomical-review-pending,CC-BY-4.0,4
HRA:Allen_frontal_agranular_insular_cortex_area_Fl_R|right,hra-female,True,unknown-per-component,hra-female-assembly,reference_assembly,source-buffer-checked; anatomical-review-pending,CC-BY-4.0,4
HRA:Allen_temporal_agranular_insular_cortex_area_Tl_R|right,hra-female,True,unknown-per-component,hra-female-assembly,reference_assembly,source-buffer-checked; anatomical-review-pending,CC-BY-4.0,4
HRA:Allen_head_of_caudate_R|right,hra-female,True,unknown-per-component,hra-female-assembly,reference_assembly,source-buffer-checked; anatomical-review-pending,CC-BY-4.0,4
HRA:Allen_body_of_caudate_R|right,hra-female,True,unknown-per-component,hra-female-assembly,reference_assembly,source-buffer-checked; anatomical-review-pending,CC-BY-4.0,4
HRA:Allen_tail_of_caudate_R|right,hra-female,True,unknown-per-component,hra-female-assembly,reference_assembly,source-buffer-checked; anatomical-review-pending,CC-BY-4.0,4
UBERON:0008885|right,hra-female,True,unknown-per-component,hra-female-assembly,reference_assembly,source-buffer-checked; anatomical-review-pending,CC-BY-4.0,4
HRA:Allen_nucleus_accumbens_R|right,hra-female,True,unknown-per-component,hra-female-assembly,reference_assembly,source-buffer-checked; anatomical-review-pending,CC-BY-4.0,4
HRA:Allen_external_segment_of_globus_pallidus_R|right,hra-female,True,unknown-per-component,hra-female-assembly,reference_assembly,source-buffer-checked; anatomical-review-pending,CC-BY-4.0,4
HRA:Allen_internal_segment_of_globus_pallidus_R|right,hra-female,True,unknown-per-component,hra-female-assembly,reference_assembly,source-buffer-checked; anatomical-review-pending,CC-BY-4.0,4
HRA:Allen_claustrum_R|right,hra-female,True,unknown-per-component,hra-female-assembly,reference_assembly,source-buffer-checked; anatomical-review-pending,CC-BY-4.0,4
HRA:Allen_basal_forebrain_R|right,hra-female,True,unknown-per-component,hra-female-assembly,reference_assembly,source-buffer-checked; anatomical-review-pending,CC-BY-4.0,4
HRA:Allen_septal_nuclei_R|right,hra-female,True,unknown-per-component,hra-female-assembly,reference_assembly,source-buffer-checked; anatomical-review-pending,CC-BY-4.0,4
HRA:Allen_amygdaloid_complex_R|right,hra-female,True,unknown-per-component,hra-female-assembly,reference_assembly,source-buffer-checked; anatomical-review-pending,CC-BY-4.0,4
HRA:Allen_anterior_amygdaloid_area_R|right,hra-female,True,unknown-per-component,hra-female-assembly,reference_assembly,source-buffer-checked; anatomical-review-pending,CC-BY-4.0,4
HRA:Allen_central_nuclear_group_R|right,hra-female,True,unknown-per-component,hra-female-assembly,reference_assembly,source-buffer-checked; anatomical-review-pending,CC-BY-4.0,4
HRA:Allen_lateral_nucleus_R|right,hra-female,True,unknown-per-component,hra-female-assembly,reference_assembly,source-buffer-checked; anatomical-review-pending,CC-BY-4.0,4
HRA:Allen_basolateral_nucleus_basal_nucleus_R|right,hra-female,True,unknown-per-component,hra-female-assembly,reference_assembly,source-buffer-checked; anatomical-review-pending,CC-BY-4.0,4
HRA:Allen_basomedial_nucleus_accessory_basal_nucleus_R|right,hra-female,True,unknown-per-component,hra-female-assembly,reference_assembly,source-buffer-checked; anatomical-review-pending,CC-BY-4.0,4
HRA:Allen_anterior_cortical_nucleus_R|right,hra-female,True,unknown-per-component,hra-female-assembly,reference_assembly,source-buffer-checked; anatomical-review-pending,CC-BY-4.0,4
HRA:Allen_posterior_cortical_nucleus_R|right,hra-female,True,unknown-per-component,hra-female-assembly,reference_assembly,source-buffer-checked; anatomical-review-pending,CC-BY-4.0,4
HRA:Allen_medial_nucleus_R|right,hra-female,True,unknown-per-component,hra-female-assembly,reference_assembly,source-buffer-checked; anatomical-review-pending,CC-BY-4.0,4
HRA:Allen_amygdalohippocampal_area_R|right,hra-female,True,unknown-per-component,hra-female-assembly,reference_assembly,source-buffer-checked; anatomical-review-pending,CC-BY-4.0,4
HRA:Allen_bed_nucleus_of_stria_terminalis_R|right,hra-female,True,unknown-per-component,hra-female-assembly,reference_assembly,source-buffer-checked; anatomical-review-pending,CC-BY-4.0,4
HRA:Allen_thalamus_R|right,hra-female,True,unknown-per-component,hra-female-assembly,reference_assembly,source-buffer-checked; anatomical-review-pending,CC-BY-4.0,4
HRA:Allen_anterior_nuclear_complex_of_thalamus_R|right,hra-female,True,unknown-per-component,hra-female-assembly,reference_assembly,source-buffer-checked; anatomical-review-pending,CC-BY-4.0,4
HRA:Allen_lateral_dorsal_nucleus_of_thalamus_R|right,hra-female,True,unknown-per-component,hra-female-assembly,reference_assembly,source-buffer-checked; anatomical-review-pending,CC-BY-4.0,4
HRA:Allen_mediodorsal_nucleus_of_thalamus_R|right,hra-female,True,unknown-per-component,hra-female-assembly,reference_assembly,source-buffer-checked; anatomical-review-pending,CC-BY-4.0,4
HRA:Allen_reuniens_nucleus_medioventral_nucleus_of_thalamus_R|right,hra-female,True,unknown-per-component,hra-female-assembly,reference_assembly,source-buffer-checked; anatomical-review-pending,CC-BY-4.0,4
HRA:Allen_lateral_posterior_nucleus_of_thalamus_R|right,hra-female,True,unknown-per-component,hra-female-assembly,reference_assembly,source-buffer-checked; anatomical-review-pending,CC-BY-4.0,4
HRA:Allen_pulvinar_of_thalamus_R|right,hra-female,True,unknown-per-component,hra-female-assembly,reference_assembly,source-buffer-checked; anatomical-review-pending,CC-BY-4.0,4
HRA:Allen_ventral_anterior_nucleus_of_thalamus_R|right,hra-female,True,unknown-per-component,hra-female-assembly,reference_assembly,source-buffer-checked; anatomical-review-pending,CC-BY-4.0,4
HRA:Allen_ventral_lateral_nucleus_of_thalamus_R|right,hra-female,True,unknown-per-component,hra-female-assembly,reference_assembly,source-buffer-checked; anatomical-review-pending,CC-BY-4.0,4
HRA:Allen_ventral_posterior_lateral_nucleus_R|right,hra-female,True,unknown-per-component,hra-female-assembly,reference_assembly,source-buffer-checked; anatomical-review-pending,CC-BY-4.0,4
HRA:Allen_ventral_posterior_medial_nucleus_R|right,hra-female,True,unknown-per-component,hra-female-assembly,reference_assembly,source-buffer-checked; anatomical-review-pending,CC-BY-4.0,4
HRA:Allen_dorsal_lateral_geniculate_nucleus_R|right,hra-female,True,unknown-per-component,hra-female-assembly,reference_assembly,source-buffer-checked; anatomical-review-pending,CC-BY-4.0,4
HRA:Allen_medial_geniculate_nuclei_R|right,hra-female,True,unknown-per-component,hra-female-assembly,reference_assembly,source-buffer-checked; anatomical-review-pending,CC-BY-4.0,4
HRA:Allen_centromedian_nucleus_of_thalamus_R|right,hra-female,True,unknown-per-component,hra-female-assembly,reference_assembly,source-buffer-checked; anatomical-review-pending,CC-BY-4.0,4
HRA:Allen_parafascicular_nucleus_of_thalamus_R|right,hra-female,True,unknown-per-component,hra-female-assembly,reference_assembly,source-buffer-checked; anatomical-review-pending,CC-BY-4.0,4
HRA:Allen_habenular_nuclei_R|right,hra-female,True,unknown-per-component,hra-female-assembly,reference_assembly,source-buffer-checked; anatomical-review-pending,CC-BY-4.0,4
UBERON:0001905,hra-female,True,unknown-per-component,hra-female-assembly,reference_assembly,source-buffer-checked; anatomical-review-pending,CC-BY-4.0,4
HRA:Allen_zona_incerta_R|right,hra-female,True,unknown-per-component,hra-female-assembly,reference_assembly,source-buffer-checked; anatomical-review-pending,CC-BY-4.0,4
HRA:Allen_supraoptic_region_of_HTH_R|right,hra-female,True,unknown-per-component,hra-female-assembly,reference_assembly,source-buffer-checked; anatomical-review-pending,CC-BY-4.0,4
HRA:Allen_white_matter_of_forebrain_R|right,hra-female,True,unknown-per-component,hra-female-assembly,reference_assembly,source-buffer-checked; anatomical-review-pending,CC-BY-4.0,4
UBERON:0000935,hra-female,True,unknown-per-component,hra-female-assembly,reference_assembly,source-buffer-checked; anatomical-review-pending,CC-BY-4.0,4
UBERON:0002336,hra-female,True,unknown-per-component,hra-female-assembly,reference_assembly,source-buffer-checked; anatomical-review-pending,CC-BY-4.0,4
UBERON:0000052,hra-female,True,unknown-per-component,hra-female-assembly,reference_assembly,source-buffer-checked; anatomical-review-pending,CC-BY-4.0,4
HRA:Allen_mammillothalamic_tract_R|right,hra-female,True,unknown-per-component,hra-female-assembly,reference_assembly,source-buffer-checked; anatomical-review-pending,CC-BY-4.0,4
UBERON:0001908,hra-female,True,unknown-per-component,hra-female-assembly,reference_assembly,source-buffer-checked; anatomical-review-pending,CC-BY-4.0,4
HRA:Allen_anterior_horn_of_lateral_ventricle_R|right,hra-female,True,unknown-per-component,hra-female-assembly,reference_assembly,source-buffer-checked; anatomical-review-pending,CC-BY-4.0,4
HRA:Allen_body_of_lateral_ventricle_R|right,hra-female,True,unknown-per-component,hra-female-assembly,reference_assembly,source-buffer-checked; anatomical-review-pending,CC-BY-4.0,4
HRA:Allen_posterior_horn_of_lateral_ventricle_R|right,hra-female,True,unknown-per-component,hra-female-assembly,reference_assembly,source-buffer-checked; anatomical-review-pending,CC-BY-4.0,4
HRA:Allen_inferior_horn_of_lateral_ventricle_R|right,hra-female,True,unknown-per-component,hra-female-assembly,reference_assembly,source-buffer-checked; anatomical-review-pending,CC-BY-4.0,4
HRA:Allen_third_ventricle_R|right,hra-female,True,unknown-per-component,hra-female-assembly,reference_assembly,source-buffer-checked; anatomical-review-pending,CC-BY-4.0,4
HRA:Allen_cerebellar_vermis_R|right,hra-female,True,unknown-per-component,hra-female-assembly,reference_assembly,source-buffer-checked; anatomical-review-pending,CC-BY-4.0,4
HRA:Allen_cerebellar_deep_nuclei_R|right,hra-female,True,unknown-per-component,hra-female-assembly,reference_assembly,source-buffer-checked; anatomical-review-pending,CC-BY-4.0,4
HRA:Allen_white_matter_of_hindbrain_R|right,hra-female,True,unknown-per-component,hra-female-assembly,reference_assembly,source-buffer-checked; anatomical-review-pending,CC-BY-4.0,4
HRA:Allen_olfactory_tract_R|right,hra-female,True,unknown-per-component,hra-female-assembly,reference_assembly,source-buffer-checked; anatomical-review-pending,CC-BY-4.0,4
UBERON:0002703,hra-female,True,unknown-per-component,hra-female-assembly,reference_assembly,source-buffer-checked; anatomical-review-pending,CC-BY-4.0,4
UBERON:0002661,hra-female,True,unknown-per-component,hra-female-assembly,reference_assembly,source-buffer-checked; anatomical-review-pending,CC-BY-4.0,4
UBERON:0002702,hra-female,True,unknown-per-component,hra-female-assembly,reference_assembly,source-buffer-checked; anatomical-review-pending,CC-BY-4.0,4
UBERON:0002629,hra-female,True,unknown-per-component,hra-female-assembly,reference_assembly,source-buffer-checked; anatomical-review-pending,CC-BY-4.0,4
UBERON:0002980,hra-female,True,unknown-per-component,hra-female-assembly,reference_assembly,source-buffer-checked; anatomical-review-pending,CC-BY-4.0,4
UBERON:0004671,hra-female,True,unknown-per-component,hra-female-assembly,reference_assembly,source-buffer-checked; anatomical-review-pending,CC-BY-4.0,4
UBERON:0002570,hra-female,True,unknown-per-component,hra-female-assembly,reference_assembly,source-buffer-checked; anatomical-review-pending,CC-BY-4.0,4
UBERON:0002644,hra-female,True,unknown-per-component,hra-female-assembly,reference_assembly,source-buffer-checked; anatomical-review-pending,CC-BY-4.0,4
UBERON:0002644,hra-female,True,unknown-per-component,hra-female-assembly,reference_assembly,source-buffer-checked; anatomical-review-pending,CC-BY-4.0,4
UBERON:0002564,hra-female,True,unknown-per-component,hra-female-assembly,reference_assembly,source-buffer-checked; anatomical-review-pending,CC-BY-4.0,4
UBERON:0035932,hra-female,True,unknown-per-component,hra-female-assembly,reference_assembly,source-buffer-checked; anatomical-review-pending,CC-BY-4.0,4
UBERON:0002947,hra-female,True,unknown-per-component,hra-female-assembly,reference_assembly,source-buffer-checked; anatomical-review-pending,CC-BY-4.0,4
UBERON:0002581,hra-female,True,unknown-per-component,hra-female-assembly,reference_assembly,source-buffer-checked; anatomical-review-pending,CC-BY-4.0,4
HRA:Allen_supraparietal_lobule_R|right,hra-female,True,unknown-per-component,hra-female-assembly,reference_assembly,source-buffer-checked; anatomical-review-pending,CC-BY-4.0,4
HRA:Allen_supramarginal_gyrus_R|right,hra-female,True,unknown-per-component,hra-female-assembly,reference_assembly,source-buffer-checked; anatomical-review-pending,CC-BY-4.0,4
HRA:Allen_angular_gyrus_R|right,hra-female,True,unknown-per-component,hra-female-assembly,reference_assembly,source-buffer-checked; anatomical-review-pending,CC-BY-4.0,4
UBERON:0006093,hra-female,True,unknown-per-component,hra-female-assembly,reference_assembly,source-buffer-checked; anatomical-review-pending,CC-BY-4.0,4
HRA:Allen_paracentral_lobule_caudal_part_R|right,hra-female,True,unknown-per-component,hra-female-assembly,reference_assembly,source-buffer-checked; anatomical-review-pending,CC-BY-4.0,4
UBERON:0002769,hra-female,True,unknown-per-component,hra-female-assembly,reference_assembly,source-buffer-checked; anatomical-review-pending,CC-BY-4.0,4
UBERON:0002771,hra-female,True,unknown-per-component,hra-female-assembly,reference_assembly,source-buffer-checked; anatomical-review-pending,CC-BY-4.0,4
UBERON:0002751,hra-female,True,unknown-per-component,hra-female-assembly,reference_assembly,source-buffer-checked; anatomical-review-pending,CC-BY-4.0,4
HRA:Allen_occipitotemporal_fusiform_gyrus_temporal_part_R|right,hra-female,True,unknown-per-component,hra-female-assembly,reference_assembly,source-buffer-checked; anatomical-review-pending,CC-BY-4.0,4
HRA:Allen_transverse_temporal_gyrus_Heschls_gyrus_R|right,hra-female,True,unknown-per-component,hra-female-assembly,reference_assembly,source-buffer-checked; anatomical-review-pending,CC-BY-4.0,4
UBERON:0022268,hra-female,True,unknown-per-component,hra-female-assembly,reference_assembly,source-buffer-checked; anatomical-review-pending,CC-BY-4.0,4
UBERON:0002576,hra-female,True,unknown-per-component,hra-female-assembly,reference_assembly,source-buffer-checked; anatomical-review-pending,CC-BY-4.0,4
UBERON:0023861,hra-female,True,unknown-per-component,hra-female-assembly,reference_assembly,source-buffer-checked; anatomical-review-pending,CC-BY-4.0,4
UBERON:0002902,hra-female,True,unknown-per-component,hra-female-assembly,reference_assembly,source-buffer-checked; anatomical-review-pending,CC-BY-4.0,4
UBERON:0006092,hra-female,True,unknown-per-component,hra-female-assembly,reference_assembly,source-buffer-checked; anatomical-review-pending,CC-BY-4.0,4
UBERON:0002943,hra-female,True,unknown-per-component,hra-female-assembly,reference_assembly,source-buffer-checked; anatomical-review-pending,CC-BY-4.0,4
UBERON:0022364,hra-female,True,unknown-per-component,hra-female-assembly,reference_assembly,source-buffer-checked; anatomical-review-pending,CC-BY-4.0,4
UBERON:0014608,hra-female,True,unknown-per-component,hra-female-assembly,reference_assembly,source-buffer-checked; anatomical-review-pending,CC-BY-4.0,4
UBERON:0002948,hra-female,True,unknown-per-component,hra-female-assembly,reference_assembly,source-buffer-checked; anatomical-review-pending,CC-BY-4.0,4
UBERON:0002756,hra-female,True,unknown-per-component,hra-female-assembly,reference_assembly,source-buffer-checked; anatomical-review-pending,CC-BY-4.0,4
UBERON:0002740,hra-female,True,unknown-per-component,hra-female-assembly,reference_assembly,source-buffer-checked; anatomical-review-pending,CC-BY-4.0,4
UBERON:0002738,hra-female,True,unknown-per-component,hra-female-assembly,reference_assembly,source-buffer-checked; anatomical-review-pending,CC-BY-4.0,4
UBERON:0003020,hra-female,True,unknown-per-component,hra-female-assembly,reference_assembly,source-buffer-checked; anatomical-review-pending,CC-BY-4.0,4
UBERON:0022383,hra-female,True,unknown-per-component,hra-female-assembly,reference_assembly,source-buffer-checked; anatomical-review-pending,CC-BY-4.0,4
UBERON:0002657,hra-female,True,unknown-per-component,hra-female-assembly,reference_assembly,source-buffer-checked; anatomical-review-pending,CC-BY-4.0,4
HRA:Allen_gyrus_ambiens_R|right,hra-female,True,unknown-per-component,hra-female-assembly,reference_assembly,source-buffer-checked; anatomical-review-pending,CC-BY-4.0,4
HRA:Allen_head_of_hippocampus_R|right,hra-female,True,unknown-per-component,hra-female-assembly,reference_assembly,source-buffer-checked; anatomical-review-pending,CC-BY-4.0,4
HRA:Allen_body_of_hippocampus_R|right,hra-female,True,unknown-per-component,hra-female-assembly,reference_assembly,source-buffer-checked; anatomical-review-pending,CC-BY-4.0,4
HRA:Allen_tail_of_hippocampus_R|right,hra-female,True,unknown-per-component,hra-female-assembly,reference_assembly,source-buffer-checked; anatomical-review-pending,CC-BY-4.0,4
HRA:Allen_long_insular_gyri_R|right,hra-female,True,unknown-per-component,hra-female-assembly,reference_assembly,source-buffer-checked; anatomical-review-pending,CC-BY-4.0,4
HRA:Allen_short_insular_gyri_R|right,hra-female,True,unknown-per-component,hra-female-assembly,reference_assembly,source-buffer-checked; anatomical-review-pending,CC-BY-4.0,4
HRA:Allen_limen_insula_R|right,hra-female,True,unknown-per-component,hra-female-assembly,reference_assembly,source-buffer-checked; anatomical-review-pending,CC-BY-4.0,4
HRA:Allen_pretectal_region_R|right,hra-female,True,unknown-per-component,hra-female-assembly,reference_assembly,source-buffer-checked; anatomical-review-pending,CC-BY-4.0,4
UBERON:0001947,hra-female,True,unknown-per-component,hra-female-assembly,reference_assembly,source-buffer-checked; anatomical-review-pending,CC-BY-4.0,4
UBERON:0002038,hra-female,True,unknown-per-component,hra-female-assembly,reference_assembly,source-buffer-checked; anatomical-review-pending,CC-BY-4.0,4
UBERON:0001945,hra-female,True,unknown-per-component,hra-female-assembly,reference_assembly,source-buffer-checked; anatomical-review-pending,CC-BY-4.0,4
UBERON:0001946,hra-female,True,unknown-per-component,hra-female-assembly,reference_assembly,source-buffer-checked; anatomical-review-pending,CC-BY-4.0,4
UBERON:0002623,hra-female,True,unknown-per-component,hra-female-assembly,reference_assembly,source-buffer-checked; anatomical-review-pending,CC-BY-4.0,4
HRA:Allen_superior_cerebellar_peduncle_brachium_conjunctivum_R|right,hra-female,True,unknown-per-component,hra-female-assembly,reference_assembly,source-buffer-checked; anatomical-review-pending,CC-BY-4.0,4
HRA:Allen_cerebral_aqueduct_R|right,hra-female,True,unknown-per-component,hra-female-assembly,reference_assembly,source-buffer-checked; anatomical-review-pending,CC-BY-4.0,4
HRA:Allen_paravermis_of_cerebellum_R|right,hra-female,True,unknown-per-component,hra-female-assembly,reference_assembly,source-buffer-checked; anatomical-review-pending,CC-BY-4.0,4
HRA:Allen_lateral_hemisphere_of_cerebellum_R|right,hra-female,True,unknown-per-component,hra-female-assembly,reference_assembly,source-buffer-checked; anatomical-review-pending,CC-BY-4.0,4
UBERON:0002151,hra-female,True,unknown-per-component,hra-female-assembly,reference_assembly,source-buffer-checked; anatomical-review-pending,CC-BY-4.0,4
UBERON:0003023,hra-female,True,unknown-per-component,hra-female-assembly,reference_assembly,source-buffer-checked; anatomical-review-pending,CC-BY-4.0,4
HRA:Allen_pyramidal_part_of_medulla_oblongata_R|right,hra-female,True,unknown-per-component,hra-female-assembly,reference_assembly,source-buffer-checked; anatomical-review-pending,CC-BY-4.0,4
HRA:Allen_tegmentum_of_medulla_oblongata_R|right,hra-female,True,unknown-per-component,hra-female-assembly,reference_assembly,source-buffer-checked; anatomical-review-pending,CC-BY-4.0,4
HRA:Allen_inferior_olive_R|right,hra-female,True,unknown-per-component,hra-female-assembly,reference_assembly,source-buffer-checked; anatomical-review-pending,CC-BY-4.0,4
HRA:Allen_inferior_cerebellar_peduncle_R|right,hra-female,True,unknown-per-component,hra-female-assembly,reference_assembly,source-buffer-checked; anatomical-review-pending,CC-BY-4.0,4
HRA:Allen_middle_cerebellar_peduncle_R|right,hra-female,True,unknown-per-component,hra-female-assembly,reference_assembly,source-buffer-checked; anatomical-review-pending,CC-BY-4.0,4
UBERON:0002422,hra-female,True,unknown-per-component,hra-female-assembly,reference_assembly,source-buffer-checked; anatomical-review-pending,CC-BY-4.0,4
HRA:Allen_central_canal_of_medulla_oblongata_R|right,hra-female,True,unknown-per-component,hra-female-assembly,reference_assembly,source-buffer-checked; anatomical-review-pending,CC-BY-4.0,4
HRA:Allen_midline_nuclear_complex_R|right,hra-female,True,unknown-per-component,hra-female-assembly,reference_assembly,source-buffer-checked; anatomical-review-pending,CC-BY-4.0,4
HRA:Allen_lateral_olfactory_gyrus_R|right,hra-female,True,unknown-per-component,hra-female-assembly,reference_assembly,source-buffer-checked; anatomical-review-pending,CC-BY-4.0,4
UBERON:0002911,hra-female,True,unknown-per-component,hra-female-assembly,reference_assembly,source-buffer-checked; anatomical-review-pending,CC-BY-4.0,4
UBERON:0022264,hra-female,True,unknown-per-component,hra-female-assembly,reference_assembly,source-buffer-checked; anatomical-review-pending,CC-BY-4.0,4
HRA:Allen_posteroventral_putamen_R|right,hra-female,True,unknown-per-component,hra-female-assembly,reference_assembly,source-buffer-checked; anatomical-review-pending,CC-BY-4.0,4
HRA:Allen_atrium_of_lateral_ventricle_R|right,hra-female,True,unknown-per-component,hra-female-assembly,reference_assembly,source-buffer-checked; anatomical-review-pending,CC-BY-4.0,4
HRA:Allen_paracingulate_gyrus_R|right,hra-female,True,unknown-per-component,hra-female-assembly,reference_assembly,source-buffer-checked; anatomical-review-pending,CC-BY-4.0,4
HRA:Allen_rostral_gyrus_R|right,hra-female,True,unknown-per-component,hra-female-assembly,reference_assembly,source-buffer-checked; anatomical-review-pending,CC-BY-4.0,4
HRA:Allen_frontomarginal_gyrus_R|right,hra-female,True,unknown-per-component,hra-female-assembly,reference_assembly,source-buffer-checked; anatomical-review-pending,CC-BY-4.0,4
HRA:Allen_frontal_pole_R|right,hra-female,True,unknown-per-component,hra-female-assembly,reference_assembly,source-buffer-checked; anatomical-review-pending,CC-BY-4.0,4
HRA:Allen_perirhinal_gyrus_rostral_part_of_FuGt_R|right,hra-female,True,unknown-per-component,hra-female-assembly,reference_assembly,source-buffer-checked; anatomical-review-pending,CC-BY-4.0,4
UBERON:0001898,hra-female,True,unknown-per-component,hra-female-assembly,reference_assembly,source-buffer-checked; anatomical-review-pending,CC-BY-4.0,4
UBERON:0001898,hra-female,True,unknown-per-component,hra-female-assembly,reference_assembly,source-buffer-checked; anatomical-review-pending,CC-BY-4.0,4
HRA:Allen_subthalamic_nucleus_R|right,hra-female,True,unknown-per-component,hra-female-assembly,reference_assembly,source-buffer-checked; anatomical-review-pending,CC-BY-4.0,4
HRA:Allen_mammillary_region_of_HTH_R|right,hra-female,True,unknown-per-component,hra-female-assembly,reference_assembly,source-buffer-checked; anatomical-review-pending,CC-BY-4.0,4
HRA:Allen_midbrain_tegmentum_R|right,hra-female,True,unknown-per-component,hra-female-assembly,reference_assembly,source-buffer-checked; anatomical-review-pending,CC-BY-4.0,4
HRA:Allen_tuberal_region_of_HTH_R|right,hra-female,True,unknown-per-component,hra-female-assembly,reference_assembly,source-buffer-checked; anatomical-review-pending,CC-BY-4.0,4
HRA:Allen_preoptic_region_of_HTH_R|right,hra-female,True,unknown-per-component,hra-female-assembly,reference_assembly,source-buffer-checked; anatomical-review-pending,CC-BY-4.0,4
HRA:Allen_midbrain_tegmentum_L|left,hra-female,True,unknown-per-component,hra-female-assembly,reference_assembly,source-buffer-checked; anatomical-review-pending,CC-BY-4.0,4
UBERON:0001947,hra-female,True,unknown-per-component,hra-female-assembly,reference_assembly,source-buffer-checked; anatomical-review-pending,CC-BY-4.0,4
UBERON:0001946,hra-female,True,unknown-per-component,hra-female-assembly,reference_assembly,source-buffer-checked; anatomical-review-pending,CC-BY-4.0,4
HRA:Allen_mammillary_region_of_HTH_L|left,hra-female,True,unknown-per-component,hra-female-assembly,reference_assembly,source-buffer-checked; anatomical-review-pending,CC-BY-4.0,4
HRA:Allen_subthalamic_nucleus_L|left,hra-female,True,unknown-per-component,hra-female-assembly,reference_assembly,source-buffer-checked; anatomical-review-pending,CC-BY-4.0,4
UBERON:0006469,hra-female,True,unknown-per-component,hra-female-assembly,reference_assembly,source-buffer-checked; anatomical-review-pending,CC-BY-4.0,4
UBERON:0006489,hra-female,True,unknown-per-component,hra-female-assembly,reference_assembly,source-buffer-checked; anatomical-review-pending,CC-BY-4.0,4
UBERON:0006488,hra-female,True,unknown-per-component,hra-female-assembly,reference_assembly,source-buffer-checked; anatomical-review-pending,CC-BY-4.0,4
UBERON:0006490,hra-female,True,unknown-per-component,hra-female-assembly,reference_assembly,source-buffer-checked; anatomical-review-pending,CC-BY-4.0,4
UBERON:0006491,hra-female,True,unknown-per-component,hra-female-assembly,reference_assembly,source-buffer-checked; anatomical-review-pending,CC-BY-4.0,4
UBERON:0006492,hra-female,True,unknown-per-component,hra-female-assembly,reference_assembly,source-buffer-checked; anatomical-review-pending,CC-BY-4.0,4
UBERON:0006493,hra-female,True,unknown-per-component,hra-female-assembly,reference_assembly,source-buffer-checked; anatomical-review-pending,CC-BY-4.0,4
UBERON:0006470,hra-female,True,unknown-per-component,hra-female-assembly,reference_assembly,source-buffer-checked; anatomical-review-pending,CC-BY-4.0,4
UBERON:0006457,hra-female,True,unknown-per-component,hra-female-assembly,reference_assembly,source-buffer-checked; anatomical-review-pending,CC-BY-4.0,4
UBERON:0006458,hra-female,True,unknown-per-component,hra-female-assembly,reference_assembly,source-buffer-checked; anatomical-review-pending,CC-BY-4.0,4
UBERON:0006459,hra-female,True,unknown-per-component,hra-female-assembly,reference_assembly,source-buffer-checked; anatomical-review-pending,CC-BY-4.0,4
UBERON:0006452,hra-female,True,unknown-per-component,hra-female-assembly,reference_assembly,source-buffer-checked; anatomical-review-pending,CC-BY-4.0,4
UBERON:0006453,hra-female,True,unknown-per-component,hra-female-assembly,reference_assembly,source-buffer-checked; anatomical-review-pending,CC-BY-4.0,4
UBERON:0006455,hra-female,True,unknown-per-component,hra-female-assembly,reference_assembly,source-buffer-checked; anatomical-review-pending,CC-BY-4.0,4
UBERON:0006456,hra-female,True,unknown-per-component,hra-female-assembly,reference_assembly,source-buffer-checked; anatomical-review-pending,CC-BY-4.0,4
UBERON:0006454,hra-female,True,unknown-per-component,hra-female-assembly,reference_assembly,source-buffer-checked; anatomical-review-pending,CC-BY-4.0,4
UBERON:0006465,hra-female,True,unknown-per-component,hra-female-assembly,reference_assembly,source-buffer-checked; anatomical-review-pending,CC-BY-4.0,4
UBERON:0006466,hra-female,True,unknown-per-component,hra-female-assembly,reference_assembly,source-buffer-checked; anatomical-review-pending,CC-BY-4.0,4
UBERON:0006467,hra-female,True,unknown-per-component,hra-female-assembly,reference_assembly,source-buffer-checked; anatomical-review-pending,CC-BY-4.0,4
UBERON:0006468,hra-female,True,unknown-per-component,hra-female-assembly,reference_assembly,source-buffer-checked; anatomical-review-pending,CC-BY-4.0,4
UBERON:0006448,hra-female,True,unknown-per-component,hra-female-assembly,reference_assembly,source-buffer-checked; anatomical-review-pending,CC-BY-4.0,4
UBERON:0006450,hra-female,True,unknown-per-component,hra-female-assembly,reference_assembly,source-buffer-checked; anatomical-review-pending,CC-BY-4.0,4
UBERON:0006449,hra-female,True,unknown-per-component,hra-female-assembly,reference_assembly,source-buffer-checked; anatomical-review-pending,CC-BY-4.0,4
UBERON:0006451,hra-female,True,unknown-per-component,hra-female-assembly,reference_assembly,source-buffer-checked; anatomical-review-pending,CC-BY-4.0,4
UBERON:0006447,hra-female,True,unknown-per-component,hra-female-assembly,reference_assembly,source-buffer-checked; anatomical-review-pending,CC-BY-4.0,4
UBERON:0006460,hra-female,True,unknown-per-component,hra-female-assembly,reference_assembly,source-buffer-checked; anatomical-review-pending,CC-BY-4.0,4
UBERON:0006461,hra-female,True,unknown-per-component,hra-female-assembly,reference_assembly,source-buffer-checked; anatomical-review-pending,CC-BY-4.0,4
UBERON:0006462,hra-female,True,unknown-per-component,hra-female-assembly,reference_assembly,source-buffer-checked; anatomical-review-pending,CC-BY-4.0,4
UBERON:0006463,hra-female,True,unknown-per-component,hra-female-assembly,reference_assembly,source-buffer-checked; anatomical-review-pending,CC-BY-4.0,4
UBERON:0001602|left,hra-female,True,unknown-per-component,hra-female-assembly,reference_assembly,source-buffer-checked; anatomical-review-pending,CC-BY-4.0,4
UBERON:0006322|left,hra-female,True,unknown-per-component,hra-female-assembly,reference_assembly,source-buffer-checked; anatomical-review-pending,CC-BY-4.0,4
UBERON:0006323|left,hra-female,True,unknown-per-component,hra-female-assembly,reference_assembly,source-buffer-checked; anatomical-review-pending,CC-BY-4.0,4
UBERON:0006320|left,hra-female,True,unknown-per-component,hra-female-assembly,reference_assembly,source-buffer-checked; anatomical-review-pending,CC-BY-4.0,4
UBERON:0001603|left,hra-female,True,unknown-per-component,hra-female-assembly,reference_assembly,source-buffer-checked; anatomical-review-pending,CC-BY-4.0,4
UBERON:0006321|left,hra-female,True,unknown-per-component,hra-female-assembly,reference_assembly,source-buffer-checked; anatomical-review-pending,CC-BY-4.0,4
UBERON:0001602|right,hra-female,True,unknown-per-component,hra-female-assembly,reference_assembly,source-buffer-checked; anatomical-review-pending,CC-BY-4.0,4
UBERON:0006322|right,hra-female,True,unknown-per-component,hra-female-assembly,reference_assembly,source-buffer-checked; anatomical-review-pending,CC-BY-4.0,4
UBERON:0006323|right,hra-female,True,unknown-per-component,hra-female-assembly,reference_assembly,source-buffer-checked; anatomical-review-pending,CC-BY-4.0,4
UBERON:0006320|right,hra-female,True,unknown-per-component,hra-female-assembly,reference_assembly,source-buffer-checked; anatomical-review-pending,CC-BY-4.0,4
UBERON:0001603|right,hra-female,True,unknown-per-component,hra-female-assembly,reference_assembly,source-buffer-checked; anatomical-review-pending,CC-BY-4.0,4
UBERON:0006321|right,hra-female,True,unknown-per-component,hra-female-assembly,reference_assembly,source-buffer-checked; anatomical-review-pending,CC-BY-4.0,4
UBERON:0001378|left,hra-female,True,unknown-per-component,hra-female-assembly,reference_assembly,source-buffer-checked; anatomical-review-pending,CC-BY-4.0,4
UBERON:0014848|left,hra-female,True,unknown-per-component,hra-female-assembly,reference_assembly,source-buffer-checked; anatomical-review-pending,CC-BY-4.0,4
UBERON:0001378|right,hra-female,True,unknown-per-component,hra-female-assembly,reference_assembly,source-buffer-checked; anatomical-review-pending,CC-BY-4.0,4
UBERON:0014848|right,hra-female,True,unknown-per-component,hra-female-assembly,reference_assembly,source-buffer-checked; anatomical-review-pending,CC-BY-4.0,4
HRA:VH_F_basal_plate,hra-female,True,unknown-per-component,hra-female-assembly,reference_assembly,source-buffer-checked; anatomical-review-pending,CC-BY-4.0,4
UBERON:0004027,hra-female,True,unknown-per-component,hra-female-assembly,reference_assembly,source-buffer-checked; anatomical-review-pending,CC-BY-4.0,4
HRA:VH_F_placenta_vessels,hra-female,True,unknown-per-component,hra-female-assembly,reference_assembly,source-buffer-checked; anatomical-review-pending,CC-BY-4.0,4
UBERON:0000305,hra-female,True,unknown-per-component,hra-female-assembly,reference_assembly,source-buffer-checked; anatomical-review-pending,CC-BY-4.0,4
UBERON:0002331,hra-female,True,unknown-per-component,hra-female-assembly,reference_assembly,source-buffer-checked; anatomical-review-pending,CC-BY-4.0,4
UBERON:0001310,hra-female,True,unknown-per-component,hra-female-assembly,reference_assembly,source-buffer-checked; anatomical-review-pending,CC-BY-4.0,4
UBERON:0001310,hra-female,True,unknown-per-component,hra-female-assembly,reference_assembly,source-buffer-checked; anatomical-review-pending,CC-BY-4.0,4
UBERON:0002066,hra-female,True,unknown-per-component,hra-female-assembly,reference_assembly,source-buffer-checked; anatomical-review-pending,CC-BY-4.0,4
UBERON:0000996,hra-female,True,unknown-per-component,hra-female-assembly,reference_assembly,source-buffer-checked; anatomical-review-pending,CC-BY-4.0,4
HRA:VH_F_cervicovaginal_junction,hra-female,True,unknown-per-component,hra-female-assembly,reference_assembly,source-buffer-checked; anatomical-review-pending,CC-BY-4.0,4
UBERON:0012648|right,hra-female,True,unknown-per-component,hra-female-assembly,reference_assembly,source-buffer-checked; anatomical-review-pending,CC-BY-4.0,4
UBERON:0016632|right,hra-female,True,unknown-per-component,hra-female-assembly,reference_assembly,source-buffer-checked; anatomical-review-pending,CC-BY-4.0,4
UBERON:8410010|right,hra-female,True,unknown-per-component,hra-female-assembly,reference_assembly,source-buffer-checked; anatomical-review-pending,CC-BY-4.0,4
UBERON:0003984|right,hra-female,True,unknown-per-component,hra-female-assembly,reference_assembly,source-buffer-checked; anatomical-review-pending,CC-BY-4.0,4
UBERON:0003984|left,hra-female,True,unknown-per-component,hra-female-assembly,reference_assembly,source-buffer-checked; anatomical-review-pending,CC-BY-4.0,4
UBERON:8410010|left,hra-female,True,unknown-per-component,hra-female-assembly,reference_assembly,source-buffer-checked; anatomical-review-pending,CC-BY-4.0,4
UBERON:0016632|left,hra-female,True,unknown-per-component,hra-female-assembly,reference_assembly,source-buffer-checked; anatomical-review-pending,CC-BY-4.0,4
UBERON:0012648|left,hra-female,True,unknown-per-component,hra-female-assembly,reference_assembly,source-buffer-checked; anatomical-review-pending,CC-BY-4.0,4
FMA:14729,hra-female,True,unknown-per-component,hra-female-assembly,reference_assembly,source-buffer-checked; anatomical-review-pending,CC-BY-4.0,4
UBERON:0006589|right,hra-female,True,unknown-per-component,hra-female-assembly,reference_assembly,source-buffer-checked; anatomical-review-pending,CC-BY-4.0,4
UBERON:0006589|left,hra-female,True,unknown-per-component,hra-female-assembly,reference_assembly,source-buffer-checked; anatomical-review-pending,CC-BY-4.0,4
FMA:19111|right,hra-female,True,unknown-per-component,hra-female-assembly,reference_assembly,source-buffer-checked; anatomical-review-pending,CC-BY-4.0,4
FMA:19111|left,hra-female,True,unknown-per-component,hra-female-assembly,reference_assembly,source-buffer-checked; anatomical-review-pending,CC-BY-4.0,4
FMA:77064,hra-female,True,unknown-per-component,hra-female-assembly,reference_assembly,source-buffer-checked; anatomical-review-pending,CC-BY-4.0,4
FMA:77064,hra-female,True,unknown-per-component,hra-female-assembly,reference_assembly,source-buffer-checked; anatomical-review-pending,CC-BY-4.0,4
UBERON:0006649|right,hra-female,True,unknown-per-component,hra-female-assembly,reference_assembly,source-buffer-checked; anatomical-review-pending,CC-BY-4.0,4
UBERON:0006649|left,hra-female,True,unknown-per-component,hra-female-assembly,reference_assembly,source-buffer-checked; anatomical-review-pending,CC-BY-4.0,4
UBERON:0008847|left,hra-female,True,unknown-per-component,hra-female-assembly,reference_assembly,source-buffer-checked; anatomical-review-pending,CC-BY-4.0,4
UBERON:0008847|right,hra-female,True,unknown-per-component,hra-female-assembly,reference_assembly,source-buffer-checked; anatomical-review-pending,CC-BY-4.0,4
UBERON:0012332,hra-female,True,unknown-per-component,hra-female-assembly,reference_assembly,source-buffer-checked; anatomical-review-pending,CC-BY-4.0,4
UBERON:0012331|left,hra-female,True,unknown-per-component,hra-female-assembly,reference_assembly,source-buffer-checked; anatomical-review-pending,CC-BY-4.0,4
UBERON:0012331|right,hra-female,True,unknown-per-component,hra-female-assembly,reference_assembly,source-buffer-checked; anatomical-review-pending,CC-BY-4.0,4
UBERON:0001342|right,hra-female,True,unknown-per-component,hra-female-assembly,reference_assembly,source-buffer-checked; anatomical-review-pending,CC-BY-4.0,4
UBERON:0001342|left,hra-female,True,unknown-per-component,hra-female-assembly,reference_assembly,source-buffer-checked; anatomical-review-pending,CC-BY-4.0,4
UBERON:0000992|left,hra-female,True,unknown-per-component,hra-female-assembly,reference_assembly,source-buffer-checked; anatomical-review-pending,CC-BY-4.0,4
UBERON:0000992|right,hra-female,True,unknown-per-component,hra-female-assembly,reference_assembly,source-buffer-checked; anatomical-review-pending,CC-BY-4.0,4
FMA:77049,hra-female,True,unknown-per-component,hra-female-assembly,reference_assembly,source-buffer-checked; anatomical-review-pending,CC-BY-4.0,4
UBERON:0009853,hra-female,True,unknown-per-component,hra-female-assembly,reference_assembly,source-buffer-checked; anatomical-review-pending,CC-BY-4.0,4
FMA:17561,hra-female,True,unknown-per-component,hra-female-assembly,reference_assembly,source-buffer-checked; anatomical-review-pending,CC-BY-4.0,4
HRA:VH_F_cornua,hra-female,True,unknown-per-component,hra-female-assembly,reference_assembly,source-buffer-checked; anatomical-review-pending,CC-BY-4.0,4
FMA:17752,hra-female,True,unknown-per-component,hra-female-assembly,reference_assembly,source-buffer-checked; anatomical-review-pending,CC-BY-4.0,4
FMA:224878,hra-female,True,unknown-per-component,hra-female-assembly,reference_assembly,source-buffer-checked; anatomical-review-pending,CC-BY-4.0,4
FMA:224876,hra-female,True,unknown-per-component,hra-female-assembly,reference_assembly,source-buffer-checked; anatomical-review-pending,CC-BY-4.0,4
UBERON:0000002,hra-female,True,unknown-per-component,hra-female-assembly,reference_assembly,source-buffer-checked; anatomical-review-pending,CC-BY-4.0,4
UBERON:0013759,hra-female,True,unknown-per-component,hra-female-assembly,reference_assembly,source-buffer-checked; anatomical-review-pending,CC-BY-4.0,4
UBERON:0013760,hra-female,True,unknown-per-component,hra-female-assembly,reference_assembly,source-buffer-checked; anatomical-review-pending,CC-BY-4.0,4
UBERON:0002373|left,hra-female,True,unknown-per-component,hra-female-assembly,reference_assembly,source-buffer-checked; anatomical-review-pending,CC-BY-4.0,4
UBERON:0002373|right,hra-female,True,unknown-per-component,hra-female-assembly,reference_assembly,source-buffer-checked; anatomical-review-pending,CC-BY-4.0,4
UBERON:0022277,hra-female,True,unknown-per-component,hra-female-assembly,reference_assembly,source-buffer-checked; anatomical-review-pending,CC-BY-4.0,4
UBERON:0001157,hra-female,True,unknown-per-component,hra-female-assembly,reference_assembly,source-buffer-checked; anatomical-review-pending,CC-BY-4.0,4
UBERON:0001156,hra-female,True,unknown-per-component,hra-female-assembly,reference_assembly,source-buffer-checked; anatomical-review-pending,CC-BY-4.0,4
UBERON:0001154,hra-female,True,unknown-per-component,hra-female-assembly,reference_assembly,source-buffer-checked; anatomical-review-pending,CC-BY-4.0,4
UBERON:0001158,hra-female,True,unknown-per-component,hra-female-assembly,reference_assembly,source-buffer-checked; anatomical-review-pending,CC-BY-4.0,4
UBERON:0000569,hra-female,True,unknown-per-component,hra-female-assembly,reference_assembly,source-buffer-checked; anatomical-review-pending,CC-BY-4.0,4
UBERON:0001153,hra-female,True,unknown-per-component,hra-female-assembly,reference_assembly,source-buffer-checked; anatomical-review-pending,CC-BY-4.0,4
UBERON:0001052,hra-female,True,unknown-per-component,hra-female-assembly,reference_assembly,source-buffer-checked; anatomical-review-pending,CC-BY-4.0,4
UBERON:0001159,hra-female,True,unknown-per-component,hra-female-assembly,reference_assembly,source-buffer-checked; anatomical-review-pending,CC-BY-4.0,4
UBERON:0022276,hra-female,True,unknown-per-component,hra-female-assembly,reference_assembly,source-buffer-checked; anatomical-review-pending,CC-BY-4.0,4
FMA:7206,hra-female,True,unknown-per-component,hra-female-assembly,reference_assembly,source-buffer-checked; anatomical-review-pending,CC-BY-4.0,4
UBERON:0013644,hra-female,True,unknown-per-component,hra-female-assembly,reference_assembly,source-buffer-checked; anatomical-review-pending,CC-BY-4.0,4
FMA:14928,hra-female,True,unknown-per-component,hra-female-assembly,reference_assembly,source-buffer-checked; anatomical-review-pending,CC-BY-4.0,4
FMA:15077,hra-female,True,unknown-per-component,hra-female-assembly,reference_assembly,source-buffer-checked; anatomical-review-pending,CC-BY-4.0,4
FMA:14930,hra-female,True,unknown-per-component,hra-female-assembly,reference_assembly,source-buffer-checked; anatomical-review-pending,CC-BY-4.0,4
FMA:14929,hra-female,True,unknown-per-component,hra-female-assembly,reference_assembly,source-buffer-checked; anatomical-review-pending,CC-BY-4.0,4
UBERON:0002115,hra-female,True,unknown-per-component,hra-female-assembly,reference_assembly,source-buffer-checked; anatomical-review-pending,CC-BY-4.0,4
UBERON:0002116,hra-female,True,unknown-per-component,hra-female-assembly,reference_assembly,source-buffer-checked; anatomical-review-pending,CC-BY-4.0,4
FMA:14966,hra-female,True,unknown-per-component,hra-female-assembly,reference_assembly,source-buffer-checked; anatomical-review-pending,CC-BY-4.0,4
UBERON:0001176|right,hra-female,True,unknown-per-component,hra-female-assembly,reference_assembly,source-buffer-checked; anatomical-review-pending,CC-BY-4.0,4
UBERON:0001177|left,hra-female,True,unknown-per-component,hra-female-assembly,reference_assembly,source-buffer-checked; anatomical-review-pending,CC-BY-4.0,4
UBERON:0001175,hra-female,True,unknown-per-component,hra-female-assembly,reference_assembly,source-buffer-checked; anatomical-review-pending,CC-BY-4.0,4
UBERON:0004913,hra-female,True,unknown-per-component,hra-female-assembly,reference_assembly,source-buffer-checked; anatomical-review-pending,CC-BY-4.0,4
UBERON:0005429,hra-female,True,unknown-per-component,hra-female-assembly,reference_assembly,source-buffer-checked; anatomical-review-pending,CC-BY-4.0,4
UBERON:0001174,hra-female,True,unknown-per-component,hra-female-assembly,reference_assembly,source-buffer-checked; anatomical-review-pending,CC-BY-4.0,4
UBERON:0001064,hra-female,True,unknown-per-component,hra-female-assembly,reference_assembly,source-buffer-checked; anatomical-review-pending,CC-BY-4.0,4
UBERON:0001152,hra-female,True,unknown-per-component,hra-female-assembly,reference_assembly,source-buffer-checked; anatomical-review-pending,CC-BY-4.0,4
FMA:14487,hra-female,True,unknown-per-component,hra-female-assembly,reference_assembly,source-buffer-checked; anatomical-review-pending,CC-BY-4.0,4
FMA:14489,hra-female,True,unknown-per-component,hra-female-assembly,reference_assembly,source-buffer-checked; anatomical-review-pending,CC-BY-4.0,4
FMA:14488,hra-female,True,unknown-per-component,hra-female-assembly,reference_assembly,source-buffer-checked; anatomical-review-pending,CC-BY-4.0,4
FMA:14485,hra-female,True,unknown-per-component,hra-female-assembly,reference_assembly,source-buffer-checked; anatomical-review-pending,CC-BY-4.0,4
FMA:14486,hra-female,True,unknown-per-component,hra-female-assembly,reference_assembly,source-buffer-checked; anatomical-review-pending,CC-BY-4.0,4
FMA:15758,hra-female,True,unknown-per-component,hra-female-assembly,reference_assembly,source-buffer-checked; anatomical-review-pending,CC-BY-4.0,4
FMA:14484,hra-female,True,unknown-per-component,hra-female-assembly,reference_assembly,source-buffer-checked; anatomical-review-pending,CC-BY-4.0,4
UBERON:0016479,hra-female,True,unknown-per-component,hra-female-assembly,reference_assembly,source-buffer-checked; anatomical-review-pending,CC-BY-4.0,4
UBERON:0001149,hra-female,True,unknown-per-component,hra-female-assembly,reference_assembly,source-buffer-checked; anatomical-review-pending,CC-BY-4.0,4
FMA:15729,hra-female,True,unknown-per-component,hra-female-assembly,reference_assembly,source-buffer-checked; anatomical-review-pending,CC-BY-4.0,4
HRA:VH_F_left_anterolateral_segment|left,hra-female,True,unknown-per-component,hra-female-assembly,reference_assembly,source-buffer-checked; anatomical-review-pending,CC-BY-4.0,4
HRA:VH_F_left_superomedial_segment|left,hra-female,True,unknown-per-component,hra-female-assembly,reference_assembly,source-buffer-checked; anatomical-review-pending,CC-BY-4.0,4
HRA:VH_F_left_superomedial_segment1|left,hra-female,True,unknown-per-component,hra-female-assembly,reference_assembly,source-buffer-checked; anatomical-review-pending,CC-BY-4.0,4
HRA:VH_F_left_inferomedial_segment|left,hra-female,True,unknown-per-component,hra-female-assembly,reference_assembly,source-buffer-checked; anatomical-review-pending,CC-BY-4.0,4
UBERON:0001116,hra-female,True,unknown-per-component,hra-female-assembly,reference_assembly,source-buffer-checked; anatomical-review-pending,CC-BY-4.0,4
HRA:VH_F_right_anterosuperior_segment|right,hra-female,True,unknown-per-component,hra-female-assembly,reference_assembly,source-buffer-checked; anatomical-review-pending,CC-BY-4.0,4
HRA:VH_F_right_posteroinferior_segment|right,hra-female,True,unknown-per-component,hra-female-assembly,reference_assembly,source-buffer-checked; anatomical-review-pending,CC-BY-4.0,4
HRA:VH_F_right_posterosuperior_segment|right,hra-female,True,unknown-per-component,hra-female-assembly,reference_assembly,source-buffer-checked; anatomical-review-pending,CC-BY-4.0,4
HRA:VH_F_right_anteroinferior_segment|right,hra-female,True,unknown-per-component,hra-female-assembly,reference_assembly,source-buffer-checked; anatomical-review-pending,CC-BY-4.0,4
UBERON:0001117,hra-female,True,unknown-per-component,hra-female-assembly,reference_assembly,source-buffer-checked; anatomical-review-pending,CC-BY-4.0,4
UBERON:0013138,hra-female,True,unknown-per-component,hra-female-assembly,reference_assembly,source-buffer-checked; anatomical-review-pending,CC-BY-4.0,4
UBERON:0001247,hra-female,True,unknown-per-component,hra-female-assembly,reference_assembly,source-buffer-checked; anatomical-review-pending,CC-BY-4.0,4
UBERON:0035444,hra-female,True,unknown-per-component,hra-female-assembly,reference_assembly,source-buffer-checked; anatomical-review-pending,CC-BY-4.0,4
UBERON:0006587,hra-female,True,unknown-per-component,hra-female-assembly,reference_assembly,source-buffer-checked; anatomical-review-pending,CC-BY-4.0,4
UBERON:0006588,hra-female,True,unknown-per-component,hra-female-assembly,reference_assembly,source-buffer-checked; anatomical-review-pending,CC-BY-4.0,4
UBERON:0012472,hra-female,True,unknown-per-component,hra-female-assembly,reference_assembly,source-buffer-checked; anatomical-review-pending,CC-BY-4.0,4
UBERON:0001151,hra-female,True,unknown-per-component,hra-female-assembly,reference_assembly,source-buffer-checked; anatomical-review-pending,CC-BY-4.0,4
UBERON:0001150,hra-female,True,unknown-per-component,hra-female-assembly,reference_assembly,source-buffer-checked; anatomical-review-pending,CC-BY-4.0,4
UBERON:0010373,hra-female,True,unknown-per-component,hra-female-assembly,reference_assembly,source-buffer-checked; anatomical-review-pending,CC-BY-4.0,4
UBERON:0001069,hra-female,True,unknown-per-component,hra-female-assembly,reference_assembly,source-buffer-checked; anatomical-review-pending,CC-BY-4.0,4
FMA:14517,hra-female,True,unknown-per-component,hra-female-assembly,reference_assembly,source-buffer-checked; anatomical-review-pending,CC-BY-4.0,4
UBERON:0002110,hra-female,True,unknown-per-component,hra-female-assembly,reference_assembly,source-buffer-checked; anatomical-review-pending,CC-BY-4.0,4
UBERON:0002015,hra-female,True,unknown-per-component,hra-female-assembly,reference_assembly,source-buffer-checked; anatomical-review-pending,CC-BY-4.0,4
UBERON:0008716,hra-female,True,unknown-per-component,hra-female-assembly,reference_assembly,source-buffer-checked; anatomical-review-pending,CC-BY-4.0,4
UBERON:0001228,hra-female,True,unknown-per-component,hra-female-assembly,reference_assembly,source-buffer-checked; anatomical-review-pending,CC-BY-4.0,4
UBERON:0001228,hra-female,True,unknown-per-component,hra-female-assembly,reference_assembly,source-buffer-checked; anatomical-review-pending,CC-BY-4.0,4
UBERON:0001228,hra-female,True,unknown-per-component,hra-female-assembly,reference_assembly,source-buffer-checked; anatomical-review-pending,CC-BY-4.0,4
UBERON:0001228,hra-female,True,unknown-per-component,hra-female-assembly,reference_assembly,source-buffer-checked; anatomical-review-pending,CC-BY-4.0,4
UBERON:0001228,hra-female,True,unknown-per-component,hra-female-assembly,reference_assembly,source-buffer-checked; anatomical-review-pending,CC-BY-4.0,4
UBERON:0001228,hra-female,True,unknown-per-component,hra-female-assembly,reference_assembly,source-buffer-checked; anatomical-review-pending,CC-BY-4.0,4
UBERON:0001228,hra-female,True,unknown-per-component,hra-female-assembly,reference_assembly,source-buffer-checked; anatomical-review-pending,CC-BY-4.0,4
UBERON:0001228,hra-female,True,unknown-per-component,hra-female-assembly,reference_assembly,source-buffer-checked; anatomical-review-pending,CC-BY-4.0,4
UBERON:0001228,hra-female,True,unknown-per-component,hra-female-assembly,reference_assembly,source-buffer-checked; anatomical-review-pending,CC-BY-4.0,4
UBERON:0001228,hra-female,True,unknown-per-component,hra-female-assembly,reference_assembly,source-buffer-checked; anatomical-review-pending,CC-BY-4.0,4
UBERON:0001228,hra-female,True,unknown-per-component,hra-female-assembly,reference_assembly,source-buffer-checked; anatomical-review-pending,CC-BY-4.0,4
UBERON:0004200,hra-female,True,unknown-per-component,hra-female-assembly,reference_assembly,source-buffer-checked; anatomical-review-pending,CC-BY-4.0,4
UBERON:0004200,hra-female,True,unknown-per-component,hra-female-assembly,reference_assembly,source-buffer-checked; anatomical-review-pending,CC-BY-4.0,4
UBERON:0004200,hra-female,True,unknown-per-component,hra-female-assembly,reference_assembly,source-buffer-checked; anatomical-review-pending,CC-BY-4.0,4
UBERON:0004200,hra-female,True,unknown-per-component,hra-female-assembly,reference_assembly,source-buffer-checked; anatomical-review-pending,CC-BY-4.0,4
UBERON:0004200,hra-female,True,unknown-per-component,hra-female-assembly,reference_assembly,source-buffer-checked; anatomical-review-pending,CC-BY-4.0,4
UBERON:0004200,hra-female,True,unknown-per-component,hra-female-assembly,reference_assembly,source-buffer-checked; anatomical-review-pending,CC-BY-4.0,4
UBERON:0004200,hra-female,True,unknown-per-component,hra-female-assembly,reference_assembly,source-buffer-checked; anatomical-review-pending,CC-BY-4.0,4
UBERON:0004200,hra-female,True,unknown-per-component,hra-female-assembly,reference_assembly,source-buffer-checked; anatomical-review-pending,CC-BY-4.0,4
UBERON:0004200,hra-female,True,unknown-per-component,hra-female-assembly,reference_assembly,source-buffer-checked; anatomical-review-pending,CC-BY-4.0,4
UBERON:0004200,hra-female,True,unknown-per-component,hra-female-assembly,reference_assembly,source-buffer-checked; anatomical-review-pending,CC-BY-4.0,4
UBERON:0004200,hra-female,True,unknown-per-component,hra-female-assembly,reference_assembly,source-buffer-checked; anatomical-review-pending,CC-BY-4.0,4
UBERON:0001284,hra-female,True,unknown-per-component,hra-female-assembly,reference_assembly,source-buffer-checked; anatomical-review-pending,CC-BY-4.0,4
UBERON:0002189,hra-female,True,unknown-per-component,hra-female-assembly,reference_assembly,source-buffer-checked; anatomical-review-pending,CC-BY-4.0,4
UBERON:0002015,hra-female,True,unknown-per-component,hra-female-assembly,reference_assembly,source-buffer-checked; anatomical-review-pending,CC-BY-4.0,4
UBERON:0008716,hra-female,True,unknown-per-component,hra-female-assembly,reference_assembly,source-buffer-checked; anatomical-review-pending,CC-BY-4.0,4
UBERON:0002189,hra-female,True,unknown-per-component,hra-female-assembly,reference_assembly,source-buffer-checked; anatomical-review-pending,CC-BY-4.0,4
UBERON:0001284,hra-female,True,unknown-per-component,hra-female-assembly,reference_assembly,source-buffer-checked; anatomical-review-pending,CC-BY-4.0,4
UBERON:0001228,hra-female,True,unknown-per-component,hra-female-assembly,reference_assembly,source-buffer-checked; anatomical-review-pending,CC-BY-4.0,4
UBERON:0001228,hra-female,True,unknown-per-component,hra-female-assembly,reference_assembly,source-buffer-checked; anatomical-review-pending,CC-BY-4.0,4
UBERON:0001228,hra-female,True,unknown-per-component,hra-female-assembly,reference_assembly,source-buffer-checked; anatomical-review-pending,CC-BY-4.0,4
UBERON:0001228,hra-female,True,unknown-per-component,hra-female-assembly,reference_assembly,source-buffer-checked; anatomical-review-pending,CC-BY-4.0,4
UBERON:0001228,hra-female,True,unknown-per-component,hra-female-assembly,reference_assembly,source-buffer-checked; anatomical-review-pending,CC-BY-4.0,4
UBERON:0001228,hra-female,True,unknown-per-component,hra-female-assembly,reference_assembly,source-buffer-checked; anatomical-review-pending,CC-BY-4.0,4
UBERON:0001228,hra-female,True,unknown-per-component,hra-female-assembly,reference_assembly,source-buffer-checked; anatomical-review-pending,CC-BY-4.0,4
UBERON:0001228,hra-female,True,unknown-per-component,hra-female-assembly,reference_assembly,source-buffer-checked; anatomical-review-pending,CC-BY-4.0,4
UBERON:0001228,hra-female,True,unknown-per-component,hra-female-assembly,reference_assembly,source-buffer-checked; anatomical-review-pending,CC-BY-4.0,4
UBERON:0001228,hra-female,True,unknown-per-component,hra-female-assembly,reference_assembly,source-buffer-checked; anatomical-review-pending,CC-BY-4.0,4
UBERON:0004200,hra-female,True,unknown-per-component,hra-female-assembly,reference_assembly,source-buffer-checked; anatomical-review-pending,CC-BY-4.0,4
UBERON:0004200,hra-female,True,unknown-per-component,hra-female-assembly,reference_assembly,source-buffer-checked; anatomical-review-pending,CC-BY-4.0,4
UBERON:0004200,hra-female,True,unknown-per-component,hra-female-assembly,reference_assembly,source-buffer-checked; anatomical-review-pending,CC-BY-4.0,4
UBERON:0004200,hra-female,True,unknown-per-component,hra-female-assembly,reference_assembly,source-buffer-checked; anatomical-review-pending,CC-BY-4.0,4
UBERON:0004200,hra-female,True,unknown-per-component,hra-female-assembly,reference_assembly,source-buffer-checked; anatomical-review-pending,CC-BY-4.0,4
UBERON:0004200,hra-female,True,unknown-per-component,hra-female-assembly,reference_assembly,source-buffer-checked; anatomical-review-pending,CC-BY-4.0,4
UBERON:0004200,hra-female,True,unknown-per-component,hra-female-assembly,reference_assembly,source-buffer-checked; anatomical-review-pending,CC-BY-4.0,4
UBERON:0004200,hra-female,True,unknown-per-component,hra-female-assembly,reference_assembly,source-buffer-checked; anatomical-review-pending,CC-BY-4.0,4
UBERON:0004200,hra-female,True,unknown-per-component,hra-female-assembly,reference_assembly,source-buffer-checked; anatomical-review-pending,CC-BY-4.0,4
UBERON:0004200,hra-female,True,unknown-per-component,hra-female-assembly,reference_assembly,source-buffer-checked; anatomical-review-pending,CC-BY-4.0,4
UBERON:0001227,hra-female,True,unknown-per-component,hra-female-assembly,reference_assembly,source-buffer-checked; anatomical-review-pending,CC-BY-4.0,4
UBERON:0001227,hra-female,True,unknown-per-component,hra-female-assembly,reference_assembly,source-buffer-checked; anatomical-review-pending,CC-BY-4.0,4
UBERON:0001227,hra-female,True,unknown-per-component,hra-female-assembly,reference_assembly,source-buffer-checked; anatomical-review-pending,CC-BY-4.0,4
UBERON:0001227,hra-female,True,unknown-per-component,hra-female-assembly,reference_assembly,source-buffer-checked; anatomical-review-pending,CC-BY-4.0,4
UBERON:0001227,hra-female,True,unknown-per-component,hra-female-assembly,reference_assembly,source-buffer-checked; anatomical-review-pending,CC-BY-4.0,4
UBERON:0001227,hra-female,True,unknown-per-component,hra-female-assembly,reference_assembly,source-buffer-checked; anatomical-review-pending,CC-BY-4.0,4
UBERON:0001227,hra-female,True,unknown-per-component,hra-female-assembly,reference_assembly,source-buffer-checked; anatomical-review-pending,CC-BY-4.0,4
UBERON:0001227,hra-female,True,unknown-per-component,hra-female-assembly,reference_assembly,source-buffer-checked; anatomical-review-pending,CC-BY-4.0,4
UBERON:0001227,hra-female,True,unknown-per-component,hra-female-assembly,reference_assembly,source-buffer-checked; anatomical-review-pending,CC-BY-4.0,4
UBERON:0001227,hra-female,True,unknown-per-component,hra-female-assembly,reference_assembly,source-buffer-checked; anatomical-review-pending,CC-BY-4.0,4
UBERON:0001226,hra-female,True,unknown-per-component,hra-female-assembly,reference_assembly,source-buffer-checked; anatomical-review-pending,CC-BY-4.0,4
UBERON:0001226,hra-female,True,unknown-per-component,hra-female-assembly,reference_assembly,source-buffer-checked; anatomical-review-pending,CC-BY-4.0,4
UBERON:0001226,hra-female,True,unknown-per-component,hra-female-assembly,reference_assembly,source-buffer-checked; anatomical-review-pending,CC-BY-4.0,4
UBERON:0001224,hra-female,True,unknown-per-component,hra-female-assembly,reference_assembly,source-buffer-checked; anatomical-review-pending,CC-BY-4.0,4
UBERON:0001222|right,hra-female,True,unknown-per-component,hra-female-assembly,reference_assembly,source-buffer-checked; anatomical-review-pending,CC-BY-4.0,4
UBERON:0001227,hra-female,True,unknown-per-component,hra-female-assembly,reference_assembly,source-buffer-checked; anatomical-review-pending,CC-BY-4.0,4
UBERON:0001227,hra-female,True,unknown-per-component,hra-female-assembly,reference_assembly,source-buffer-checked; anatomical-review-pending,CC-BY-4.0,4
UBERON:0001227,hra-female,True,unknown-per-component,hra-female-assembly,reference_assembly,source-buffer-checked; anatomical-review-pending,CC-BY-4.0,4
UBERON:0001227,hra-female,True,unknown-per-component,hra-female-assembly,reference_assembly,source-buffer-checked; anatomical-review-pending,CC-BY-4.0,4
UBERON:0001227,hra-female,True,unknown-per-component,hra-female-assembly,reference_assembly,source-buffer-checked; anatomical-review-pending,CC-BY-4.0,4
UBERON:0001227,hra-female,True,unknown-per-component,hra-female-assembly,reference_assembly,source-buffer-checked; anatomical-review-pending,CC-BY-4.0,4
UBERON:0001227,hra-female,True,unknown-per-component,hra-female-assembly,reference_assembly,source-buffer-checked; anatomical-review-pending,CC-BY-4.0,4
UBERON:0001227,hra-female,True,unknown-per-component,hra-female-assembly,reference_assembly,source-buffer-checked; anatomical-review-pending,CC-BY-4.0,4
UBERON:0001227,hra-female,True,unknown-per-component,hra-female-assembly,reference_assembly,source-buffer-checked; anatomical-review-pending,CC-BY-4.0,4
UBERON:0001227,hra-female,True,unknown-per-component,hra-female-assembly,reference_assembly,source-buffer-checked; anatomical-review-pending,CC-BY-4.0,4
UBERON:0001226,hra-female,True,unknown-per-component,hra-female-assembly,reference_assembly,source-buffer-checked; anatomical-review-pending,CC-BY-4.0,4
UBERON:0001226,hra-female,True,unknown-per-component,hra-female-assembly,reference_assembly,source-buffer-checked; anatomical-review-pending,CC-BY-4.0,4
UBERON:0001226,hra-female,True,unknown-per-component,hra-female-assembly,reference_assembly,source-buffer-checked; anatomical-review-pending,CC-BY-4.0,4
UBERON:0001226,hra-female,True,unknown-per-component,hra-female-assembly,reference_assembly,source-buffer-checked; anatomical-review-pending,CC-BY-4.0,4
UBERON:0001224,hra-female,True,unknown-per-component,hra-female-assembly,reference_assembly,source-buffer-checked; anatomical-review-pending,CC-BY-4.0,4
UBERON:0001223|left,hra-female,True,unknown-per-component,hra-female-assembly,reference_assembly,source-buffer-checked; anatomical-review-pending,CC-BY-4.0,4
UBERON:0006082,hra-female,True,unknown-per-component,hra-female-assembly,reference_assembly,source-buffer-checked; anatomical-review-pending,CC-BY-4.0,4
UBERON:0004230,hra-female,True,unknown-per-component,hra-female-assembly,reference_assembly,source-buffer-checked; anatomical-review-pending,CC-BY-4.0,4
UBERON:0006082,hra-female,True,unknown-per-component,hra-female-assembly,reference_assembly,source-buffer-checked; anatomical-review-pending,CC-BY-4.0,4
UBERON:0001257,hra-female,True,unknown-per-component,hra-female-assembly,reference_assembly,source-buffer-checked; anatomical-review-pending,CC-BY-4.0,4
UBERON:0012303|right,hra-female,True,unknown-per-component,hra-female-assembly,reference_assembly,source-buffer-checked; anatomical-review-pending,CC-BY-4.0,4
UBERON:0012303|left,hra-female,True,unknown-per-component,hra-female-assembly,reference_assembly,source-buffer-checked; anatomical-review-pending,CC-BY-4.0,4
UBERON:0002094,hra-female,True,unknown-per-component,hra-female-assembly,reference_assembly,source-buffer-checked; anatomical-review-pending,CC-BY-4.0,4
UBERON:0002079|left,hra-female,True,unknown-per-component,hra-female-assembly,reference_assembly,source-buffer-checked; anatomical-review-pending,CC-BY-4.0,4
UBERON:0002084|left,hra-female,True,unknown-per-component,hra-female-assembly,reference_assembly,source-buffer-checked; anatomical-review-pending,CC-BY-4.0,4
UBERON:0002078|right,hra-female,True,unknown-per-component,hra-female-assembly,reference_assembly,source-buffer-checked; anatomical-review-pending,CC-BY-4.0,4
UBERON:0002080|right,hra-female,True,unknown-per-component,hra-female-assembly,reference_assembly,source-buffer-checked; anatomical-review-pending,CC-BY-4.0,4
FMA:7264|left,hra-female,True,unknown-per-component,hra-female-assembly,reference_assembly,source-buffer-checked; anatomical-review-pending,CC-BY-4.0,4
FMA:7265|left,hra-female,True,unknown-per-component,hra-female-assembly,reference_assembly,source-buffer-checked; anatomical-review-pending,CC-BY-4.0,4
FMA:7262|right,hra-female,True,unknown-per-component,hra-female-assembly,reference_assembly,source-buffer-checked; anatomical-review-pending,CC-BY-4.0,4
FMA:7261|right,hra-female,True,unknown-per-component,hra-female-assembly,reference_assembly,source-buffer-checked; anatomical-review-pending,CC-BY-4.0,4
FMA:7267|left,hra-female,True,unknown-per-component,hra-female-assembly,reference_assembly,source-buffer-checked; anatomical-review-pending,CC-BY-4.0,4
UBERON:0002137,hra-female,True,unknown-per-component,hra-female-assembly,reference_assembly,source-buffer-checked; anatomical-review-pending,CC-BY-4.0,4
UBERON:0002146,hra-female,True,unknown-per-component,hra-female-assembly,reference_assembly,source-buffer-checked; anatomical-review-pending,CC-BY-4.0,4
UBERON:0002135,hra-female,True,unknown-per-component,hra-female-assembly,reference_assembly,source-buffer-checked; anatomical-review-pending,CC-BY-4.0,4
UBERON:0002134,hra-female,True,unknown-per-component,hra-female-assembly,reference_assembly,source-buffer-checked; anatomical-review-pending,CC-BY-4.0,4
UBERON:0002493|left,hra-female,True,unknown-per-component,hra-female-assembly,reference_assembly,source-buffer-checked; anatomical-review-pending,CC-BY-4.0,4
UBERON:0002493|right,hra-female,True,unknown-per-component,hra-female-assembly,reference_assembly,source-buffer-checked; anatomical-review-pending,CC-BY-4.0,4
UBERON:8600058|left,hra-female,True,unknown-per-component,hra-female-assembly,reference_assembly,source-buffer-checked; anatomical-review-pending,CC-BY-4.0,4
UBERON:8600058|right,hra-female,True,unknown-per-component,hra-female-assembly,reference_assembly,source-buffer-checked; anatomical-review-pending,CC-BY-4.0,4
UBERON:0011191,hra-female,True,unknown-per-component,hra-female-assembly,reference_assembly,source-buffer-checked; anatomical-review-pending,CC-BY-4.0,4
UBERON:0011192|left,hra-female,True,unknown-per-component,hra-female-assembly,reference_assembly,source-buffer-checked; anatomical-review-pending,CC-BY-4.0,4
UBERON:0011193|left,hra-female,True,unknown-per-component,hra-female-assembly,reference_assembly,source-buffer-checked; anatomical-review-pending,CC-BY-4.0,4
UBERON:0001673|left,hra-female,True,unknown-per-component,hra-female-assembly,reference_assembly,source-buffer-checked; anatomical-review-pending,CC-BY-4.0,4
UBERON:0011191,hra-female,True,unknown-per-component,hra-female-assembly,reference_assembly,source-buffer-checked; anatomical-review-pending,CC-BY-4.0,4
UBERON:0011192|right,hra-female,True,unknown-per-component,hra-female-assembly,reference_assembly,source-buffer-checked; anatomical-review-pending,CC-BY-4.0,4
UBERON:0011193|right,hra-female,True,unknown-per-component,hra-female-assembly,reference_assembly,source-buffer-checked; anatomical-review-pending,CC-BY-4.0,4
UBERON:0001673|right,hra-female,True,unknown-per-component,hra-female-assembly,reference_assembly,source-buffer-checked; anatomical-review-pending,CC-BY-4.0,4
FMA:49955|left,hra-female,True,unknown-per-component,hra-female-assembly,reference_assembly,source-buffer-checked; anatomical-review-pending,CC-BY-4.0,4
UBERON:0001619,hra-female,True,unknown-per-component,hra-female-assembly,reference_assembly,source-buffer-checked; anatomical-review-pending,CC-BY-4.0,4
UBERON:0001620|left,hra-female,True,unknown-per-component,hra-female-assembly,reference_assembly,source-buffer-checked; anatomical-review-pending,CC-BY-4.0,4
FMA:49955|right,hra-female,True,unknown-per-component,hra-female-assembly,reference_assembly,source-buffer-checked; anatomical-review-pending,CC-BY-4.0,4
UBERON:0001619,hra-female,True,unknown-per-component,hra-female-assembly,reference_assembly,source-buffer-checked; anatomical-review-pending,CC-BY-4.0,4
UBERON:0001620|right,hra-female,True,unknown-per-component,hra-female-assembly,reference_assembly,source-buffer-checked; anatomical-review-pending,CC-BY-4.0,4
UBERON:0001185|right,hra-female,True,unknown-per-component,hra-female-assembly,reference_assembly,source-buffer-checked; anatomical-review-pending,CC-BY-4.0,4
UBERON:0001186|left,hra-female,True,unknown-per-component,hra-female-assembly,reference_assembly,source-buffer-checked; anatomical-review-pending,CC-BY-4.0,4
UBERON:0001142|left,hra-female,True,unknown-per-component,hra-female-assembly,reference_assembly,source-buffer-checked; anatomical-review-pending,CC-BY-4.0,4
UBERON:0001141|right,hra-female,True,unknown-per-component,hra-female-assembly,reference_assembly,source-buffer-checked; anatomical-review-pending,CC-BY-4.0,4
UBERON:0001138,hra-female,True,unknown-per-component,hra-female-assembly,reference_assembly,source-buffer-checked; anatomical-review-pending,CC-BY-4.0,4
UBERON:0035040,hra-female,True,unknown-per-component,hra-female-assembly,reference_assembly,source-buffer-checked; anatomical-review-pending,CC-BY-4.0,4
UBERON:0001139|left,hra-female,True,unknown-per-component,hra-female-assembly,reference_assembly,source-buffer-checked; anatomical-review-pending,CC-BY-4.0,4
UBERON:0001139|right,hra-female,True,unknown-per-component,hra-female-assembly,reference_assembly,source-buffer-checked; anatomical-review-pending,CC-BY-4.0,4
FMA:15394|left,hra-female,True,unknown-per-component,hra-female-assembly,reference_assembly,source-buffer-checked; anatomical-review-pending,CC-BY-4.0,4
FMA:15407|right,hra-female,True,unknown-per-component,hra-female-assembly,reference_assembly,source-buffer-checked; anatomical-review-pending,CC-BY-4.0,4
UBERON:0001219,hra-female,True,unknown-per-component,hra-female-assembly,reference_assembly,source-buffer-checked; anatomical-review-pending,CC-BY-4.0,4
UBERON:0001218,hra-female,True,unknown-per-component,hra-female-assembly,reference_assembly,source-buffer-checked; anatomical-review-pending,CC-BY-4.0,4
FMA:21242,hra-female,True,unknown-per-component,hra-female-assembly,reference_assembly,source-buffer-checked; anatomical-review-pending,CC-BY-4.0,4
FMA:21242,hra-female,True,unknown-per-component,hra-female-assembly,reference_assembly,source-buffer-checked; anatomical-review-pending,CC-BY-4.0,4
UBERON:0001317,hra-female,True,unknown-per-component,hra-female-assembly,reference_assembly,source-buffer-checked; anatomical-review-pending,CC-BY-4.0,4
UBERON:0001317,hra-female,True,unknown-per-component,hra-female-assembly,reference_assembly,source-buffer-checked; anatomical-review-pending,CC-BY-4.0,4
UBERON:0018252,hra-female,True,unknown-per-component,hra-female-assembly,reference_assembly,source-buffer-checked; anatomical-review-pending,CC-BY-4.0,4
UBERON:0018252,hra-female,True,unknown-per-component,hra-female-assembly,reference_assembly,source-buffer-checked; anatomical-review-pending,CC-BY-4.0,4
UBERON:8600057|left,hra-female,True,unknown-per-component,hra-female-assembly,reference_assembly,source-buffer-checked; anatomical-review-pending,CC-BY-4.0,4
UBERON:8600057|right,hra-female,True,unknown-per-component,hra-female-assembly,reference_assembly,source-buffer-checked; anatomical-review-pending,CC-BY-4.0,4
FMA:15395,hra-female,True,unknown-per-component,hra-female-assembly,reference_assembly,source-buffer-checked; anatomical-review-pending,CC-BY-4.0,4
FMA:15395,hra-female,True,unknown-per-component,hra-female-assembly,reference_assembly,source-buffer-checked; anatomical-review-pending,CC-BY-4.0,4
UBERON:0006687,hra-female,True,unknown-per-component,hra-female-assembly,reference_assembly,source-buffer-checked; anatomical-review-pending,CC-BY-4.0,4
FMA:15395,hra-female,True,unknown-per-component,hra-female-assembly,reference_assembly,source-buffer-checked; anatomical-review-pending,CC-BY-4.0,4
FMA:0329299,hra-female,True,unknown-per-component,hra-female-assembly,reference_assembly,source-buffer-checked; anatomical-review-pending,CC-BY-4.0,4
UBERON:0001182,hra-female,True,unknown-per-component,hra-female-assembly,reference_assembly,source-buffer-checked; anatomical-review-pending,CC-BY-4.0,4
FMA:14826|left,hra-female,True,unknown-per-component,hra-female-assembly,reference_assembly,source-buffer-checked; anatomical-review-pending,CC-BY-4.0,4
FMA:14811|right,hra-female,True,unknown-per-component,hra-female-assembly,reference_assembly,source-buffer-checked; anatomical-review-pending,CC-BY-4.0,4
UBERON:0035548,hra-female,True,unknown-per-component,hra-female-assembly,reference_assembly,source-buffer-checked; anatomical-review-pending,CC-BY-4.0,4
UBERON:0001196,hra-female,True,unknown-per-component,hra-female-assembly,reference_assembly,source-buffer-checked; anatomical-review-pending,CC-BY-4.0,4
FMA:14812,hra-female,True,unknown-per-component,hra-female-assembly,reference_assembly,source-buffer-checked; anatomical-review-pending,CC-BY-4.0,4
UBERON:0035040,hra-female,True,unknown-per-component,hra-female-assembly,reference_assembly,source-buffer-checked; anatomical-review-pending,CC-BY-4.0,4
UBERON:0001182,hra-female,True,unknown-per-component,hra-female-assembly,reference_assembly,source-buffer-checked; anatomical-review-pending,CC-BY-4.0,4
UBERON:0001183,hra-female,True,unknown-per-component,hra-female-assembly,reference_assembly,source-buffer-checked; anatomical-review-pending,CC-BY-4.0,4
FMA:14824,hra-female,True,unknown-per-component,hra-female-assembly,reference_assembly,source-buffer-checked; anatomical-review-pending,CC-BY-4.0,4
UBERON:0035180,hra-female,True,unknown-per-component,hra-female-assembly,reference_assembly,source-buffer-checked; anatomical-review-pending,CC-BY-4.0,4
UBERON:0035180,hra-female,True,unknown-per-component,hra-female-assembly,reference_assembly,source-buffer-checked; anatomical-review-pending,CC-BY-4.0,4
UBERON:0035180,hra-female,True,unknown-per-component,hra-female-assembly,reference_assembly,source-buffer-checked; anatomical-review-pending,CC-BY-4.0,4
UBERON:0001194,hra-female,True,unknown-per-component,hra-female-assembly,reference_assembly,source-buffer-checked; anatomical-review-pending,CC-BY-4.0,4
UBERON:0003713,hra-female,True,unknown-per-component,hra-female-assembly,reference_assembly,source-buffer-checked; anatomical-review-pending,CC-BY-4.0,4
UBERON:0039222,hra-female,True,unknown-per-component,hra-female-assembly,reference_assembly,source-buffer-checked; anatomical-review-pending,CC-BY-4.0,4
UBERON:0035392,hra-female,True,unknown-per-component,hra-female-assembly,reference_assembly,source-buffer-checked; anatomical-review-pending,CC-BY-4.0,4
HRA:VH_F_middle_hepatic_artery_branch_of_left_hepatic_artery|left,hra-female,True,unknown-per-component,hra-female-assembly,reference_assembly,source-buffer-checked; anatomical-review-pending,CC-BY-4.0,4
FMA:14772,hra-female,True,unknown-per-component,hra-female-assembly,reference_assembly,source-buffer-checked; anatomical-review-pending,CC-BY-4.0,4
UBERON:0001193|right,hra-female,True,unknown-per-component,hra-female-assembly,reference_assembly,source-buffer-checked; anatomical-review-pending,CC-BY-4.0,4
UBERON:0005436,hra-female,True,unknown-per-component,hra-female-assembly,reference_assembly,source-buffer-checked; anatomical-review-pending,CC-BY-4.0,4
HRA:VH_F_posterior_segmental_right_hepatic_artery|right,hra-female,True,unknown-per-component,hra-female-assembly,reference_assembly,source-buffer-checked; anatomical-review-pending,CC-BY-4.0,4
HRA:VH_F_anterior_segmental_right_hepatic_artery|right,hra-female,True,unknown-per-component,hra-female-assembly,reference_assembly,source-buffer-checked; anatomical-review-pending,CC-BY-4.0,4
UBERON:0001193|left,hra-female,True,unknown-per-component,hra-female-assembly,reference_assembly,source-buffer-checked; anatomical-review-pending,CC-BY-4.0,4
UBERON:0001639,hra-female,True,unknown-per-component,hra-female-assembly,reference_assembly,source-buffer-checked; anatomical-review-pending,CC-BY-4.0,4
FMA:14340,hra-female,True,unknown-per-component,hra-female-assembly,reference_assembly,source-buffer-checked; anatomical-review-pending,CC-BY-4.0,4
UBERON:0001143|left,hra-female,True,unknown-per-component,hra-female-assembly,reference_assembly,source-buffer-checked; anatomical-review-pending,CC-BY-4.0,4
UBERON:0001143|right,hra-female,True,unknown-per-component,hra-female-assembly,reference_assembly,source-buffer-checked; anatomical-review-pending,CC-BY-4.0,4
HRA:VH_F_right_branch_of_portal_vein|right,hra-female,True,unknown-per-component,hra-female-assembly,reference_assembly,source-buffer-checked; anatomical-review-pending,CC-BY-4.0,4
HRA:VH_F_left_branch_of_portal_vein|left,hra-female,True,unknown-per-component,hra-female-assembly,reference_assembly,source-buffer-checked; anatomical-review-pending,CC-BY-4.0,4
FMA:49916|left,hra-female,True,unknown-per-component,hra-female-assembly,reference_assembly,source-buffer-checked; anatomical-review-pending,CC-BY-4.0,4
FMA:49913|left,hra-female,True,unknown-per-component,hra-female-assembly,reference_assembly,source-buffer-checked; anatomical-review-pending,CC-BY-4.0,4
FMA:49914|right,hra-female,True,unknown-per-component,hra-female-assembly,reference_assembly,source-buffer-checked; anatomical-review-pending,CC-BY-4.0,4
FMA:49911|right,hra-female,True,unknown-per-component,hra-female-assembly,reference_assembly,source-buffer-checked; anatomical-review-pending,CC-BY-4.0,4
UBERON:0005438,hra-female,True,unknown-per-component,hra-female-assembly,reference_assembly,source-buffer-checked; anatomical-review-pending,CC-BY-4.0,4
UBERON:0006958,hra-female,True,unknown-per-component,hra-female-assembly,reference_assembly,source-buffer-checked; anatomical-review-pending,CC-BY-4.0,4
UBERON:0009687,hra-female,True,unknown-per-component,hra-female-assembly,reference_assembly,source-buffer-checked; anatomical-review-pending,CC-BY-4.0,4
FMA:4715|left,hra-female,True,unknown-per-component,hra-female-assembly,reference_assembly,source-buffer-checked; anatomical-review-pending,CC-BY-4.0,4
FMA:4708|left,hra-female,True,unknown-per-component,hra-female-assembly,reference_assembly,source-buffer-checked; anatomical-review-pending,CC-BY-4.0,4
FMA:4712|left,hra-female,True,unknown-per-component,hra-female-assembly,reference_assembly,source-buffer-checked; anatomical-review-pending,CC-BY-4.0,4
FMA:76767,hra-female,True,unknown-per-component,hra-female-assembly,reference_assembly,source-buffer-checked; anatomical-review-pending,CC-BY-4.0,4
UBERON:0035374,hra-female,True,unknown-per-component,hra-female-assembly,reference_assembly,source-buffer-checked; anatomical-review-pending,CC-BY-4.0,4
FMA:4720,hra-female,True,unknown-per-component,hra-female-assembly,reference_assembly,source-buffer-checked; anatomical-review-pending,CC-BY-4.0,4
FMA:10951,hra-female,True,unknown-per-component,hra-female-assembly,reference_assembly,source-buffer-checked; anatomical-review-pending,CC-BY-4.0,4
FMA:10951,hra-female,True,unknown-per-component,hra-female-assembly,reference_assembly,source-buffer-checked; anatomical-review-pending,CC-BY-4.0,4
FMA:8636|left,hra-female,True,unknown-per-component,hra-female-assembly,reference_assembly,source-buffer-checked; anatomical-review-pending,CC-BY-4.0,4
UBERON:0035422|left,hra-female,True,unknown-per-component,hra-female-assembly,reference_assembly,source-buffer-checked; anatomical-review-pending,CC-BY-4.0,4
FMA:3860|left,hra-female,True,unknown-per-component,hra-female-assembly,reference_assembly,source-buffer-checked; anatomical-review-pending,CC-BY-4.0,4
UBERON:0001626|left,hra-female,True,unknown-per-component,hra-female-assembly,reference_assembly,source-buffer-checked; anatomical-review-pending,CC-BY-4.0,4
FMA:3902|left,hra-female,True,unknown-per-component,hra-female-assembly,reference_assembly,source-buffer-checked; anatomical-review-pending,CC-BY-4.0,4
FMA:322904|left,hra-female,True,unknown-per-component,hra-female-assembly,reference_assembly,source-buffer-checked; anatomical-review-pending,CC-BY-4.0,4
FMA:13905,hra-female,True,unknown-per-component,hra-female-assembly,reference_assembly,source-buffer-checked; anatomical-review-pending,CC-BY-4.0,4
UBERON:0001625|right,hra-female,True,unknown-per-component,hra-female-assembly,reference_assembly,source-buffer-checked; anatomical-review-pending,CC-BY-4.0,4
FMA:3818|right,hra-female,True,unknown-per-component,hra-female-assembly,reference_assembly,source-buffer-checked; anatomical-review-pending,CC-BY-4.0,4
UBERON:0001652|left,hra-female,True,unknown-per-component,hra-female-assembly,reference_assembly,source-buffer-checked; anatomical-review-pending,CC-BY-4.0,4
UBERON:0002333,hra-female,True,unknown-per-component,hra-female-assembly,reference_assembly,source-buffer-checked; anatomical-review-pending,CC-BY-4.0,4
UBERON:0001651|right,hra-female,True,unknown-per-component,hra-female-assembly,reference_assembly,source-buffer-checked; anatomical-review-pending,CC-BY-4.0,4
UBERON:0001508,hra-female,True,unknown-per-component,hra-female-assembly,reference_assembly,source-buffer-checked; anatomical-review-pending,CC-BY-4.0,4
UBERON:0001496,hra-female,True,unknown-per-component,hra-female-assembly,reference_assembly,source-buffer-checked; anatomical-review-pending,CC-BY-4.0,4
UBERON:0001514,hra-female,True,unknown-per-component,hra-female-assembly,reference_assembly,source-buffer-checked; anatomical-review-pending,CC-BY-4.0,4
UBERON:0001514,hra-female,True,unknown-per-component,hra-female-assembly,reference_assembly,source-buffer-checked; anatomical-review-pending,CC-BY-4.0,4
UBERON:0001536|left,hra-female,True,unknown-per-component,hra-female-assembly,reference_assembly,source-buffer-checked; anatomical-review-pending,CC-BY-4.0,4
UBERON:0001536|left,hra-female,True,unknown-per-component,hra-female-assembly,reference_assembly,source-buffer-checked; anatomical-review-pending,CC-BY-4.0,4
UBERON:0001584|left,hra-female,True,unknown-per-component,hra-female-assembly,reference_assembly,source-buffer-checked; anatomical-review-pending,CC-BY-4.0,4
UBERON:0001584|left,hra-female,True,unknown-per-component,hra-female-assembly,reference_assembly,source-buffer-checked; anatomical-review-pending,CC-BY-4.0,4
UBERON:0001529,hra-female,True,unknown-per-component,hra-female-assembly,reference_assembly,source-buffer-checked; anatomical-review-pending,CC-BY-4.0,4
UBERON:0001529,hra-female,True,unknown-per-component,hra-female-assembly,reference_assembly,source-buffer-checked; anatomical-review-pending,CC-BY-4.0,4
UBERON:0004887|left,hra-female,True,unknown-per-component,hra-female-assembly,reference_assembly,source-buffer-checked; anatomical-review-pending,CC-BY-4.0,4
UBERON:0004887|left,hra-female,True,unknown-per-component,hra-female-assembly,reference_assembly,source-buffer-checked; anatomical-review-pending,CC-BY-4.0,4
FMA:7374,hra-female,True,unknown-per-component,hra-female-assembly,reference_assembly,source-buffer-checked; anatomical-review-pending,CC-BY-4.0,4
FMA:13190|left,hra-female,True,unknown-per-component,hra-female-assembly,reference_assembly,source-buffer-checked; anatomical-review-pending,CC-BY-4.0,4
FMA:13188|left,hra-female,True,unknown-per-component,hra-female-assembly,reference_assembly,source-buffer-checked; anatomical-review-pending,CC-BY-4.0,4
FMA:13189|left,hra-female,True,unknown-per-component,hra-female-assembly,reference_assembly,source-buffer-checked; anatomical-review-pending,CC-BY-4.0,4
FMA:7375,hra-female,True,unknown-per-component,hra-female-assembly,reference_assembly,source-buffer-checked; anatomical-review-pending,CC-BY-4.0,4
FMA:13191|left,hra-female,True,unknown-per-component,hra-female-assembly,reference_assembly,source-buffer-checked; anatomical-review-pending,CC-BY-4.0,4
FMA:13195|left,hra-female,True,unknown-per-component,hra-female-assembly,reference_assembly,source-buffer-checked; anatomical-review-pending,CC-BY-4.0,4
FMA:13193|left,hra-female,True,unknown-per-component,hra-female-assembly,reference_assembly,source-buffer-checked; anatomical-review-pending,CC-BY-4.0,4
FMA:13194|left,hra-female,True,unknown-per-component,hra-female-assembly,reference_assembly,source-buffer-checked; anatomical-review-pending,CC-BY-4.0,4
FMA:13192|left,hra-female,True,unknown-per-component,hra-female-assembly,reference_assembly,source-buffer-checked; anatomical-review-pending,CC-BY-4.0,4
UBERON:0004887|left,hra-female,True,unknown-per-component,hra-female-assembly,reference_assembly,source-buffer-checked; anatomical-review-pending,CC-BY-4.0,4
UBERON:0004888|right,hra-female,True,unknown-per-component,hra-female-assembly,reference_assembly,source-buffer-checked; anatomical-review-pending,CC-BY-4.0,4
FMA:13192|right,hra-female,True,unknown-per-component,hra-female-assembly,reference_assembly,source-buffer-checked; anatomical-review-pending,CC-BY-4.0,4
FMA:13195|right,hra-female,True,unknown-per-component,hra-female-assembly,reference_assembly,source-buffer-checked; anatomical-review-pending,CC-BY-4.0,4
FMA:13193|right,hra-female,True,unknown-per-component,hra-female-assembly,reference_assembly,source-buffer-checked; anatomical-review-pending,CC-BY-4.0,4
FMA:13194|right,hra-female,True,unknown-per-component,hra-female-assembly,reference_assembly,source-buffer-checked; anatomical-review-pending,CC-BY-4.0,4
FMA:13191|right,hra-female,True,unknown-per-component,hra-female-assembly,reference_assembly,source-buffer-checked; anatomical-review-pending,CC-BY-4.0,4
UBERON:0004888|right,hra-female,True,unknown-per-component,hra-female-assembly,reference_assembly,source-buffer-checked; anatomical-review-pending,CC-BY-4.0,4
FMA:7360|right,hra-female,True,unknown-per-component,hra-female-assembly,reference_assembly,source-buffer-checked; anatomical-review-pending,CC-BY-4.0,4
FMA:7361|right,hra-female,True,unknown-per-component,hra-female-assembly,reference_assembly,source-buffer-checked; anatomical-review-pending,CC-BY-4.0,4
UBERON:0004888|right,hra-female,True,unknown-per-component,hra-female-assembly,reference_assembly,source-buffer-checked; anatomical-review-pending,CC-BY-4.0,4
FMA:13190|right,hra-female,True,unknown-per-component,hra-female-assembly,reference_assembly,source-buffer-checked; anatomical-review-pending,CC-BY-4.0,4
FMA:13188|right,hra-female,True,unknown-per-component,hra-female-assembly,reference_assembly,source-buffer-checked; anatomical-review-pending,CC-BY-4.0,4
FMA:13189|right,hra-female,True,unknown-per-component,hra-female-assembly,reference_assembly,source-buffer-checked; anatomical-review-pending,CC-BY-4.0,4
UBERON:0004888|right,hra-female,True,unknown-per-component,hra-female-assembly,reference_assembly,source-buffer-checked; anatomical-review-pending,CC-BY-4.0,4
UBERON:0001740|right,hra-female,True,unknown-per-component,hra-female-assembly,reference_assembly,source-buffer-checked; anatomical-review-pending,CC-BY-4.0,4
UBERON:0001740|left,hra-female,True,unknown-per-component,hra-female-assembly,reference_assembly,source-buffer-checked; anatomical-review-pending,CC-BY-4.0,4
UBERON:0001742,hra-female,True,unknown-per-component,hra-female-assembly,reference_assembly,source-buffer-checked; anatomical-review-pending,CC-BY-4.0,4
UBERON:0002375,hra-female,True,unknown-per-component,hra-female-assembly,reference_assembly,source-buffer-checked; anatomical-review-pending,CC-BY-4.0,4
UBERON:0001738,hra-female,True,unknown-per-component,hra-female-assembly,reference_assembly,source-buffer-checked; anatomical-review-pending,CC-BY-4.0,4
UBERON:0001741|left,hra-female,True,unknown-per-component,hra-female-assembly,reference_assembly,source-buffer-checked; anatomical-review-pending,CC-BY-4.0,4
UBERON:0001741|right,hra-female,True,unknown-per-component,hra-female-assembly,reference_assembly,source-buffer-checked; anatomical-review-pending,CC-BY-4.0,4
UBERON:0003126,hra-female,True,unknown-per-component,hra-female-assembly,reference_assembly,source-buffer-checked; anatomical-review-pending,CC-BY-4.0,4
UBERON:0003604,hra-female,True,unknown-per-component,hra-female-assembly,reference_assembly,source-buffer-checked; anatomical-review-pending,CC-BY-4.0,4
UBERON:0006679,hra-female,True,unknown-per-component,hra-female-assembly,reference_assembly,source-buffer-checked; anatomical-review-pending,CC-BY-4.0,4
UBERON:0002177|right,hra-female,True,unknown-per-component,hra-female-assembly,reference_assembly,source-buffer-checked; anatomical-review-pending,CC-BY-4.0,4
UBERON:0001102|right,hra-female,True,unknown-per-component,hra-female-assembly,reference_assembly,source-buffer-checked; anatomical-review-pending,CC-BY-4.0,4
UBERON:0002178|left,hra-female,True,unknown-per-component,hra-female-assembly,reference_assembly,source-buffer-checked; anatomical-review-pending,CC-BY-4.0,4
UBERON:0001102|left,hra-female,True,unknown-per-component,hra-female-assembly,reference_assembly,source-buffer-checked; anatomical-review-pending,CC-BY-4.0,4
FMA:62659,hra-female,True,unknown-per-component,hra-female-assembly,reference_assembly,source-buffer-checked; anatomical-review-pending,CC-BY-4.0,4
FMA:62662,hra-female,True,unknown-per-component,hra-female-assembly,reference_assembly,source-buffer-checked; anatomical-review-pending,CC-BY-4.0,4
UBERON:0012065|left,hra-female,True,unknown-per-component,hra-female-assembly,reference_assembly,source-buffer-checked; anatomical-review-pending,CC-BY-4.0,4
UBERON:0012066|left,hra-female,True,unknown-per-component,hra-female-assembly,reference_assembly,source-buffer-checked; anatomical-review-pending,CC-BY-4.0,4
FMA:13276|left,hra-female,True,unknown-per-component,hra-female-assembly,reference_assembly,source-buffer-checked; anatomical-review-pending,CC-BY-4.0,4
FMA:7430,hra-female,True,unknown-per-component,hra-female-assembly,reference_assembly,source-buffer-checked; anatomical-review-pending,CC-BY-4.0,4
FMA:13270|left,hra-female,True,unknown-per-component,hra-female-assembly,reference_assembly,source-buffer-checked; anatomical-review-pending,CC-BY-4.0,4
FMA:13268|left,hra-female,True,unknown-per-component,hra-female-assembly,reference_assembly,source-buffer-checked; anatomical-review-pending,CC-BY-4.0,4
FMA:13275|left,hra-female,True,unknown-per-component,hra-female-assembly,reference_assembly,source-buffer-checked; anatomical-review-pending,CC-BY-4.0,4
FMA:13273|left,hra-female,True,unknown-per-component,hra-female-assembly,reference_assembly,source-buffer-checked; anatomical-review-pending,CC-BY-4.0,4
FMA:13271|left,hra-female,True,unknown-per-component,hra-female-assembly,reference_assembly,source-buffer-checked; anatomical-review-pending,CC-BY-4.0,4
FMA:13272|left,hra-female,True,unknown-per-component,hra-female-assembly,reference_assembly,source-buffer-checked; anatomical-review-pending,CC-BY-4.0,4
FMA:13269|left,hra-female,True,unknown-per-component,hra-female-assembly,reference_assembly,source-buffer-checked; anatomical-review-pending,CC-BY-4.0,4
FMA:7431,hra-female,True,unknown-per-component,hra-female-assembly,reference_assembly,source-buffer-checked; anatomical-review-pending,CC-BY-4.0,4
FMA:62659,hra-female,True,unknown-per-component,hra-female-assembly,reference_assembly,source-buffer-checked; anatomical-review-pending,CC-BY-4.0,4
FMA:62662,hra-female,True,unknown-per-component,hra-female-assembly,reference_assembly,source-buffer-checked; anatomical-review-pending,CC-BY-4.0,4
FMA:7401,hra-female,True,unknown-per-component,hra-female-assembly,reference_assembly,source-buffer-checked; anatomical-review-pending,CC-BY-4.0,4
FMA:13428|right,hra-female,True,unknown-per-component,hra-female-assembly,reference_assembly,source-buffer-checked; anatomical-review-pending,CC-BY-4.0,4
FMA:13429|right,hra-female,True,unknown-per-component,hra-female-assembly,reference_assembly,source-buffer-checked; anatomical-review-pending,CC-BY-4.0,4
FMA:13271|right,hra-female,True,unknown-per-component,hra-female-assembly,reference_assembly,source-buffer-checked; anatomical-review-pending,CC-BY-4.0,4
FMA:13269|right,hra-female,True,unknown-per-component,hra-female-assembly,reference_assembly,source-buffer-checked; anatomical-review-pending,CC-BY-4.0,4
FMA:7402,hra-female,True,unknown-per-component,hra-female-assembly,reference_assembly,source-buffer-checked; anatomical-review-pending,CC-BY-4.0,4
FMA:7403,hra-female,True,unknown-per-component,hra-female-assembly,reference_assembly,source-buffer-checked; anatomical-review-pending,CC-BY-4.0,4
FMA:13275|right,hra-female,True,unknown-per-component,hra-female-assembly,reference_assembly,source-buffer-checked; anatomical-review-pending,CC-BY-4.0,4
FMA:13268|right,hra-female,True,unknown-per-component,hra-female-assembly,reference_assembly,source-buffer-checked; anatomical-review-pending,CC-BY-4.0,4
FMA:13272|right,hra-female,True,unknown-per-component,hra-female-assembly,reference_assembly,source-buffer-checked; anatomical-review-pending,CC-BY-4.0,4
FMA:13273|right,hra-female,True,unknown-per-component,hra-female-assembly,reference_assembly,source-buffer-checked; anatomical-review-pending,CC-BY-4.0,4
FMA:13270|right,hra-female,True,unknown-per-component,hra-female-assembly,reference_assembly,source-buffer-checked; anatomical-review-pending,CC-BY-4.0,4
FMA:13276|right,hra-female,True,unknown-per-component,hra-female-assembly,reference_assembly,source-buffer-checked; anatomical-review-pending,CC-BY-4.0,4
FMA:15837,hra-female,True,unknown-per-component,hra-female-assembly,reference_assembly,source-buffer-checked; anatomical-review-pending,CC-BY-4.0,4
FMA:15828,hra-female,True,unknown-per-component,hra-female-assembly,reference_assembly,source-buffer-checked; anatomical-review-pending,CC-BY-4.0,4
FMA:15838,hra-female,True,unknown-per-component,hra-female-assembly,reference_assembly,source-buffer-checked; anatomical-review-pending,CC-BY-4.0,4
UBERON:0001248,hra-female,True,unknown-per-component,hra-female-assembly,reference_assembly,source-buffer-checked; anatomical-review-pending,CC-BY-4.0,4
FMA:15839,hra-female,True,unknown-per-component,hra-female-assembly,reference_assembly,source-buffer-checked; anatomical-review-pending,CC-BY-4.0,4
UBERON:0005457|left,hra-female,True,unknown-per-component,hra-female-assembly,reference_assembly,source-buffer-checked; anatomical-review-pending,CC-BY-4.0,4
UBERON:0005469|right,hra-female,True,unknown-per-component,hra-female-assembly,reference_assembly,source-buffer-checked; anatomical-review-pending,CC-BY-4.0,4
UBERON:0010396,hra-female,True,unknown-per-component,hra-female-assembly,reference_assembly,source-buffer-checked; anatomical-review-pending,CC-BY-4.0,4
UBERON:0002194,hra-female,True,unknown-per-component,hra-female-assembly,reference_assembly,source-buffer-checked; anatomical-review-pending,CC-BY-4.0,4
UBERON:0010748,hra-female,True,unknown-per-component,hra-female-assembly,reference_assembly,source-buffer-checked; anatomical-review-pending,CC-BY-4.0,4
UBERON:0010397,hra-female,True,unknown-per-component,hra-female-assembly,reference_assembly,source-buffer-checked; anatomical-review-pending,CC-BY-4.0,4
UBERON:0002007,hra-female,True,unknown-per-component,hra-female-assembly,reference_assembly,source-buffer-checked; anatomical-review-pending,CC-BY-4.0,4
UBERON:0010417,hra-female,True,unknown-per-component,hra-female-assembly,reference_assembly,source-buffer-checked; anatomical-review-pending,CC-BY-4.0,4
UBERON:0004536,hra-female,True,unknown-per-component,hra-female-assembly,reference_assembly,source-buffer-checked; anatomical-review-pending,CC-BY-4.0,4
UBERON:0003690,hra-female,True,unknown-per-component,hra-female-assembly,reference_assembly,source-buffer-checked; anatomical-review-pending,CC-BY-4.0,4
UBERON:0001350,hra-female,True,unknown-per-component,hra-female-assembly,reference_assembly,source-buffer-checked; anatomical-review-pending,CC-BY-4.0,4
UBERON:0002483,hra-female,True,unknown-per-component,hra-female-assembly,reference_assembly,source-buffer-checked; anatomical-review-pending,CC-BY-4.0,4
UBERON:0002483,hra-female,True,unknown-per-component,hra-female-assembly,reference_assembly,source-buffer-checked; anatomical-review-pending,CC-BY-4.0,4
UBERON:0001439,hra-female,True,unknown-per-component,hra-female-assembly,reference_assembly,source-buffer-checked; anatomical-review-pending,CC-BY-4.0,4
UBERON:0001439,hra-female,True,unknown-per-component,hra-female-assembly,reference_assembly,source-buffer-checked; anatomical-review-pending,CC-BY-4.0,4
UBERON:0001439,hra-female,True,unknown-per-component,hra-female-assembly,reference_assembly,source-buffer-checked; anatomical-review-pending,CC-BY-4.0,4
UBERON:0001439,hra-female,True,unknown-per-component,hra-female-assembly,reference_assembly,source-buffer-checked; anatomical-review-pending,CC-BY-4.0,4
UBERON:0002483,hra-female,True,unknown-per-component,hra-female-assembly,reference_assembly,source-buffer-checked; anatomical-review-pending,CC-BY-4.0,4
UBERON:0002483,hra-female,True,unknown-per-component,hra-female-assembly,reference_assembly,source-buffer-checked; anatomical-review-pending,CC-BY-4.0,4
UBERON:0001439,hra-female,True,unknown-per-component,hra-female-assembly,reference_assembly,source-buffer-checked; anatomical-review-pending,CC-BY-4.0,4
UBERON:0001439,hra-female,True,unknown-per-component,hra-female-assembly,reference_assembly,source-buffer-checked; anatomical-review-pending,CC-BY-4.0,4
UBERON:0002483,hra-female,True,unknown-per-component,hra-female-assembly,reference_assembly,source-buffer-checked; anatomical-review-pending,CC-BY-4.0,4
UBERON:0002483,hra-female,True,unknown-per-component,hra-female-assembly,reference_assembly,source-buffer-checked; anatomical-review-pending,CC-BY-4.0,4
FMA:44600|right,hra-female,True,unknown-per-component,hra-female-assembly,reference_assembly,source-buffer-checked; anatomical-review-pending,CC-BY-4.0,4
UBERON:0003671|right,hra-female,True,unknown-per-component,hra-female-assembly,reference_assembly,source-buffer-checked; anatomical-review-pending,CC-BY-4.0,4
UBERON:0003680|right,hra-female,True,unknown-per-component,hra-female-assembly,reference_assembly,source-buffer-checked; anatomical-review-pending,CC-BY-4.0,4
UBERON:0014899,hra-female,True,unknown-per-component,hra-female-assembly,reference_assembly,source-buffer-checked; anatomical-review-pending,CC-BY-4.0,4
FMA:9660|right,hra-female,True,unknown-per-component,hra-female-assembly,reference_assembly,source-buffer-checked; anatomical-review-pending,CC-BY-4.0,4
UBERON:0003676|right,hra-female,True,unknown-per-component,hra-female-assembly,reference_assembly,source-buffer-checked; anatomical-review-pending,CC-BY-4.0,4
FMA:64019,hra-female,True,unknown-per-component,hra-female-assembly,reference_assembly,source-buffer-checked; anatomical-review-pending,CC-BY-4.0,4
UBERON:0000981|right,hra-female,True,unknown-per-component,hra-female-assembly,reference_assembly,source-buffer-checked; anatomical-review-pending,CC-BY-4.0,4
FMA:43745|right,hra-female,True,unknown-per-component,hra-female-assembly,reference_assembly,source-buffer-checked; anatomical-review-pending,CC-BY-4.0,4
HRA:VH_F_medial_perichondular_surface_R|right,hra-female,True,unknown-per-component,hra-female-assembly,reference_assembly,source-buffer-checked; anatomical-review-pending,CC-BY-4.0,4
FMA:33188|right,hra-female,True,unknown-per-component,hra-female-assembly,reference_assembly,source-buffer-checked; anatomical-review-pending,CC-BY-4.0,4
UBERON:0009984|right,hra-female,True,unknown-per-component,hra-female-assembly,reference_assembly,source-buffer-checked; anatomical-review-pending,CC-BY-4.0,4
UBERON:0009985|right,hra-female,True,unknown-per-component,hra-female-assembly,reference_assembly,source-buffer-checked; anatomical-review-pending,CC-BY-4.0,4
UBERON:0009984|right,hra-female,True,unknown-per-component,hra-female-assembly,reference_assembly,source-buffer-checked; anatomical-review-pending,CC-BY-4.0,4
UBERON:0009985|right,hra-female,True,unknown-per-component,hra-female-assembly,reference_assembly,source-buffer-checked; anatomical-review-pending,CC-BY-4.0,4
UBERON:0009985|right,hra-female,True,unknown-per-component,hra-female-assembly,reference_assembly,source-buffer-checked; anatomical-review-pending,CC-BY-4.0,4
UBERON:7500033,hra-female,True,unknown-per-component,hra-female-assembly,reference_assembly,source-buffer-checked; anatomical-review-pending,CC-BY-4.0,4
FMA:43748|right,hra-female,True,unknown-per-component,hra-female-assembly,reference_assembly,source-buffer-checked; anatomical-review-pending,CC-BY-4.0,4
HRA:VH_F_posterior_cruciate_enthesis_R|right,hra-female,True,unknown-per-component,hra-female-assembly,reference_assembly,source-buffer-checked; anatomical-review-pending,CC-BY-4.0,4
HRA:VH_F_anterior_cruciate_enthesis_R|right,hra-female,True,unknown-per-component,hra-female-assembly,reference_assembly,source-buffer-checked; anatomical-review-pending,CC-BY-4.0,4
HRA:VH_F_lateral_perichondular_surface_R|right,hra-female,True,unknown-per-component,hra-female-assembly,reference_assembly,source-buffer-checked; anatomical-review-pending,CC-BY-4.0,4
HRA:VH_F_lateral_epicondylar_enthesis_R|right,hra-female,True,unknown-per-component,hra-female-assembly,reference_assembly,source-buffer-checked; anatomical-review-pending,CC-BY-4.0,4
HRA:VH_F_medial_epicondylar_enthesis_R|right,hra-female,True,unknown-per-component,hra-female-assembly,reference_assembly,source-buffer-checked; anatomical-review-pending,CC-BY-4.0,4
UBERON:0000979|right,hra-female,True,unknown-per-component,hra-female-assembly,reference_assembly,source-buffer-checked; anatomical-review-pending,CC-BY-4.0,4
UBERON:0001446|right,hra-female,True,unknown-per-component,hra-female-assembly,reference_assembly,source-buffer-checked; anatomical-review-pending,CC-BY-4.0,4
UBERON:0002446|right,hra-female,True,unknown-per-component,hra-female-assembly,reference_assembly,source-buffer-checked; anatomical-review-pending,CC-BY-4.0,4
UBERON:0014899,hra-female,True,unknown-per-component,hra-female-assembly,reference_assembly,source-buffer-checked; anatomical-review-pending,CC-BY-4.0,4
FMA:9660|left,hra-female,True,unknown-per-component,hra-female-assembly,reference_assembly,source-buffer-checked; anatomical-review-pending,CC-BY-4.0,4
UBERON:0003676|left,hra-female,True,unknown-per-component,hra-female-assembly,reference_assembly,source-buffer-checked; anatomical-review-pending,CC-BY-4.0,4
FMA:44600|left,hra-female,True,unknown-per-component,hra-female-assembly,reference_assembly,source-buffer-checked; anatomical-review-pending,CC-BY-4.0,4
UBERON:0003671|left,hra-female,True,unknown-per-component,hra-female-assembly,reference_assembly,source-buffer-checked; anatomical-review-pending,CC-BY-4.0,4
UBERON:0003680|left,hra-female,True,unknown-per-component,hra-female-assembly,reference_assembly,source-buffer-checked; anatomical-review-pending,CC-BY-4.0,4
FMA:64019,hra-female,True,unknown-per-component,hra-female-assembly,reference_assembly,source-buffer-checked; anatomical-review-pending,CC-BY-4.0,4
UBERON:0000981|left,hra-female,True,unknown-per-component,hra-female-assembly,reference_assembly,source-buffer-checked; anatomical-review-pending,CC-BY-4.0,4
FMA:43748|left,hra-female,True,unknown-per-component,hra-female-assembly,reference_assembly,source-buffer-checked; anatomical-review-pending,CC-BY-4.0,4
HRA:VH_F_anterior_cruciate_enthesis_L|left,hra-female,True,unknown-per-component,hra-female-assembly,reference_assembly,source-buffer-checked; anatomical-review-pending,CC-BY-4.0,4
HRA:VH_F_posterior_cruciate_enthesis_L|left,hra-female,True,unknown-per-component,hra-female-assembly,reference_assembly,source-buffer-checked; anatomical-review-pending,CC-BY-4.0,4
HRA:VH_F_lateral_perichondular_surface_L|left,hra-female,True,unknown-per-component,hra-female-assembly,reference_assembly,source-buffer-checked; anatomical-review-pending,CC-BY-4.0,4
HRA:VH_F_lateral_epicondylar_enthesis_L|left,hra-female,True,unknown-per-component,hra-female-assembly,reference_assembly,source-buffer-checked; anatomical-review-pending,CC-BY-4.0,4
HRA:VH_F_medial_epicondylar_enthesis_L|left,hra-female,True,unknown-per-component,hra-female-assembly,reference_assembly,source-buffer-checked; anatomical-review-pending,CC-BY-4.0,4
FMA:43745|left,hra-female,True,unknown-per-component,hra-female-assembly,reference_assembly,source-buffer-checked; anatomical-review-pending,CC-BY-4.0,4
HRA:VH_F_medial_perichondular_surface_L|left,hra-female,True,unknown-per-component,hra-female-assembly,reference_assembly,source-buffer-checked; anatomical-review-pending,CC-BY-4.0,4
FMA:33188|left,hra-female,True,unknown-per-component,hra-female-assembly,reference_assembly,source-buffer-checked; anatomical-review-pending,CC-BY-4.0,4
UBERON:0009984|left,hra-female,True,unknown-per-component,hra-female-assembly,reference_assembly,source-buffer-checked; anatomical-review-pending,CC-BY-4.0,4
UBERON:0009985|left,hra-female,True,unknown-per-component,hra-female-assembly,reference_assembly,source-buffer-checked; anatomical-review-pending,CC-BY-4.0,4
UBERON:0009985|left,hra-female,True,unknown-per-component,hra-female-assembly,reference_assembly,source-buffer-checked; anatomical-review-pending,CC-BY-4.0,4
UBERON:7500033,hra-female,True,unknown-per-component,hra-female-assembly,reference_assembly,source-buffer-checked; anatomical-review-pending,CC-BY-4.0,4
UBERON:0009985|left,hra-female,True,unknown-per-component,hra-female-assembly,reference_assembly,source-buffer-checked; anatomical-review-pending,CC-BY-4.0,4
UBERON:0009984|left,hra-female,True,unknown-per-component,hra-female-assembly,reference_assembly,source-buffer-checked; anatomical-review-pending,CC-BY-4.0,4
UBERON:0002446|left,hra-female,True,unknown-per-component,hra-female-assembly,reference_assembly,source-buffer-checked; anatomical-review-pending,CC-BY-4.0,4
UBERON:0000979|left,hra-female,True,unknown-per-component,hra-female-assembly,reference_assembly,source-buffer-checked; anatomical-review-pending,CC-BY-4.0,4
UBERON:0001446|left,hra-female,True,unknown-per-component,hra-female-assembly,reference_assembly,source-buffer-checked; anatomical-review-pending,CC-BY-4.0,4
UBERON:0004617,hra-female,True,unknown-per-component,hra-female-assembly,reference_assembly,source-buffer-checked; anatomical-review-pending,CC-BY-4.0,4
UBERON:0004618,hra-female,True,unknown-per-component,hra-female-assembly,reference_assembly,source-buffer-checked; anatomical-review-pending,CC-BY-4.0,4
UBERON:0004619,hra-female,True,unknown-per-component,hra-female-assembly,reference_assembly,source-buffer-checked; anatomical-review-pending,CC-BY-4.0,4
UBERON:0004620,hra-female,True,unknown-per-component,hra-female-assembly,reference_assembly,source-buffer-checked; anatomical-review-pending,CC-BY-4.0,4
UBERON:0004621,hra-female,True,unknown-per-component,hra-female-assembly,reference_assembly,source-buffer-checked; anatomical-review-pending,CC-BY-4.0,4
HRA:VH_F_lumbar_vertebra_6,hra-female,True,unknown-per-component,hra-female-assembly,reference_assembly,source-buffer-checked; anatomical-review-pending,CC-BY-4.0,4
UBERON:0004626,hra-female,True,unknown-per-component,hra-female-assembly,reference_assembly,source-buffer-checked; anatomical-review-pending,CC-BY-4.0,4
UBERON:0004627,hra-female,True,unknown-per-component,hra-female-assembly,reference_assembly,source-buffer-checked; anatomical-review-pending,CC-BY-4.0,4
UBERON:0004628,hra-female,True,unknown-per-component,hra-female-assembly,reference_assembly,source-buffer-checked; anatomical-review-pending,CC-BY-4.0,4
UBERON:0004629,hra-female,True,unknown-per-component,hra-female-assembly,reference_assembly,source-buffer-checked; anatomical-review-pending,CC-BY-4.0,4
UBERON:0004630,hra-female,True,unknown-per-component,hra-female-assembly,reference_assembly,source-buffer-checked; anatomical-review-pending,CC-BY-4.0,4
UBERON:0004631,hra-female,True,unknown-per-component,hra-female-assembly,reference_assembly,source-buffer-checked; anatomical-review-pending,CC-BY-4.0,4
UBERON:0004632,hra-female,True,unknown-per-component,hra-female-assembly,reference_assembly,source-buffer-checked; anatomical-review-pending,CC-BY-4.0,4
UBERON:0011050,hra-female,True,unknown-per-component,hra-female-assembly,reference_assembly,source-buffer-checked; anatomical-review-pending,CC-BY-4.0,4
UBERON:0004633,hra-female,True,unknown-per-component,hra-female-assembly,reference_assembly,source-buffer-checked; anatomical-review-pending,CC-BY-4.0,4
UBERON:0004634,hra-female,True,unknown-per-component,hra-female-assembly,reference_assembly,source-buffer-checked; anatomical-review-pending,CC-BY-4.0,4
UBERON:0004635,hra-female,True,unknown-per-component,hra-female-assembly,reference_assembly,source-buffer-checked; anatomical-review-pending,CC-BY-4.0,4
UBERON:0004636,hra-female,True,unknown-per-component,hra-female-assembly,reference_assembly,source-buffer-checked; anatomical-review-pending,CC-BY-4.0,4
UBERON:0001092,hra-female,True,unknown-per-component,hra-female-assembly,reference_assembly,source-buffer-checked; anatomical-review-pending,CC-BY-4.0,4
UBERON:0001093,hra-female,True,unknown-per-component,hra-female-assembly,reference_assembly,source-buffer-checked; anatomical-review-pending,CC-BY-4.0,4
UBERON:0004612,hra-female,True,unknown-per-component,hra-female-assembly,reference_assembly,source-buffer-checked; anatomical-review-pending,CC-BY-4.0,4
UBERON:0004613,hra-female,True,unknown-per-component,hra-female-assembly,reference_assembly,source-buffer-checked; anatomical-review-pending,CC-BY-4.0,4
UBERON:0004614,hra-female,True,unknown-per-component,hra-female-assembly,reference_assembly,source-buffer-checked; anatomical-review-pending,CC-BY-4.0,4
UBERON:0004615,hra-female,True,unknown-per-component,hra-female-assembly,reference_assembly,source-buffer-checked; anatomical-review-pending,CC-BY-4.0,4
UBERON:0004616,hra-female,True,unknown-per-component,hra-female-assembly,reference_assembly,source-buffer-checked; anatomical-review-pending,CC-BY-4.0,4
FMA:59763,bodyparts3d,True,male,TARO,reference_template,source-buffer-checked; anatomical-review-pending,CC-BY-4.0,7
FMA:59764,bodyparts3d,True,male,TARO,reference_template,source-buffer-checked; anatomical-review-pending,CC-BY-4.0,7
FMA:55704|left,bodyparts3d,True,male,TARO,reference_template,source-buffer-checked; anatomical-review-pending,CC-BY-4.0,7
FMA:55693|left,bodyparts3d,True,male,TARO,reference_template,source-buffer-checked; anatomical-review-pending,CC-BY-4.0,7
FMA:55703|left,bodyparts3d,True,male,TARO,reference_template,source-buffer-checked; anatomical-review-pending,CC-BY-4.0,7
FMA:55692|left,bodyparts3d,True,male,TARO,reference_template,source-buffer-checked; anatomical-review-pending,CC-BY-4.0,7
FMA:57143|left,bodyparts3d,True,male,TARO,reference_template,source-buffer-checked; anatomical-review-pending,CC-BY-4.0,7
FMA:57141|left,bodyparts3d,True,male,TARO,reference_template,source-buffer-checked; anatomical-review-pending,CC-BY-4.0,7
FMA:55687|left,bodyparts3d,True,male,TARO,reference_template,source-buffer-checked; anatomical-review-pending,CC-BY-4.0,7
FMA:55699|left,bodyparts3d,True,male,TARO,reference_template,source-buffer-checked; anatomical-review-pending,CC-BY-4.0,7
FMA:55690|left,bodyparts3d,True,male,TARO,reference_template,source-buffer-checked; anatomical-review-pending,CC-BY-4.0,7
FMA:55700|left,bodyparts3d,True,male,TARO,reference_template,source-buffer-checked; anatomical-review-pending,CC-BY-4.0,7
FMA:55691|left,bodyparts3d,True,male,TARO,reference_template,source-buffer-checked; anatomical-review-pending,CC-BY-4.0,7
FMA:55682|left,bodyparts3d,True,male,TARO,reference_template,source-buffer-checked; anatomical-review-pending,CC-BY-4.0,7
FMA:55683|left,bodyparts3d,True,male,TARO,reference_template,source-buffer-checked; anatomical-review-pending,CC-BY-4.0,7
FMA:55799|left,bodyparts3d,True,male,TARO,reference_template,source-buffer-checked; anatomical-review-pending,CC-BY-4.0,7
FMA:55705|right,bodyparts3d,True,male,TARO,reference_template,source-buffer-checked; anatomical-review-pending,CC-BY-4.0,7
FMA:55694|right,bodyparts3d,True,male,TARO,reference_template,source-buffer-checked; anatomical-review-pending,CC-BY-4.0,7
FMA:55706|right,bodyparts3d,True,male,TARO,reference_template,source-buffer-checked; anatomical-review-pending,CC-BY-4.0,7
FMA:55695|right,bodyparts3d,True,male,TARO,reference_template,source-buffer-checked; anatomical-review-pending,CC-BY-4.0,7
FMA:57142|right,bodyparts3d,True,male,TARO,reference_template,source-buffer-checked; anatomical-review-pending,CC-BY-4.0,7
FMA:57140|right,bodyparts3d,True,male,TARO,reference_template,source-buffer-checked; anatomical-review-pending,CC-BY-4.0,7
FMA:55686|right,bodyparts3d,True,male,TARO,reference_template,source-buffer-checked; anatomical-review-pending,CC-BY-4.0,7
FMA:55697|right,bodyparts3d,True,male,TARO,reference_template,source-buffer-checked; anatomical-review-pending,CC-BY-4.0,7
FMA:55698|right,bodyparts3d,True,male,TARO,reference_template,source-buffer-checked; anatomical-review-pending,CC-BY-4.0,7
FMA:55689|right,bodyparts3d,True,male,TARO,reference_template,source-buffer-checked; anatomical-review-pending,CC-BY-4.0,7
FMA:55688|right,bodyparts3d,True,male,TARO,reference_template,source-buffer-checked; anatomical-review-pending,CC-BY-4.0,7
FMA:55681|right,bodyparts3d,True,male,TARO,reference_template,source-buffer-checked; anatomical-review-pending,CC-BY-4.0,7
FMA:55680|right,bodyparts3d,True,male,TARO,reference_template,source-buffer-checked; anatomical-review-pending,CC-BY-4.0,7
FMA:55798|right,bodyparts3d,True,male,TARO,reference_template,source-buffer-checked; anatomical-review-pending,CC-BY-4.0,7
UBERON:0001766|left,bodyparts3d,True,male,TARO,reference_template,source-buffer-checked; anatomical-review-pending,CC-BY-4.0,7
FMA:52675|left,bodyparts3d,True,male,TARO,reference_template,source-buffer-checked; anatomical-review-pending,CC-BY-4.0,7
FMA:49143|left,bodyparts3d,True,male,TARO,reference_template,source-buffer-checked; anatomical-review-pending,CC-BY-4.0,7
UBERON:0001776|left,bodyparts3d,True,male,TARO,reference_template,source-buffer-checked; anatomical-review-pending,CC-BY-4.0,7
UBERON:0001776|left,bodyparts3d,True,male,TARO,reference_template,source-buffer-checked; anatomical-review-pending,CC-BY-4.0,7
UBERON:0034935|left,bodyparts3d,True,male,TARO,reference_template,source-buffer-checked; anatomical-review-pending,CC-BY-4.0,7
UBERON:0002058|left,bodyparts3d,True,male,TARO,reference_template,source-buffer-checked; anatomical-review-pending,CC-BY-4.0,7
UBERON:0000964|left,bodyparts3d,True,male,TARO,reference_template,source-buffer-checked; anatomical-review-pending,CC-BY-4.0,7
UBERON:0000942|left,bodyparts3d,True,male,TARO,reference_template,source-buffer-checked; anatomical-review-pending,CC-BY-4.0,7
UBERON:0014796|left,bodyparts3d,True,male,TARO,reference_template,source-buffer-checked; anatomical-review-pending,CC-BY-4.0,7
FMA:49146|left,bodyparts3d,True,male,TARO,reference_template,source-buffer-checked; anatomical-review-pending,CC-BY-4.0,7
UBERON:0015161|left,bodyparts3d,True,male,TARO,reference_template,source-buffer-checked; anatomical-review-pending,CC-BY-4.0,7
UBERON:0006320|left,bodyparts3d,True,male,TARO,reference_template,source-buffer-checked; anatomical-review-pending,CC-BY-4.0,7
UBERON:0006322|left,bodyparts3d,True,male,TARO,reference_template,source-buffer-checked; anatomical-review-pending,CC-BY-4.0,7
FMA:52693|left,bodyparts3d,True,male,TARO,reference_template,source-buffer-checked; anatomical-review-pending,CC-BY-4.0,7
UBERON:0001769|left,bodyparts3d,True,male,TARO,reference_template,source-buffer-checked; anatomical-review-pending,CC-BY-4.0,7
UBERON:0001770|left,bodyparts3d,True,male,TARO,reference_template,source-buffer-checked; anatomical-review-pending,CC-BY-4.0,7
UBERON:0001817|left,bodyparts3d,True,male,TARO,reference_template,source-buffer-checked; anatomical-review-pending,CC-BY-4.0,7
UBERON:0011096|left,bodyparts3d,True,male,TARO,reference_template,source-buffer-checked; anatomical-review-pending,CC-BY-4.0,7
UBERON:0022273|left,bodyparts3d,True,male,TARO,reference_template,source-buffer-checked; anatomical-review-pending,CC-BY-4.0,7
UBERON:0002392|left,bodyparts3d,True,male,TARO,reference_template,source-buffer-checked; anatomical-review-pending,CC-BY-4.0,7
UBERON:0001603|left,bodyparts3d,True,male,TARO,reference_template,source-buffer-checked; anatomical-review-pending,CC-BY-4.0,7
UBERON:0000965|left,bodyparts3d,True,male,TARO,reference_template,source-buffer-checked; anatomical-review-pending,CC-BY-4.0,7
UBERON:0001604|left,bodyparts3d,True,male,TARO,reference_template,source-buffer-checked; anatomical-review-pending,CC-BY-4.0,7
UBERON:0001602|left,bodyparts3d,True,male,TARO,reference_template,source-buffer-checked; anatomical-review-pending,CC-BY-4.0,7
UBERON:0001351|left,bodyparts3d,True,male,TARO,reference_template,source-buffer-checked; anatomical-review-pending,CC-BY-4.0,7
UBERON:0022300|left,bodyparts3d,True,male,TARO,reference_template,source-buffer-checked; anatomical-review-pending,CC-BY-4.0,7
FMA:52674|left,bodyparts3d,True,male,TARO,reference_template,source-buffer-checked; anatomical-review-pending,CC-BY-4.0,7
UBERON:0000348|left,bodyparts3d,True,male,TARO,reference_template,source-buffer-checked; anatomical-review-pending,CC-BY-4.0,7
UBERON:0000941|left,bodyparts3d,True,male,TARO,reference_template,source-buffer-checked; anatomical-review-pending,CC-BY-4.0,7
FMA:52714|left,bodyparts3d,True,male,TARO,reference_template,source-buffer-checked; anatomical-review-pending,CC-BY-4.0,7
FMA:58604|left,bodyparts3d,True,male,TARO,reference_template,source-buffer-checked; anatomical-review-pending,CC-BY-4.0,7
UBERON:0001773|left,bodyparts3d,True,male,TARO,reference_template,source-buffer-checked; anatomical-review-pending,CC-BY-4.0,7
UBERON:0022301|left,bodyparts3d,True,male,TARO,reference_template,source-buffer-checked; anatomical-review-pending,CC-BY-4.0,7
FMA:7041,bodyparts3d,True,male,TARO,reference_template,source-buffer-checked; anatomical-review-pending,CC-BY-4.0,7
UBERON:0006762|left,bodyparts3d,True,male,TARO,reference_template,source-buffer-checked; anatomical-review-pending,CC-BY-4.0,7
UBERON:0015162|left,bodyparts3d,True,male,TARO,reference_template,source-buffer-checked; anatomical-review-pending,CC-BY-4.0,7
UBERON:0006321|left,bodyparts3d,True,male,TARO,reference_template,source-buffer-checked; anatomical-review-pending,CC-BY-4.0,7
UBERON:0006323|left,bodyparts3d,True,male,TARO,reference_template,source-buffer-checked; anatomical-review-pending,CC-BY-4.0,7
UBERON:0004773|left,bodyparts3d,True,male,TARO,reference_template,source-buffer-checked; anatomical-review-pending,CC-BY-4.0,7
FMA:52655|left,bodyparts3d,True,male,TARO,reference_template,source-buffer-checked; anatomical-review-pending,CC-BY-4.0,7
FMA:52642|left,bodyparts3d,True,male,TARO,reference_template,source-buffer-checked; anatomical-review-pending,CC-BY-4.0,7
UBERON:0004774|left,bodyparts3d,True,male,TARO,reference_template,source-buffer-checked; anatomical-review-pending,CC-BY-4.0,7
FMA:49065|left,bodyparts3d,True,male,TARO,reference_template,source-buffer-checked; anatomical-review-pending,CC-BY-4.0,7
UBERON:0001644|left,bodyparts3d,True,male,TARO,reference_template,source-buffer-checked; anatomical-review-pending,CC-BY-4.0,7
UBERON:0001798|left,bodyparts3d,True,male,TARO,reference_template,source-buffer-checked; anatomical-review-pending,CC-BY-4.0,7
UBERON:0001766|right,bodyparts3d,True,male,TARO,reference_template,source-buffer-checked; anatomical-review-pending,CC-BY-4.0,7
FMA:52675|right,bodyparts3d,True,male,TARO,reference_template,source-buffer-checked; anatomical-review-pending,CC-BY-4.0,7
FMA:49143|right,bodyparts3d,True,male,TARO,reference_template,source-buffer-checked; anatomical-review-pending,CC-BY-4.0,7
FMA:49146|right,bodyparts3d,True,male,TARO,reference_template,source-buffer-checked; anatomical-review-pending,CC-BY-4.0,7
UBERON:0001776|right,bodyparts3d,True,male,TARO,reference_template,source-buffer-checked; anatomical-review-pending,CC-BY-4.0,7
UBERON:0001776|right,bodyparts3d,True,male,TARO,reference_template,source-buffer-checked; anatomical-review-pending,CC-BY-4.0,7
UBERON:0034935|right,bodyparts3d,True,male,TARO,reference_template,source-buffer-checked; anatomical-review-pending,CC-BY-4.0,7
UBERON:0002058|right,bodyparts3d,True,male,TARO,reference_template,source-buffer-checked; anatomical-review-pending,CC-BY-4.0,7
UBERON:0000964|right,bodyparts3d,True,male,TARO,reference_template,source-buffer-checked; anatomical-review-pending,CC-BY-4.0,7
UBERON:0000942|right,bodyparts3d,True,male,TARO,reference_template,source-buffer-checked; anatomical-review-pending,CC-BY-4.0,7
UBERON:0014796|right,bodyparts3d,True,male,TARO,reference_template,source-buffer-checked; anatomical-review-pending,CC-BY-4.0,7
FMA:54158|right,bodyparts3d,True,male,TARO,reference_template,source-buffer-checked; anatomical-review-pending,CC-BY-4.0,7
UBERON:0015161|right,bodyparts3d,True,male,TARO,reference_template,source-buffer-checked; anatomical-review-pending,CC-BY-4.0,7
UBERON:0006320|right,bodyparts3d,True,male,TARO,reference_template,source-buffer-checked; anatomical-review-pending,CC-BY-4.0,7
UBERON:0006322|right,bodyparts3d,True,male,TARO,reference_template,source-buffer-checked; anatomical-review-pending,CC-BY-4.0,7
FMA:52693|right,bodyparts3d,True,male,TARO,reference_template,source-buffer-checked; anatomical-review-pending,CC-BY-4.0,7
UBERON:0001769|right,bodyparts3d,True,male,TARO,reference_template,source-buffer-checked; anatomical-review-pending,CC-BY-4.0,7
UBERON:0001770|right,bodyparts3d,True,male,TARO,reference_template,source-buffer-checked; anatomical-review-pending,CC-BY-4.0,7
UBERON:0001817|right,bodyparts3d,True,male,TARO,reference_template,source-buffer-checked; anatomical-review-pending,CC-BY-4.0,7
UBERON:0011096|right,bodyparts3d,True,male,TARO,reference_template,source-buffer-checked; anatomical-review-pending,CC-BY-4.0,7
UBERON:0022273|right,bodyparts3d,True,male,TARO,reference_template,source-buffer-checked; anatomical-review-pending,CC-BY-4.0,7
UBERON:0002392|right,bodyparts3d,True,male,TARO,reference_template,source-buffer-checked; anatomical-review-pending,CC-BY-4.0,7
UBERON:0001603|right,bodyparts3d,True,male,TARO,reference_template,source-buffer-checked; anatomical-review-pending,CC-BY-4.0,7
UBERON:0000965|right,bodyparts3d,True,male,TARO,reference_template,source-buffer-checked; anatomical-review-pending,CC-BY-4.0,7
UBERON:0001604|right,bodyparts3d,True,male,TARO,reference_template,source-buffer-checked; anatomical-review-pending,CC-BY-4.0,7
UBERON:0001602|right,bodyparts3d,True,male,TARO,reference_template,source-buffer-checked; anatomical-review-pending,CC-BY-4.0,7
UBERON:0001351|right,bodyparts3d,True,male,TARO,reference_template,source-buffer-checked; anatomical-review-pending,CC-BY-4.0,7
UBERON:0022300|right,bodyparts3d,True,male,TARO,reference_template,source-buffer-checked; anatomical-review-pending,CC-BY-4.0,7
FMA:52673|right,bodyparts3d,True,male,TARO,reference_template,source-buffer-checked; anatomical-review-pending,CC-BY-4.0,7
UBERON:0000348|right,bodyparts3d,True,male,TARO,reference_template,source-buffer-checked; anatomical-review-pending,CC-BY-4.0,7
UBERON:0000941|right,bodyparts3d,True,male,TARO,reference_template,source-buffer-checked; anatomical-review-pending,CC-BY-4.0,7
FMA:52714|right,bodyparts3d,True,male,TARO,reference_template,source-buffer-checked; anatomical-review-pending,CC-BY-4.0,7
FMA:58604|right,bodyparts3d,True,male,TARO,reference_template,source-buffer-checked; anatomical-review-pending,CC-BY-4.0,7
UBERON:0001773|right,bodyparts3d,True,male,TARO,reference_template,source-buffer-checked; anatomical-review-pending,CC-BY-4.0,7
UBERON:0022301|right,bodyparts3d,True,male,TARO,reference_template,source-buffer-checked; anatomical-review-pending,CC-BY-4.0,7
FMA:7041,bodyparts3d,True,male,TARO,reference_template,source-buffer-checked; anatomical-review-pending,CC-BY-4.0,7
UBERON:0006762|right,bodyparts3d,True,male,TARO,reference_template,source-buffer-checked; anatomical-review-pending,CC-BY-4.0,7
UBERON:0015162|right,bodyparts3d,True,male,TARO,reference_template,source-buffer-checked; anatomical-review-pending,CC-BY-4.0,7
UBERON:0006321|right,bodyparts3d,True,male,TARO,reference_template,source-buffer-checked; anatomical-review-pending,CC-BY-4.0,7
UBERON:0006323|right,bodyparts3d,True,male,TARO,reference_template,source-buffer-checked; anatomical-review-pending,CC-BY-4.0,7
UBERON:0004773|right,bodyparts3d,True,male,TARO,reference_template,source-buffer-checked; anatomical-review-pending,CC-BY-4.0,7
FMA:52655|right,bodyparts3d,True,male,TARO,reference_template,source-buffer-checked; anatomical-review-pending,CC-BY-4.0,7
FMA:52642|right,bodyparts3d,True,male,TARO,reference_template,source-buffer-checked; anatomical-review-pending,CC-BY-4.0,7
UBERON:0004774|right,bodyparts3d,True,male,TARO,reference_template,source-buffer-checked; anatomical-review-pending,CC-BY-4.0,7
FMA:49065|right,bodyparts3d,True,male,TARO,reference_template,source-buffer-checked; anatomical-review-pending,CC-BY-4.0,7
UBERON:0001644|right,bodyparts3d,True,male,TARO,reference_template,source-buffer-checked; anatomical-review-pending,CC-BY-4.0,7
UBERON:0001798|right,bodyparts3d,True,male,TARO,reference_template,source-buffer-checked; anatomical-review-pending,CC-BY-4.0,7
FMA:37479|right,bodyparts3d,True,male,TARO,reference_template,source-buffer-checked; anatomical-review-pending,CC-BY-4.0,7
FMA:37479|left,bodyparts3d,True,male,TARO,reference_template,source-buffer-checked; anatomical-review-pending,CC-BY-4.0,7
FMA:37738|right,bodyparts3d,True,male,TARO,reference_template,source-buffer-checked; anatomical-review-pending,CC-BY-4.0,7
FMA:37738|left,bodyparts3d,True,male,TARO,reference_template,source-buffer-checked; anatomical-review-pending,CC-BY-4.0,7
FMA:37480|right,bodyparts3d,True,male,TARO,reference_template,source-buffer-checked; anatomical-review-pending,CC-BY-4.0,7
FMA:37480|left,bodyparts3d,True,male,TARO,reference_template,source-buffer-checked; anatomical-review-pending,CC-BY-4.0,7
FMA:37739|right,bodyparts3d,True,male,TARO,reference_template,source-buffer-checked; anatomical-review-pending,CC-BY-4.0,7
FMA:37739|left,bodyparts3d,True,male,TARO,reference_template,source-buffer-checked; anatomical-review-pending,CC-BY-4.0,7
FMA:37481|right,bodyparts3d,True,male,TARO,reference_template,source-buffer-checked; anatomical-review-pending,CC-BY-4.0,7
FMA:37481|left,bodyparts3d,True,male,TARO,reference_template,source-buffer-checked; anatomical-review-pending,CC-BY-4.0,7
FMA:37740|right,bodyparts3d,True,male,TARO,reference_template,source-buffer-checked; anatomical-review-pending,CC-BY-4.0,7
FMA:37740|left,bodyparts3d,True,male,TARO,reference_template,source-buffer-checked; anatomical-review-pending,CC-BY-4.0,7
FMA:37482|right,bodyparts3d,True,male,TARO,reference_template,source-buffer-checked; anatomical-review-pending,CC-BY-4.0,7
FMA:37482|left,bodyparts3d,True,male,TARO,reference_template,source-buffer-checked; anatomical-review-pending,CC-BY-4.0,7
FMA:37451|right,bodyparts3d,True,male,TARO,reference_template,source-buffer-checked; anatomical-review-pending,CC-BY-4.0,7
FMA:37451|left,bodyparts3d,True,male,TARO,reference_template,source-buffer-checked; anatomical-review-pending,CC-BY-4.0,7
FMA:37455|right,bodyparts3d,True,male,TARO,reference_template,source-buffer-checked; anatomical-review-pending,CC-BY-4.0,7
FMA:37455|left,bodyparts3d,True,male,TARO,reference_template,source-buffer-checked; anatomical-review-pending,CC-BY-4.0,7
FMA:35187|right,bodyparts3d,True,male,TARO,reference_template,source-buffer-checked; anatomical-review-pending,CC-BY-4.0,7
FMA:35187|left,bodyparts3d,True,male,TARO,reference_template,source-buffer-checked; anatomical-review-pending,CC-BY-4.0,7
FMA:45970|right,bodyparts3d,True,male,TARO,reference_template,source-buffer-checked; anatomical-review-pending,CC-BY-4.0,7
FMA:45970|left,bodyparts3d,True,male,TARO,reference_template,source-buffer-checked; anatomical-review-pending,CC-BY-4.0,7
UBERON:0011908|right,bodyparts3d,True,male,TARO,reference_template,source-buffer-checked; anatomical-review-pending,CC-BY-4.0,7
UBERON:0011908|left,bodyparts3d,True,male,TARO,reference_template,source-buffer-checked; anatomical-review-pending,CC-BY-4.0,7
FMA:45887|right,bodyparts3d,True,male,TARO,reference_template,source-buffer-checked; anatomical-review-pending,CC-BY-4.0,7
FMA:45887|left,bodyparts3d,True,male,TARO,reference_template,source-buffer-checked; anatomical-review-pending,CC-BY-4.0,7
FMA:45969|right,bodyparts3d,True,male,TARO,reference_template,source-buffer-checked; anatomical-review-pending,CC-BY-4.0,7
FMA:45969|left,bodyparts3d,True,male,TARO,reference_template,source-buffer-checked; anatomical-review-pending,CC-BY-4.0,7
UBERON:0011907|right,bodyparts3d,True,male,TARO,reference_template,source-buffer-checked; anatomical-review-pending,CC-BY-4.0,7
UBERON:0011907|left,bodyparts3d,True,male,TARO,reference_template,source-buffer-checked; anatomical-review-pending,CC-BY-4.0,7
FMA:46014|right,bodyparts3d,True,male,TARO,reference_template,source-buffer-checked; anatomical-review-pending,CC-BY-4.0,7
FMA:46014|left,bodyparts3d,True,male,TARO,reference_template,source-buffer-checked; anatomical-review-pending,CC-BY-4.0,7
FMA:86033|right,bodyparts3d,True,male,TARO,reference_template,source-buffer-checked; anatomical-review-pending,CC-BY-4.0,7
FMA:86033|left,bodyparts3d,True,male,TARO,reference_template,source-buffer-checked; anatomical-review-pending,CC-BY-4.0,7
UBERON:0008464|right,bodyparts3d,True,male,TARO,reference_template,source-buffer-checked; anatomical-review-pending,CC-BY-4.0,7
UBERON:0008464|left,bodyparts3d,True,male,TARO,reference_template,source-buffer-checked; anatomical-review-pending,CC-BY-4.0,7
UBERON:0000368|right,bodyparts3d,True,male,TARO,reference_template,source-buffer-checked; anatomical-review-pending,CC-BY-4.0,7
UBERON:0000368|left,bodyparts3d,True,male,TARO,reference_template,source-buffer-checked; anatomical-review-pending,CC-BY-4.0,7
UBERON:0000303|right,bodyparts3d,True,male,TARO,reference_template,source-buffer-checked; anatomical-review-pending,CC-BY-4.0,7
UBERON:0000303|left,bodyparts3d,True,male,TARO,reference_template,source-buffer-checked; anatomical-review-pending,CC-BY-4.0,7
UBERON:0000370|right,bodyparts3d,True,male,TARO,reference_template,source-buffer-checked; anatomical-review-pending,CC-BY-4.0,7
UBERON:0000370|left,bodyparts3d,True,male,TARO,reference_template,source-buffer-checked; anatomical-review-pending,CC-BY-4.0,7
FMA:43885|right,bodyparts3d,True,male,TARO,reference_template,source-buffer-checked; anatomical-review-pending,CC-BY-4.0,7
FMA:43885|left,bodyparts3d,True,male,TARO,reference_template,source-buffer-checked; anatomical-review-pending,CC-BY-4.0,7
UBERON:0003701|right,bodyparts3d,True,male,TARO,reference_template,source-buffer-checked; anatomical-review-pending,CC-BY-4.0,7
UBERON:0003701|left,bodyparts3d,True,male,TARO,reference_template,source-buffer-checked; anatomical-review-pending,CC-BY-4.0,7
UBERON:0001386|right,bodyparts3d,True,male,TARO,reference_template,source-buffer-checked; anatomical-review-pending,CC-BY-4.0,7
UBERON:0001386|left,bodyparts3d,True,male,TARO,reference_template,source-buffer-checked; anatomical-review-pending,CC-BY-4.0,7
FMA:51141|right,bodyparts3d,True,male,TARO,reference_template,source-buffer-checked; anatomical-review-pending,CC-BY-4.0,7
FMA:51141|left,bodyparts3d,True,male,TARO,reference_template,source-buffer-checked; anatomical-review-pending,CC-BY-4.0,7
FMA:22533|right,bodyparts3d,True,male,TARO,reference_template,source-buffer-checked; anatomical-review-pending,CC-BY-4.0,7
FMA:22533|left,bodyparts3d,True,male,TARO,reference_template,source-buffer-checked; anatomical-review-pending,CC-BY-4.0,7
UBERON:0010526|right,bodyparts3d,True,male,TARO,reference_template,source-buffer-checked; anatomical-review-pending,CC-BY-4.0,7
UBERON:0010526|left,bodyparts3d,True,male,TARO,reference_template,source-buffer-checked; anatomical-review-pending,CC-BY-4.0,7
UBERON:0001387|right,bodyparts3d,True,male,TARO,reference_template,source-buffer-checked; anatomical-review-pending,CC-BY-4.0,7
UBERON:0001387|left,bodyparts3d,True,male,TARO,reference_template,source-buffer-checked; anatomical-review-pending,CC-BY-4.0,7
UBERON:0010524|right,bodyparts3d,True,male,TARO,reference_template,source-buffer-checked; anatomical-review-pending,CC-BY-4.0,7
UBERON:0010524|left,bodyparts3d,True,male,TARO,reference_template,source-buffer-checked; anatomical-review-pending,CC-BY-4.0,7
FMA:37452|right,bodyparts3d,True,male,TARO,reference_template,source-buffer-checked; anatomical-review-pending,CC-BY-4.0,7
FMA:37452|left,bodyparts3d,True,male,TARO,reference_template,source-buffer-checked; anatomical-review-pending,CC-BY-4.0,7
UBERON:0014380|right,bodyparts3d,True,male,TARO,reference_template,source-buffer-checked; anatomical-review-pending,CC-BY-4.0,7
UBERON:0014380|left,bodyparts3d,True,male,TARO,reference_template,source-buffer-checked; anatomical-review-pending,CC-BY-4.0,7
UBERON:0001666|right,bodyparts3d,True,male,TARO,reference_template,source-buffer-checked; anatomical-review-pending,CC-BY-4.0,7
UBERON:0001666|left,bodyparts3d,True,male,TARO,reference_template,source-buffer-checked; anatomical-review-pending,CC-BY-4.0,7
UBERON:0001392|right,bodyparts3d,True,male,TARO,reference_template,source-buffer-checked; anatomical-review-pending,CC-BY-4.0,7
UBERON:0001392|left,bodyparts3d,True,male,TARO,reference_template,source-buffer-checked; anatomical-review-pending,CC-BY-4.0,7
UBERON:0019202|right,bodyparts3d,True,male,TARO,reference_template,source-buffer-checked; anatomical-review-pending,CC-BY-4.0,7
UBERON:0019202|left,bodyparts3d,True,male,TARO,reference_template,source-buffer-checked; anatomical-review-pending,CC-BY-4.0,7
UBERON:0019203|right,bodyparts3d,True,male,TARO,reference_template,source-buffer-checked; anatomical-review-pending,CC-BY-4.0,7
UBERON:0019203|left,bodyparts3d,True,male,TARO,reference_template,source-buffer-checked; anatomical-review-pending,CC-BY-4.0,7
UBERON:0001370|right,bodyparts3d,True,male,TARO,reference_template,source-buffer-checked; anatomical-review-pending,CC-BY-4.0,7
UBERON:0001370|left,bodyparts3d,True,male,TARO,reference_template,source-buffer-checked; anatomical-review-pending,CC-BY-4.0,7
UBERON:0001371|right,bodyparts3d,True,male,TARO,reference_template,source-buffer-checked; anatomical-review-pending,CC-BY-4.0,7
UBERON:0001371|left,bodyparts3d,True,male,TARO,reference_template,source-buffer-checked; anatomical-review-pending,CC-BY-4.0,7
UBERON:0008521|right,bodyparts3d,True,male,TARO,reference_template,source-buffer-checked; anatomical-review-pending,CC-BY-4.0,7
UBERON:0008521|left,bodyparts3d,True,male,TARO,reference_template,source-buffer-checked; anatomical-review-pending,CC-BY-4.0,7
UBERON:0000950|right,bodyparts3d,True,male,TARO,reference_template,source-buffer-checked; anatomical-review-pending,CC-BY-4.0,7
UBERON:0000950|left,bodyparts3d,True,male,TARO,reference_template,source-buffer-checked; anatomical-review-pending,CC-BY-4.0,7
UBERON:0001369|right,bodyparts3d,True,male,TARO,reference_template,source-buffer-checked; anatomical-review-pending,CC-BY-4.0,7
UBERON:0001369|left,bodyparts3d,True,male,TARO,reference_template,source-buffer-checked; anatomical-review-pending,CC-BY-4.0,7
FMA:51048|right,bodyparts3d,True,male,TARO,reference_template,source-buffer-checked; anatomical-review-pending,CC-BY-4.0,7
FMA:51048|left,bodyparts3d,True,male,TARO,reference_template,source-buffer-checked; anatomical-review-pending,CC-BY-4.0,7
FMA:44248|right,bodyparts3d,True,male,TARO,reference_template,source-buffer-checked; anatomical-review-pending,CC-BY-4.0,7
FMA:44248|left,bodyparts3d,True,male,TARO,reference_template,source-buffer-checked; anatomical-review-pending,CC-BY-4.0,7
UBERON:0001368|right,bodyparts3d,True,male,TARO,reference_template,source-buffer-checked; anatomical-review-pending,CC-BY-4.0,7
UBERON:0001368|left,bodyparts3d,True,male,TARO,reference_template,source-buffer-checked; anatomical-review-pending,CC-BY-4.0,7
UBERON:0011048|right,bodyparts3d,True,male,TARO,reference_template,source-buffer-checked; anatomical-review-pending,CC-BY-4.0,7
UBERON:0011048|left,bodyparts3d,True,male,TARO,reference_template,source-buffer-checked; anatomical-review-pending,CC-BY-4.0,7
UBERON:0001382|right,bodyparts3d,True,male,TARO,reference_template,source-buffer-checked; anatomical-review-pending,CC-BY-4.0,7
UBERON:0001382|left,bodyparts3d,True,male,TARO,reference_template,source-buffer-checked; anatomical-review-pending,CC-BY-4.0,7
UBERON:0008529|right,bodyparts3d,True,male,TARO,reference_template,source-buffer-checked; anatomical-review-pending,CC-BY-4.0,7
UBERON:0008529|left,bodyparts3d,True,male,TARO,reference_template,source-buffer-checked; anatomical-review-pending,CC-BY-4.0,7
UBERON:0011905|right,bodyparts3d,True,male,TARO,reference_template,source-buffer-checked; anatomical-review-pending,CC-BY-4.0,7
UBERON:0011905|left,bodyparts3d,True,male,TARO,reference_template,source-buffer-checked; anatomical-review-pending,CC-BY-4.0,7
UBERON:0001391|right,bodyparts3d,True,male,TARO,reference_template,source-buffer-checked; anatomical-review-pending,CC-BY-4.0,7
UBERON:0001391|left,bodyparts3d,True,male,TARO,reference_template,source-buffer-checked; anatomical-review-pending,CC-BY-4.0,7
UBERON:0001298|right,bodyparts3d,True,male,TARO,reference_template,source-buffer-checked; anatomical-review-pending,CC-BY-4.0,7
UBERON:0001298|left,bodyparts3d,True,male,TARO,reference_template,source-buffer-checked; anatomical-review-pending,CC-BY-4.0,7
UBERON:0008537|right,bodyparts3d,True,male,TARO,reference_template,source-buffer-checked; anatomical-review-pending,CC-BY-4.0,7
UBERON:0008537|left,bodyparts3d,True,male,TARO,reference_template,source-buffer-checked; anatomical-review-pending,CC-BY-4.0,7
UBERON:0001378|right,bodyparts3d,True,male,TARO,reference_template,source-buffer-checked; anatomical-review-pending,CC-BY-4.0,7
UBERON:0001378|left,bodyparts3d,True,male,TARO,reference_template,source-buffer-checked; anatomical-review-pending,CC-BY-4.0,7
UBERON:0001373|right,bodyparts3d,True,male,TARO,reference_template,source-buffer-checked; anatomical-review-pending,CC-BY-4.0,7
UBERON:0001373|left,bodyparts3d,True,male,TARO,reference_template,source-buffer-checked; anatomical-review-pending,CC-BY-4.0,7
UBERON:0001381|right,bodyparts3d,True,male,TARO,reference_template,source-buffer-checked; anatomical-review-pending,CC-BY-4.0,7
UBERON:0001381|left,bodyparts3d,True,male,TARO,reference_template,source-buffer-checked; anatomical-review-pending,CC-BY-4.0,7
UBERON:0001375|right,bodyparts3d,True,male,TARO,reference_template,source-buffer-checked; anatomical-review-pending,CC-BY-4.0,7
UBERON:0001375|left,bodyparts3d,True,male,TARO,reference_template,source-buffer-checked; anatomical-review-pending,CC-BY-4.0,7
UBERON:0001389|right,bodyparts3d,True,male,TARO,reference_template,source-buffer-checked; anatomical-review-pending,CC-BY-4.0,7
UBERON:0001389|left,bodyparts3d,True,male,TARO,reference_template,source-buffer-checked; anatomical-review-pending,CC-BY-4.0,7
UBERON:0001376|right,bodyparts3d,True,male,TARO,reference_template,source-buffer-checked; anatomical-review-pending,CC-BY-4.0,7
UBERON:0001376|left,bodyparts3d,True,male,TARO,reference_template,source-buffer-checked; anatomical-review-pending,CC-BY-4.0,7
UBERON:0001385|right,bodyparts3d,True,male,TARO,reference_template,source-buffer-checked; anatomical-review-pending,CC-BY-4.0,7
UBERON:0001385|left,bodyparts3d,True,male,TARO,reference_template,source-buffer-checked; anatomical-review-pending,CC-BY-4.0,7
UBERON:0001667|right,bodyparts3d,True,male,TARO,reference_template,source-buffer-checked; anatomical-review-pending,CC-BY-4.0,7
UBERON:0001667|left,bodyparts3d,True,male,TARO,reference_template,source-buffer-checked; anatomical-review-pending,CC-BY-4.0,7
UBERON:0014847|right,bodyparts3d,True,male,TARO,reference_template,source-buffer-checked; anatomical-review-pending,CC-BY-4.0,7
UBERON:0014847|left,bodyparts3d,True,male,TARO,reference_template,source-buffer-checked; anatomical-review-pending,CC-BY-4.0,7
UBERON:0001379|right,bodyparts3d,True,male,TARO,reference_template,source-buffer-checked; anatomical-review-pending,CC-BY-4.0,7
UBERON:0001379|left,bodyparts3d,True,male,TARO,reference_template,source-buffer-checked; anatomical-review-pending,CC-BY-4.0,7
UBERON:0001380|right,bodyparts3d,True,male,TARO,reference_template,source-buffer-checked; anatomical-review-pending,CC-BY-4.0,7
UBERON:0001380|left,bodyparts3d,True,male,TARO,reference_template,source-buffer-checked; anatomical-review-pending,CC-BY-4.0,7
FMA:45890|right,bodyparts3d,True,male,TARO,reference_template,source-buffer-checked; anatomical-review-pending,CC-BY-4.0,7
FMA:45890|left,bodyparts3d,True,male,TARO,reference_template,source-buffer-checked; anatomical-review-pending,CC-BY-4.0,7
FMA:46015|right,bodyparts3d,True,male,TARO,reference_template,source-buffer-checked; anatomical-review-pending,CC-BY-4.0,7
FMA:46015|left,bodyparts3d,True,male,TARO,reference_template,source-buffer-checked; anatomical-review-pending,CC-BY-4.0,7
FMA:34699|right,bodyparts3d,True,male,TARO,reference_template,source-buffer-checked; anatomical-review-pending,CC-BY-4.0,7
FMA:34699|left,bodyparts3d,True,male,TARO,reference_template,source-buffer-checked; anatomical-review-pending,CC-BY-4.0,7
FMA:34687|right,bodyparts3d,True,male,TARO,reference_template,source-buffer-checked; anatomical-review-pending,CC-BY-4.0,7
FMA:34687|left,bodyparts3d,True,male,TARO,reference_template,source-buffer-checked; anatomical-review-pending,CC-BY-4.0,7
FMA:11336,bodyparts3d,True,male,TARO,reference_template,source-buffer-checked; anatomical-review-pending,CC-BY-4.0,7
UBERON:0001327|left,bodyparts3d,True,male,TARO,reference_template,source-buffer-checked; anatomical-review-pending,CC-BY-4.0,7
FMA:19728,bodyparts3d,True,male,TARO,reference_template,source-buffer-checked; anatomical-review-pending,CC-BY-4.0,7
FMA:21930,bodyparts3d,True,male,TARO,reference_template,source-buffer-checked; anatomical-review-pending,CC-BY-4.0,7
FMA:9756,bodyparts3d,True,male,TARO,reference_template,source-buffer-checked; anatomical-review-pending,CC-BY-4.0,7
FMA:9756,bodyparts3d,True,male,TARO,reference_template,source-buffer-checked; anatomical-review-pending,CC-BY-4.0,7
UBERON:0005442|right,bodyparts3d,True,male,TARO,reference_template,source-buffer-checked; anatomical-review-pending,CC-BY-4.0,7
UBERON:0005442|left,bodyparts3d,True,male,TARO,reference_template,source-buffer-checked; anatomical-review-pending,CC-BY-4.0,7
UBERON:0011511|left,bodyparts3d,True,male,TARO,reference_template,source-buffer-checked; anatomical-review-pending,CC-BY-4.0,7
FMA:9758,bodyparts3d,True,male,TARO,reference_template,source-buffer-checked; anatomical-review-pending,CC-BY-4.0,7
FMA:9758,bodyparts3d,True,male,TARO,reference_template,source-buffer-checked; anatomical-review-pending,CC-BY-4.0,7
FMA:9757,bodyparts3d,True,male,TARO,reference_template,source-buffer-checked; anatomical-review-pending,CC-BY-4.0,7
FMA:9757,bodyparts3d,True,male,TARO,reference_template,source-buffer-checked; anatomical-review-pending,CC-BY-4.0,7
UBERON:0001100|right,bodyparts3d,True,male,TARO,reference_template,source-buffer-checked; anatomical-review-pending,CC-BY-4.0,7
UBERON:0001100|left,bodyparts3d,True,male,TARO,reference_template,source-buffer-checked; anatomical-review-pending,CC-BY-4.0,7
UBERON:0011528|left,bodyparts3d,True,male,TARO,reference_template,source-buffer-checked; anatomical-review-pending,CC-BY-4.0,7
UBERON:0011512|left,bodyparts3d,True,male,TARO,reference_template,source-buffer-checked; anatomical-review-pending,CC-BY-4.0,7
UBERON:0001125|right,bodyparts3d,True,male,TARO,reference_template,source-buffer-checked; anatomical-review-pending,CC-BY-4.0,7
UBERON:0001125|left,bodyparts3d,True,male,TARO,reference_template,source-buffer-checked; anatomical-review-pending,CC-BY-4.0,7
UBERON:0008779|right,bodyparts3d,True,male,TARO,reference_template,source-buffer-checked; anatomical-review-pending,CC-BY-4.0,7
UBERON:0008779|left,bodyparts3d,True,male,TARO,reference_template,source-buffer-checked; anatomical-review-pending,CC-BY-4.0,7
UBERON:0002404|right,bodyparts3d,True,male,TARO,reference_template,source-buffer-checked; anatomical-review-pending,CC-BY-4.0,7
UBERON:0002404|left,bodyparts3d,True,male,TARO,reference_template,source-buffer-checked; anatomical-review-pending,CC-BY-4.0,7
FMA:71314|right,bodyparts3d,True,male,TARO,reference_template,source-buffer-checked; anatomical-review-pending,CC-BY-4.0,7
FMA:71314|left,bodyparts3d,True,male,TARO,reference_template,source-buffer-checked; anatomical-review-pending,CC-BY-4.0,7
FMA:71313|right,bodyparts3d,True,male,TARO,reference_template,source-buffer-checked; anatomical-review-pending,CC-BY-4.0,7
FMA:71313|left,bodyparts3d,True,male,TARO,reference_template,source-buffer-checked; anatomical-review-pending,CC-BY-4.0,7
FMA:34696|right,bodyparts3d,True,male,TARO,reference_template,source-buffer-checked; anatomical-review-pending,CC-BY-4.0,7
FMA:34696|left,bodyparts3d,True,male,TARO,reference_template,source-buffer-checked; anatomical-review-pending,CC-BY-4.0,7
FMA:46442,bodyparts3d,True,male,TARO,reference_template,source-buffer-checked; anatomical-review-pending,CC-BY-4.0,7
FMA:46442,bodyparts3d,True,male,TARO,reference_template,source-buffer-checked; anatomical-review-pending,CC-BY-4.0,7
UBERON:0036173|right,bodyparts3d,True,male,TARO,reference_template,source-buffer-checked; anatomical-review-pending,CC-BY-4.0,7
UBERON:0036173|left,bodyparts3d,True,male,TARO,reference_template,source-buffer-checked; anatomical-review-pending,CC-BY-4.0,7
FMA:34678|right,bodyparts3d,True,male,TARO,reference_template,source-buffer-checked; anatomical-review-pending,CC-BY-4.0,7
FMA:34678|left,bodyparts3d,True,male,TARO,reference_template,source-buffer-checked; anatomical-review-pending,CC-BY-4.0,7
FMA:34677|right,bodyparts3d,True,male,TARO,reference_template,source-buffer-checked; anatomical-review-pending,CC-BY-4.0,7
FMA:34677|left,bodyparts3d,True,male,TARO,reference_template,source-buffer-checked; anatomical-review-pending,CC-BY-4.0,7
UBERON:0011012|left,bodyparts3d,True,male,TARO,reference_template,source-buffer-checked; anatomical-review-pending,CC-BY-4.0,7
UBERON:0011012|right,bodyparts3d,True,male,TARO,reference_template,source-buffer-checked; anatomical-review-pending,CC-BY-4.0,7
UBERON:0036174|right,bodyparts3d,True,male,TARO,reference_template,source-buffer-checked; anatomical-review-pending,CC-BY-4.0,7
UBERON:0036174|left,bodyparts3d,True,male,TARO,reference_template,source-buffer-checked; anatomical-review-pending,CC-BY-4.0,7
FMA:39988|right,bodyparts3d,True,male,TARO,reference_template,source-buffer-checked; anatomical-review-pending,CC-BY-4.0,7
FMA:39988|left,bodyparts3d,True,male,TARO,reference_template,source-buffer-checked; anatomical-review-pending,CC-BY-4.0,7
UBERON:0001526|right,bodyparts3d,True,male,TARO,reference_template,source-buffer-checked; anatomical-review-pending,CC-BY-4.0,7
UBERON:0001526|left,bodyparts3d,True,male,TARO,reference_template,source-buffer-checked; anatomical-review-pending,CC-BY-4.0,7
FMA:38615|right,bodyparts3d,True,male,TARO,reference_template,source-buffer-checked; anatomical-review-pending,CC-BY-4.0,7
FMA:38615|left,bodyparts3d,True,male,TARO,reference_template,source-buffer-checked; anatomical-review-pending,CC-BY-4.0,7
FMA:38558|right,bodyparts3d,True,male,TARO,reference_template,source-buffer-checked; anatomical-review-pending,CC-BY-4.0,7
FMA:38558|left,bodyparts3d,True,male,TARO,reference_template,source-buffer-checked; anatomical-review-pending,CC-BY-4.0,7
UBERON:0003222|right,bodyparts3d,True,male,TARO,reference_template,source-buffer-checked; anatomical-review-pending,CC-BY-4.0,7
UBERON:0003222|left,bodyparts3d,True,male,TARO,reference_template,source-buffer-checked; anatomical-review-pending,CC-BY-4.0,7
FMA:23706|right,bodyparts3d,True,male,TARO,reference_template,source-buffer-checked; anatomical-review-pending,CC-BY-4.0,7
FMA:23706|left,bodyparts3d,True,male,TARO,reference_template,source-buffer-checked; anatomical-review-pending,CC-BY-4.0,7
FMA:37694|right,bodyparts3d,True,male,TARO,reference_template,source-buffer-checked; anatomical-review-pending,CC-BY-4.0,7
FMA:37694|left,bodyparts3d,True,male,TARO,reference_template,source-buffer-checked; anatomical-review-pending,CC-BY-4.0,7
UBERON:0007168|right,bodyparts3d,True,male,TARO,reference_template,source-buffer-checked; anatomical-review-pending,CC-BY-4.0,7
UBERON:0007168|left,bodyparts3d,True,male,TARO,reference_template,source-buffer-checked; anatomical-review-pending,CC-BY-4.0,7
FMA:37692|right,bodyparts3d,True,male,TARO,reference_template,source-buffer-checked; anatomical-review-pending,CC-BY-4.0,7
FMA:37692|left,bodyparts3d,True,male,TARO,reference_template,source-buffer-checked; anatomical-review-pending,CC-BY-4.0,7
FMA:37693|right,bodyparts3d,True,male,TARO,reference_template,source-buffer-checked; anatomical-review-pending,CC-BY-4.0,7
FMA:37693|left,bodyparts3d,True,male,TARO,reference_template,source-buffer-checked; anatomical-review-pending,CC-BY-4.0,7
FMA:46119|right,bodyparts3d,True,male,TARO,reference_template,source-buffer-checked; anatomical-review-pending,CC-BY-4.0,7
FMA:46119|left,bodyparts3d,True,male,TARO,reference_template,source-buffer-checked; anatomical-review-pending,CC-BY-4.0,7
UBERON:0036176|right,bodyparts3d,True,male,TARO,reference_template,source-buffer-checked; anatomical-review-pending,CC-BY-4.0,7
UBERON:0036176|left,bodyparts3d,True,male,TARO,reference_template,source-buffer-checked; anatomical-review-pending,CC-BY-4.0,7
UBERON:0008465|right,bodyparts3d,True,male,TARO,reference_template,source-buffer-checked; anatomical-review-pending,CC-BY-4.0,7
UBERON:0008465|left,bodyparts3d,True,male,TARO,reference_template,source-buffer-checked; anatomical-review-pending,CC-BY-4.0,7
UBERON:0001527|right,bodyparts3d,True,male,TARO,reference_template,source-buffer-checked; anatomical-review-pending,CC-BY-4.0,7
UBERON:0001527|left,bodyparts3d,True,male,TARO,reference_template,source-buffer-checked; anatomical-review-pending,CC-BY-4.0,7
UBERON:0002989|right,bodyparts3d,True,male,TARO,reference_template,source-buffer-checked; anatomical-review-pending,CC-BY-4.0,7
UBERON:0002989|left,bodyparts3d,True,male,TARO,reference_template,source-buffer-checked; anatomical-review-pending,CC-BY-4.0,7
UBERON:0001506|right,bodyparts3d,True,male,TARO,reference_template,source-buffer-checked; anatomical-review-pending,CC-BY-4.0,7
UBERON:0001506|left,bodyparts3d,True,male,TARO,reference_template,source-buffer-checked; anatomical-review-pending,CC-BY-4.0,7
UBERON:0011011|right,bodyparts3d,True,male,TARO,reference_template,source-buffer-checked; anatomical-review-pending,CC-BY-4.0,7
UBERON:0011011|left,bodyparts3d,True,male,TARO,reference_template,source-buffer-checked; anatomical-review-pending,CC-BY-4.0,7
UBERON:0001505|right,bodyparts3d,True,male,TARO,reference_template,source-buffer-checked; anatomical-review-pending,CC-BY-4.0,7
UBERON:0001505|left,bodyparts3d,True,male,TARO,reference_template,source-buffer-checked; anatomical-review-pending,CC-BY-4.0,7
UBERON:0001525|right,bodyparts3d,True,male,TARO,reference_template,source-buffer-checked; anatomical-review-pending,CC-BY-4.0,7
UBERON:0001525|left,bodyparts3d,True,male,TARO,reference_template,source-buffer-checked; anatomical-review-pending,CC-BY-4.0,7
UBERON:0001524|right,bodyparts3d,True,male,TARO,reference_template,source-buffer-checked; anatomical-review-pending,CC-BY-4.0,7
UBERON:0001524|left,bodyparts3d,True,male,TARO,reference_template,source-buffer-checked; anatomical-review-pending,CC-BY-4.0,7
UBERON:0007614|right,bodyparts3d,True,male,TARO,reference_template,source-buffer-checked; anatomical-review-pending,CC-BY-4.0,7
UBERON:0007614|left,bodyparts3d,True,male,TARO,reference_template,source-buffer-checked; anatomical-review-pending,CC-BY-4.0,7
UBERON:0007612|right,bodyparts3d,True,male,TARO,reference_template,source-buffer-checked; anatomical-review-pending,CC-BY-4.0,7
UBERON:0007612|left,bodyparts3d,True,male,TARO,reference_template,source-buffer-checked; anatomical-review-pending,CC-BY-4.0,7
FMA:38524|right,bodyparts3d,True,male,TARO,reference_template,source-buffer-checked; anatomical-review-pending,CC-BY-4.0,7
FMA:38524|left,bodyparts3d,True,male,TARO,reference_template,source-buffer-checked; anatomical-review-pending,CC-BY-4.0,7
UBERON:0017618|right,bodyparts3d,True,male,TARO,reference_template,source-buffer-checked; anatomical-review-pending,CC-BY-4.0,7
UBERON:0017618|left,bodyparts3d,True,male,TARO,reference_template,source-buffer-checked; anatomical-review-pending,CC-BY-4.0,7
UBERON:0003234|right,bodyparts3d,True,male,TARO,reference_template,source-buffer-checked; anatomical-review-pending,CC-BY-4.0,7
UBERON:0003234|left,bodyparts3d,True,male,TARO,reference_template,source-buffer-checked; anatomical-review-pending,CC-BY-4.0,7
UBERON:0001521|right,bodyparts3d,True,male,TARO,reference_template,source-buffer-checked; anatomical-review-pending,CC-BY-4.0,7
UBERON:0001521|left,bodyparts3d,True,male,TARO,reference_template,source-buffer-checked; anatomical-review-pending,CC-BY-4.0,7
UBERON:0001523|right,bodyparts3d,True,male,TARO,reference_template,source-buffer-checked; anatomical-review-pending,CC-BY-4.0,7
UBERON:0001523|left,bodyparts3d,True,male,TARO,reference_template,source-buffer-checked; anatomical-review-pending,CC-BY-4.0,7
UBERON:0008446|right,bodyparts3d,True,male,TARO,reference_template,source-buffer-checked; anatomical-review-pending,CC-BY-4.0,7
UBERON:0008446|left,bodyparts3d,True,male,TARO,reference_template,source-buffer-checked; anatomical-review-pending,CC-BY-4.0,7
UBERON:0003222|right,bodyparts3d,True,male,TARO,reference_template,source-buffer-checked; anatomical-review-pending,CC-BY-4.0,7
UBERON:0003222|left,bodyparts3d,True,male,TARO,reference_template,source-buffer-checked; anatomical-review-pending,CC-BY-4.0,7
UBERON:0001477|right,bodyparts3d,True,male,TARO,reference_template,source-buffer-checked; anatomical-review-pending,CC-BY-4.0,7
UBERON:0001477|left,bodyparts3d,True,male,TARO,reference_template,source-buffer-checked; anatomical-review-pending,CC-BY-4.0,7
FMA:37379|right,bodyparts3d,True,male,TARO,reference_template,source-buffer-checked; anatomical-review-pending,CC-BY-4.0,7
FMA:37379|left,bodyparts3d,True,male,TARO,reference_template,source-buffer-checked; anatomical-review-pending,CC-BY-4.0,7
UBERON:0016493|right,bodyparts3d,True,male,TARO,reference_template,source-buffer-checked; anatomical-review-pending,CC-BY-4.0,7
UBERON:0016493|left,bodyparts3d,True,male,TARO,reference_template,source-buffer-checked; anatomical-review-pending,CC-BY-4.0,7
FMA:38453|right,bodyparts3d,True,male,TARO,reference_template,source-buffer-checked; anatomical-review-pending,CC-BY-4.0,7
FMA:38453|left,bodyparts3d,True,male,TARO,reference_template,source-buffer-checked; anatomical-review-pending,CC-BY-4.0,7
UBERON:0001129|right,bodyparts3d,True,male,TARO,reference_template,source-buffer-checked; anatomical-review-pending,CC-BY-4.0,7
UBERON:0001129|left,bodyparts3d,True,male,TARO,reference_template,source-buffer-checked; anatomical-review-pending,CC-BY-4.0,7
UBERON:0003228|right,bodyparts3d,True,male,TARO,reference_template,source-buffer-checked; anatomical-review-pending,CC-BY-4.0,7
UBERON:0003228|left,bodyparts3d,True,male,TARO,reference_template,source-buffer-checked; anatomical-review-pending,CC-BY-4.0,7
UBERON:0002383|right,bodyparts3d,True,male,TARO,reference_template,source-buffer-checked; anatomical-review-pending,CC-BY-4.0,7
UBERON:0002383|left,bodyparts3d,True,male,TARO,reference_template,source-buffer-checked; anatomical-review-pending,CC-BY-4.0,7
UBERON:0001478|right,bodyparts3d,True,male,TARO,reference_template,source-buffer-checked; anatomical-review-pending,CC-BY-4.0,7
UBERON:0001478|left,bodyparts3d,True,male,TARO,reference_template,source-buffer-checked; anatomical-review-pending,CC-BY-4.0,7
UBERON:0010496|right,bodyparts3d,True,male,TARO,reference_template,source-buffer-checked; anatomical-review-pending,CC-BY-4.0,7
UBERON:0010496|left,bodyparts3d,True,male,TARO,reference_template,source-buffer-checked; anatomical-review-pending,CC-BY-4.0,7
FMA:71319|right,bodyparts3d,True,male,TARO,reference_template,source-buffer-checked; anatomical-review-pending,CC-BY-4.0,7
FMA:71319|left,bodyparts3d,True,male,TARO,reference_template,source-buffer-checked; anatomical-review-pending,CC-BY-4.0,7
FMA:71318|right,bodyparts3d,True,male,TARO,reference_template,source-buffer-checked; anatomical-review-pending,CC-BY-4.0,7
FMA:71318|left,bodyparts3d,True,male,TARO,reference_template,source-buffer-checked; anatomical-review-pending,CC-BY-4.0,7
FMA:71320|right,bodyparts3d,True,male,TARO,reference_template,source-buffer-checked; anatomical-review-pending,CC-BY-4.0,7
FMA:71320|left,bodyparts3d,True,male,TARO,reference_template,source-buffer-checked; anatomical-review-pending,CC-BY-4.0,7
UBERON:0007169|right,bodyparts3d,True,male,TARO,reference_template,source-buffer-checked; anatomical-review-pending,CC-BY-4.0,7
UBERON:0007169|left,bodyparts3d,True,male,TARO,reference_template,source-buffer-checked; anatomical-review-pending,CC-BY-4.0,7
FMA:34679|right,bodyparts3d,True,male,TARO,reference_template,source-buffer-checked; anatomical-review-pending,CC-BY-4.0,7
FMA:34679|left,bodyparts3d,True,male,TARO,reference_template,source-buffer-checked; anatomical-review-pending,CC-BY-4.0,7
FMA:46104|right,bodyparts3d,True,male,TARO,reference_template,source-buffer-checked; anatomical-review-pending,CC-BY-4.0,7
FMA:46104|left,bodyparts3d,True,male,TARO,reference_template,source-buffer-checked; anatomical-review-pending,CC-BY-4.0,7
FMA:46120|right,bodyparts3d,True,male,TARO,reference_template,source-buffer-checked; anatomical-review-pending,CC-BY-4.0,7
FMA:46120|left,bodyparts3d,True,male,TARO,reference_template,source-buffer-checked; anatomical-review-pending,CC-BY-4.0,7
FMA:38559|right,bodyparts3d,True,male,TARO,reference_template,source-buffer-checked; anatomical-review-pending,CC-BY-4.0,7
FMA:38559|left,bodyparts3d,True,male,TARO,reference_template,source-buffer-checked; anatomical-review-pending,CC-BY-4.0,7
UBERON:0001526|right,bodyparts3d,True,male,TARO,reference_template,source-buffer-checked; anatomical-review-pending,CC-BY-4.0,7
UBERON:0001526|left,bodyparts3d,True,male,TARO,reference_template,source-buffer-checked; anatomical-review-pending,CC-BY-4.0,7
FMA:38616|right,bodyparts3d,True,male,TARO,reference_template,source-buffer-checked; anatomical-review-pending,CC-BY-4.0,7
FMA:38616|left,bodyparts3d,True,male,TARO,reference_template,source-buffer-checked; anatomical-review-pending,CC-BY-4.0,7
FMA:32555|right,bodyparts3d,True,male,TARO,reference_template,source-buffer-checked; anatomical-review-pending,CC-BY-4.0,7
FMA:32555|left,bodyparts3d,True,male,TARO,reference_template,source-buffer-checked; anatomical-review-pending,CC-BY-4.0,7
FMA:32557|right,bodyparts3d,True,male,TARO,reference_template,source-buffer-checked; anatomical-review-pending,CC-BY-4.0,7
FMA:32557|left,bodyparts3d,True,male,TARO,reference_template,source-buffer-checked; anatomical-review-pending,CC-BY-4.0,7
FMA:23084|right,bodyparts3d,True,male,TARO,reference_template,source-buffer-checked; anatomical-review-pending,CC-BY-4.0,7
FMA:23084|left,bodyparts3d,True,male,TARO,reference_template,source-buffer-checked; anatomical-review-pending,CC-BY-4.0,7
FMA:23082|right,bodyparts3d,True,male,TARO,reference_template,source-buffer-checked; anatomical-review-pending,CC-BY-4.0,7
FMA:23082|left,bodyparts3d,True,male,TARO,reference_template,source-buffer-checked; anatomical-review-pending,CC-BY-4.0,7
FMA:23083,bodyparts3d,True,male,TARO,reference_template,source-buffer-checked; anatomical-review-pending,CC-BY-4.0,7
FMA:23083,bodyparts3d,True,male,TARO,reference_template,source-buffer-checked; anatomical-review-pending,CC-BY-4.0,7
UBERON:0008546|right,bodyparts3d,True,male,TARO,reference_template,source-buffer-checked; anatomical-review-pending,CC-BY-4.0,7
UBERON:0008546|left,bodyparts3d,True,male,TARO,reference_template,source-buffer-checked; anatomical-review-pending,CC-BY-4.0,7
UBERON:0011207|right,bodyparts3d,True,male,TARO,reference_template,source-buffer-checked; anatomical-review-pending,CC-BY-4.0,7
UBERON:0011207|left,bodyparts3d,True,male,TARO,reference_template,source-buffer-checked; anatomical-review-pending,CC-BY-4.0,7
UBERON:0001400|right,bodyparts3d,True,male,TARO,reference_template,source-buffer-checked; anatomical-review-pending,CC-BY-4.0,7
UBERON:0001400|left,bodyparts3d,True,male,TARO,reference_template,source-buffer-checked; anatomical-review-pending,CC-BY-4.0,7
UBERON:0005461|right,bodyparts3d,True,male,TARO,reference_template,source-buffer-checked; anatomical-review-pending,CC-BY-4.0,7
UBERON:0005461|left,bodyparts3d,True,male,TARO,reference_template,source-buffer-checked; anatomical-review-pending,CC-BY-4.0,7
UBERON:0001403|right,bodyparts3d,True,male,TARO,reference_template,source-buffer-checked; anatomical-review-pending,CC-BY-4.0,7
UBERON:0001403|left,bodyparts3d,True,male,TARO,reference_template,source-buffer-checked; anatomical-review-pending,CC-BY-4.0,7
UBERON:0001402|right,bodyparts3d,True,male,TARO,reference_template,source-buffer-checked; anatomical-review-pending,CC-BY-4.0,7
UBERON:0001402|left,bodyparts3d,True,male,TARO,reference_template,source-buffer-checked; anatomical-review-pending,CC-BY-4.0,7
UBERON:0001401|right,bodyparts3d,True,male,TARO,reference_template,source-buffer-checked; anatomical-review-pending,CC-BY-4.0,7
UBERON:0001401|left,bodyparts3d,True,male,TARO,reference_template,source-buffer-checked; anatomical-review-pending,CC-BY-4.0,7
FMA:13379|right,bodyparts3d,True,male,TARO,reference_template,source-buffer-checked; anatomical-review-pending,CC-BY-4.0,7
FMA:13379|left,bodyparts3d,True,male,TARO,reference_template,source-buffer-checked; anatomical-review-pending,CC-BY-4.0,7
FMA:13380|right,bodyparts3d,True,male,TARO,reference_template,source-buffer-checked; anatomical-review-pending,CC-BY-4.0,7
FMA:13380|left,bodyparts3d,True,male,TARO,reference_template,source-buffer-checked; anatomical-review-pending,CC-BY-4.0,7
UBERON:0001409|right,bodyparts3d,True,male,TARO,reference_template,source-buffer-checked; anatomical-review-pending,CC-BY-4.0,7
UBERON:0001409|left,bodyparts3d,True,male,TARO,reference_template,source-buffer-checked; anatomical-review-pending,CC-BY-4.0,7
UBERON:0001408|right,bodyparts3d,True,male,TARO,reference_template,source-buffer-checked; anatomical-review-pending,CC-BY-4.0,7
UBERON:0001408|left,bodyparts3d,True,male,TARO,reference_template,source-buffer-checked; anatomical-review-pending,CC-BY-4.0,7
UBERON:0001407|right,bodyparts3d,True,male,TARO,reference_template,source-buffer-checked; anatomical-review-pending,CC-BY-4.0,7
UBERON:0001407|left,bodyparts3d,True,male,TARO,reference_template,source-buffer-checked; anatomical-review-pending,CC-BY-4.0,7
UBERON:0001127|right,bodyparts3d,True,male,TARO,reference_template,source-buffer-checked; anatomical-review-pending,CC-BY-4.0,7
UBERON:0001127|left,bodyparts3d,True,male,TARO,reference_template,source-buffer-checked; anatomical-review-pending,CC-BY-4.0,7
UBERON:0001126|right,bodyparts3d,True,male,TARO,reference_template,source-buffer-checked; anatomical-review-pending,CC-BY-4.0,7
UBERON:0001126|left,bodyparts3d,True,male,TARO,reference_template,source-buffer-checked; anatomical-review-pending,CC-BY-4.0,7
FMA:77179,bodyparts3d,True,male,TARO,reference_template,source-buffer-checked; anatomical-review-pending,CC-BY-4.0,7
FMA:77179,bodyparts3d,True,male,TARO,reference_template,source-buffer-checked; anatomical-review-pending,CC-BY-4.0,7
UBERON:0001405|right,bodyparts3d,True,male,TARO,reference_template,source-buffer-checked; anatomical-review-pending,CC-BY-4.0,7
UBERON:0001405|left,bodyparts3d,True,male,TARO,reference_template,source-buffer-checked; anatomical-review-pending,CC-BY-4.0,7
UBERON:0000711|right,bodyparts3d,True,male,TARO,reference_template,source-buffer-checked; anatomical-review-pending,CC-BY-4.0,7
UBERON:0000711|left,bodyparts3d,True,male,TARO,reference_template,source-buffer-checked; anatomical-review-pending,CC-BY-4.0,7
UBERON:0008544|right,bodyparts3d,True,male,TARO,reference_template,source-buffer-checked; anatomical-review-pending,CC-BY-4.0,7
UBERON:0008544|left,bodyparts3d,True,male,TARO,reference_template,source-buffer-checked; anatomical-review-pending,CC-BY-4.0,7
FMA:22850,bodyparts3d,True,male,TARO,reference_template,source-buffer-checked; anatomical-review-pending,CC-BY-4.0,7
FMA:22850,bodyparts3d,True,male,TARO,reference_template,source-buffer-checked; anatomical-review-pending,CC-BY-4.0,7
FMA:22851,bodyparts3d,True,male,TARO,reference_template,source-buffer-checked; anatomical-review-pending,CC-BY-4.0,7
FMA:22851,bodyparts3d,True,male,TARO,reference_template,source-buffer-checked; anatomical-review-pending,CC-BY-4.0,7
FMA:71442,bodyparts3d,True,male,TARO,reference_template,source-buffer-checked; anatomical-review-pending,CC-BY-4.0,7
FMA:71442,bodyparts3d,True,male,TARO,reference_template,source-buffer-checked; anatomical-review-pending,CC-BY-4.0,7
FMA:71307,bodyparts3d,True,male,TARO,reference_template,source-buffer-checked; anatomical-review-pending,CC-BY-4.0,7
FMA:71307,bodyparts3d,True,male,TARO,reference_template,source-buffer-checked; anatomical-review-pending,CC-BY-4.0,7
FMA:22846|right,bodyparts3d,True,male,TARO,reference_template,source-buffer-checked; anatomical-review-pending,CC-BY-4.0,7
FMA:22846|left,bodyparts3d,True,male,TARO,reference_template,source-buffer-checked; anatomical-review-pending,CC-BY-4.0,7
FMA:71309,bodyparts3d,True,male,TARO,reference_template,source-buffer-checked; anatomical-review-pending,CC-BY-4.0,7
FMA:71309,bodyparts3d,True,male,TARO,reference_template,source-buffer-checked; anatomical-review-pending,CC-BY-4.0,7
FMA:71443,bodyparts3d,True,male,TARO,reference_template,source-buffer-checked; anatomical-review-pending,CC-BY-4.0,7
FMA:71443,bodyparts3d,True,male,TARO,reference_template,source-buffer-checked; anatomical-review-pending,CC-BY-4.0,7
FMA:32556|right,bodyparts3d,True,male,TARO,reference_template,source-buffer-checked; anatomical-review-pending,CC-BY-4.0,7
FMA:32556|left,bodyparts3d,True,male,TARO,reference_template,source-buffer-checked; anatomical-review-pending,CC-BY-4.0,7
UBERON:0001562|left,bodyparts3d,True,male,TARO,reference_template,source-buffer-checked; anatomical-review-pending,CC-BY-4.0,7
UBERON:0001562|right,bodyparts3d,True,male,TARO,reference_template,source-buffer-checked; anatomical-review-pending,CC-BY-4.0,7
FMA:46281|left,bodyparts3d,True,male,TARO,reference_template,source-buffer-checked; anatomical-review-pending,CC-BY-4.0,7
UBERON:0005467|left,bodyparts3d,True,male,TARO,reference_template,source-buffer-checked; anatomical-review-pending,CC-BY-4.0,7
UBERON:0001565|left,bodyparts3d,True,male,TARO,reference_template,source-buffer-checked; anatomical-review-pending,CC-BY-4.0,7
UBERON:0001562|left,bodyparts3d,True,male,TARO,reference_template,source-buffer-checked; anatomical-review-pending,CC-BY-4.0,7
UBERON:0001563|left,bodyparts3d,True,male,TARO,reference_template,source-buffer-checked; anatomical-review-pending,CC-BY-4.0,7
UBERON:0001564|left,bodyparts3d,True,male,TARO,reference_template,source-buffer-checked; anatomical-review-pending,CC-BY-4.0,7
FMA:32528|left,bodyparts3d,True,male,TARO,reference_template,source-buffer-checked; anatomical-review-pending,CC-BY-4.0,7
FMA:32527|left,bodyparts3d,True,male,TARO,reference_template,source-buffer-checked; anatomical-review-pending,CC-BY-4.0,7
UBERON:0001108|left,bodyparts3d,True,male,TARO,reference_template,source-buffer-checked; anatomical-review-pending,CC-BY-4.0,7
UBERON:0008453|left,bodyparts3d,True,male,TARO,reference_template,source-buffer-checked; anatomical-review-pending,CC-BY-4.0,7
UBERON:0008454|left,bodyparts3d,True,male,TARO,reference_template,source-buffer-checked; anatomical-review-pending,CC-BY-4.0,7
UBERON:0008455|left,bodyparts3d,True,male,TARO,reference_template,source-buffer-checked; anatomical-review-pending,CC-BY-4.0,7
UBERON:0003250|left,bodyparts3d,True,male,TARO,reference_template,source-buffer-checked; anatomical-review-pending,CC-BY-4.0,7
UBERON:0008622|left,bodyparts3d,True,male,TARO,reference_template,source-buffer-checked; anatomical-review-pending,CC-BY-4.0,7
UBERON:0001122|left,bodyparts3d,True,male,TARO,reference_template,source-buffer-checked; anatomical-review-pending,CC-BY-4.0,7
UBERON:0001123|left,bodyparts3d,True,male,TARO,reference_template,source-buffer-checked; anatomical-review-pending,CC-BY-4.0,7
UBERON:0001128|left,bodyparts3d,True,male,TARO,reference_template,source-buffer-checked; anatomical-review-pending,CC-BY-4.0,7
UBERON:0001107|left,bodyparts3d,True,male,TARO,reference_template,source-buffer-checked; anatomical-review-pending,CC-BY-4.0,7
UBERON:0001109|left,bodyparts3d,True,male,TARO,reference_template,source-buffer-checked; anatomical-review-pending,CC-BY-4.0,7
UBERON:0008712|left,bodyparts3d,True,male,TARO,reference_template,source-buffer-checked; anatomical-review-pending,CC-BY-4.0,7
UBERON:0001110|left,bodyparts3d,True,male,TARO,reference_template,source-buffer-checked; anatomical-review-pending,CC-BY-4.0,7
UBERON:0001562|left,bodyparts3d,True,male,TARO,reference_template,source-buffer-checked; anatomical-review-pending,CC-BY-4.0,7
UBERON:0001562|right,bodyparts3d,True,male,TARO,reference_template,source-buffer-checked; anatomical-review-pending,CC-BY-4.0,7
UBERON:0001565|right,bodyparts3d,True,male,TARO,reference_template,source-buffer-checked; anatomical-review-pending,CC-BY-4.0,7
FMA:65410|right,bodyparts3d,True,male,TARO,reference_template,source-buffer-checked; anatomical-review-pending,CC-BY-4.0,7
UBERON:0001563|right,bodyparts3d,True,male,TARO,reference_template,source-buffer-checked; anatomical-review-pending,CC-BY-4.0,7
UBERON:0001564|right,bodyparts3d,True,male,TARO,reference_template,source-buffer-checked; anatomical-review-pending,CC-BY-4.0,7
FMA:32528|right,bodyparts3d,True,male,TARO,reference_template,source-buffer-checked; anatomical-review-pending,CC-BY-4.0,7
FMA:32527|right,bodyparts3d,True,male,TARO,reference_template,source-buffer-checked; anatomical-review-pending,CC-BY-4.0,7
UBERON:0001108|right,bodyparts3d,True,male,TARO,reference_template,source-buffer-checked; anatomical-review-pending,CC-BY-4.0,7
UBERON:0005467|right,bodyparts3d,True,male,TARO,reference_template,source-buffer-checked; anatomical-review-pending,CC-BY-4.0,7
UBERON:0008453|right,bodyparts3d,True,male,TARO,reference_template,source-buffer-checked; anatomical-review-pending,CC-BY-4.0,7
UBERON:0008454|right,bodyparts3d,True,male,TARO,reference_template,source-buffer-checked; anatomical-review-pending,CC-BY-4.0,7
UBERON:0008455|right,bodyparts3d,True,male,TARO,reference_template,source-buffer-checked; anatomical-review-pending,CC-BY-4.0,7
UBERON:0003250|right,bodyparts3d,True,male,TARO,reference_template,source-buffer-checked; anatomical-review-pending,CC-BY-4.0,7
UBERON:0008622|right,bodyparts3d,True,male,TARO,reference_template,source-buffer-checked; anatomical-review-pending,CC-BY-4.0,7
UBERON:0001122|right,bodyparts3d,True,male,TARO,reference_template,source-buffer-checked; anatomical-review-pending,CC-BY-4.0,7
UBERON:0001123|right,bodyparts3d,True,male,TARO,reference_template,source-buffer-checked; anatomical-review-pending,CC-BY-4.0,7
UBERON:0001128|right,bodyparts3d,True,male,TARO,reference_template,source-buffer-checked; anatomical-review-pending,CC-BY-4.0,7
UBERON:0001107|right,bodyparts3d,True,male,TARO,reference_template,source-buffer-checked; anatomical-review-pending,CC-BY-4.0,7
UBERON:0001109|right,bodyparts3d,True,male,TARO,reference_template,source-buffer-checked; anatomical-review-pending,CC-BY-4.0,7
UBERON:0008712|right,bodyparts3d,True,male,TARO,reference_template,source-buffer-checked; anatomical-review-pending,CC-BY-4.0,7
UBERON:0001110|right,bodyparts3d,True,male,TARO,reference_template,source-buffer-checked; anatomical-review-pending,CC-BY-4.0,7
FMA:46280|left,bodyparts3d,True,male,TARO,reference_template,source-buffer-checked; anatomical-review-pending,CC-BY-4.0,7
FMA:46282|left,bodyparts3d,True,male,TARO,reference_template,source-buffer-checked; anatomical-review-pending,CC-BY-4.0,7
UBERON:0001624|right,bodyparts3d,True,male,TARO,reference_template,source-buffer-checked; anatomical-review-pending,CC-BY-4.0,7
UBERON:0001624|left,bodyparts3d,True,male,TARO,reference_template,source-buffer-checked; anatomical-review-pending,CC-BY-4.0,7
FMA:50169,bodyparts3d,True,male,TARO,reference_template,source-buffer-checked; anatomical-review-pending,CC-BY-4.0,7
FMA:50544,bodyparts3d,True,male,TARO,reference_template,source-buffer-checked; anatomical-review-pending,CC-BY-4.0,7
FMA:50544,bodyparts3d,True,male,TARO,reference_template,source-buffer-checked; anatomical-review-pending,CC-BY-4.0,7
FMA:50532|right,bodyparts3d,True,male,TARO,reference_template,source-buffer-checked; anatomical-review-pending,CC-BY-4.0,7
FMA:50533|left,bodyparts3d,True,male,TARO,reference_template,source-buffer-checked; anatomical-review-pending,CC-BY-4.0,7
UBERON:0014696|right,bodyparts3d,True,male,TARO,reference_template,source-buffer-checked; anatomical-review-pending,CC-BY-4.0,7
UBERON:0014696|left,bodyparts3d,True,male,TARO,reference_template,source-buffer-checked; anatomical-review-pending,CC-BY-4.0,7
UBERON:0035225|right,bodyparts3d,True,male,TARO,reference_template,source-buffer-checked; anatomical-review-pending,CC-BY-4.0,7
UBERON:0035225|left,bodyparts3d,True,male,TARO,reference_template,source-buffer-checked; anatomical-review-pending,CC-BY-4.0,7
FMA:50368|right,bodyparts3d,True,male,TARO,reference_template,source-buffer-checked; anatomical-review-pending,CC-BY-4.0,7
FMA:50368|left,bodyparts3d,True,male,TARO,reference_template,source-buffer-checked; anatomical-review-pending,CC-BY-4.0,7
FMA:50648|right,bodyparts3d,True,male,TARO,reference_template,source-buffer-checked; anatomical-review-pending,CC-BY-4.0,7
FMA:50648|left,bodyparts3d,True,male,TARO,reference_template,source-buffer-checked; anatomical-review-pending,CC-BY-4.0,7
FMA:50376|right,bodyparts3d,True,male,TARO,reference_template,source-buffer-checked; anatomical-review-pending,CC-BY-4.0,7
FMA:50376|left,bodyparts3d,True,male,TARO,reference_template,source-buffer-checked; anatomical-review-pending,CC-BY-4.0,7
FMA:50376|right,bodyparts3d,True,male,TARO,reference_template,source-buffer-checked; anatomical-review-pending,CC-BY-4.0,7
FMA:50376|left,bodyparts3d,True,male,TARO,reference_template,source-buffer-checked; anatomical-review-pending,CC-BY-4.0,7
FMA:77439,bodyparts3d,True,male,TARO,reference_template,source-buffer-checked; anatomical-review-pending,CC-BY-4.0,7
FMA:77439,bodyparts3d,True,male,TARO,reference_template,source-buffer-checked; anatomical-review-pending,CC-BY-4.0,7
FMA:77439,bodyparts3d,True,male,TARO,reference_template,source-buffer-checked; anatomical-review-pending,CC-BY-4.0,7
FMA:77439,bodyparts3d,True,male,TARO,reference_template,source-buffer-checked; anatomical-review-pending,CC-BY-4.0,7
FMA:50482|right,bodyparts3d,True,male,TARO,reference_template,source-buffer-checked; anatomical-review-pending,CC-BY-4.0,7
FMA:50482|left,bodyparts3d,True,male,TARO,reference_template,source-buffer-checked; anatomical-review-pending,CC-BY-4.0,7
UBERON:0035462|right,bodyparts3d,True,male,TARO,reference_template,source-buffer-checked; anatomical-review-pending,CC-BY-4.0,7
UBERON:0035462|left,bodyparts3d,True,male,TARO,reference_template,source-buffer-checked; anatomical-review-pending,CC-BY-4.0,7
FMA:50479|right,bodyparts3d,True,male,TARO,reference_template,source-buffer-checked; anatomical-review-pending,CC-BY-4.0,7
FMA:50479|left,bodyparts3d,True,male,TARO,reference_template,source-buffer-checked; anatomical-review-pending,CC-BY-4.0,7
FMA:50479|right,bodyparts3d,True,male,TARO,reference_template,source-buffer-checked; anatomical-review-pending,CC-BY-4.0,7
FMA:50479|left,bodyparts3d,True,male,TARO,reference_template,source-buffer-checked; anatomical-review-pending,CC-BY-4.0,7
FMA:50479|right,bodyparts3d,True,male,TARO,reference_template,source-buffer-checked; anatomical-review-pending,CC-BY-4.0,7
FMA:50479|left,bodyparts3d,True,male,TARO,reference_template,source-buffer-checked; anatomical-review-pending,CC-BY-4.0,7
FMA:50339|right,bodyparts3d,True,male,TARO,reference_template,source-buffer-checked; anatomical-review-pending,CC-BY-4.0,7
FMA:50339|left,bodyparts3d,True,male,TARO,reference_template,source-buffer-checked; anatomical-review-pending,CC-BY-4.0,7
FMA:50542,bodyparts3d,True,male,TARO,reference_template,source-buffer-checked; anatomical-review-pending,CC-BY-4.0,7
FMA:50476|right,bodyparts3d,True,male,TARO,reference_template,source-buffer-checked; anatomical-review-pending,CC-BY-4.0,7
FMA:50477|left,bodyparts3d,True,male,TARO,reference_template,source-buffer-checked; anatomical-review-pending,CC-BY-4.0,7
FMA:50119|right,bodyparts3d,True,male,TARO,reference_template,source-buffer-checked; anatomical-review-pending,CC-BY-4.0,7
FMA:50119|left,bodyparts3d,True,male,TARO,reference_template,source-buffer-checked; anatomical-review-pending,CC-BY-4.0,7
FMA:50629|right,bodyparts3d,True,male,TARO,reference_template,source-buffer-checked; anatomical-review-pending,CC-BY-4.0,7
FMA:50629|left,bodyparts3d,True,male,TARO,reference_template,source-buffer-checked; anatomical-review-pending,CC-BY-4.0,7
FMA:50330|right,bodyparts3d,True,male,TARO,reference_template,source-buffer-checked; anatomical-review-pending,CC-BY-4.0,7
FMA:50330|left,bodyparts3d,True,male,TARO,reference_template,source-buffer-checked; anatomical-review-pending,CC-BY-4.0,7
FMA:50652|right,bodyparts3d,True,male,TARO,reference_template,source-buffer-checked; anatomical-review-pending,CC-BY-4.0,7
FMA:50652|left,bodyparts3d,True,male,TARO,reference_template,source-buffer-checked; anatomical-review-pending,CC-BY-4.0,7
FMA:50652|right,bodyparts3d,True,male,TARO,reference_template,source-buffer-checked; anatomical-review-pending,CC-BY-4.0,7
FMA:50652|left,bodyparts3d,True,male,TARO,reference_template,source-buffer-checked; anatomical-review-pending,CC-BY-4.0,7
FMA:50427|right,bodyparts3d,True,male,TARO,reference_template,source-buffer-checked; anatomical-review-pending,CC-BY-4.0,7
FMA:50427|left,bodyparts3d,True,male,TARO,reference_template,source-buffer-checked; anatomical-review-pending,CC-BY-4.0,7
FMA:50649|right,bodyparts3d,True,male,TARO,reference_template,source-buffer-checked; anatomical-review-pending,CC-BY-4.0,7
FMA:50649|left,bodyparts3d,True,male,TARO,reference_template,source-buffer-checked; anatomical-review-pending,CC-BY-4.0,7
FMA:50333|right,bodyparts3d,True,male,TARO,reference_template,source-buffer-checked; anatomical-review-pending,CC-BY-4.0,7
FMA:50333|left,bodyparts3d,True,male,TARO,reference_template,source-buffer-checked; anatomical-review-pending,CC-BY-4.0,7
UBERON:0001532|right,bodyparts3d,True,male,TARO,reference_template,source-buffer-checked; anatomical-review-pending,CC-BY-4.0,7
UBERON:0001532|left,bodyparts3d,True,male,TARO,reference_template,source-buffer-checked; anatomical-review-pending,CC-BY-4.0,7
FMA:50578|right,bodyparts3d,True,male,TARO,reference_template,source-buffer-checked; anatomical-review-pending,CC-BY-4.0,7
FMA:50579|left,bodyparts3d,True,male,TARO,reference_template,source-buffer-checked; anatomical-review-pending,CC-BY-4.0,7
FMA:50565|right,bodyparts3d,True,male,TARO,reference_template,source-buffer-checked; anatomical-review-pending,CC-BY-4.0,7
FMA:50565|left,bodyparts3d,True,male,TARO,reference_template,source-buffer-checked; anatomical-review-pending,CC-BY-4.0,7
FMA:50442|right,bodyparts3d,True,male,TARO,reference_template,source-buffer-checked; anatomical-review-pending,CC-BY-4.0,7
FMA:50442|left,bodyparts3d,True,male,TARO,reference_template,source-buffer-checked; anatomical-review-pending,CC-BY-4.0,7
FMA:50442|right,bodyparts3d,True,male,TARO,reference_template,source-buffer-checked; anatomical-review-pending,CC-BY-4.0,7
FMA:50442|left,bodyparts3d,True,male,TARO,reference_template,source-buffer-checked; anatomical-review-pending,CC-BY-4.0,7
FMA:50633|right,bodyparts3d,True,male,TARO,reference_template,source-buffer-checked; anatomical-review-pending,CC-BY-4.0,7
FMA:50633|left,bodyparts3d,True,male,TARO,reference_template,source-buffer-checked; anatomical-review-pending,CC-BY-4.0,7
FMA:50580|right,bodyparts3d,True,male,TARO,reference_template,source-buffer-checked; anatomical-review-pending,CC-BY-4.0,7
FMA:50580|left,bodyparts3d,True,male,TARO,reference_template,source-buffer-checked; anatomical-review-pending,CC-BY-4.0,7
FMA:50564|right,bodyparts3d,True,male,TARO,reference_template,source-buffer-checked; anatomical-review-pending,CC-BY-4.0,7
FMA:50564|left,bodyparts3d,True,male,TARO,reference_template,source-buffer-checked; anatomical-review-pending,CC-BY-4.0,7
FMA:50328|right,bodyparts3d,True,male,TARO,reference_template,source-buffer-checked; anatomical-review-pending,CC-BY-4.0,7
FMA:50328|left,bodyparts3d,True,male,TARO,reference_template,source-buffer-checked; anatomical-review-pending,CC-BY-4.0,7
FMA:50638|right,bodyparts3d,True,male,TARO,reference_template,source-buffer-checked; anatomical-review-pending,CC-BY-4.0,7
FMA:50638|left,bodyparts3d,True,male,TARO,reference_template,source-buffer-checked; anatomical-review-pending,CC-BY-4.0,7
FMA:50365|right,bodyparts3d,True,male,TARO,reference_template,source-buffer-checked; anatomical-review-pending,CC-BY-4.0,7
FMA:50365|left,bodyparts3d,True,male,TARO,reference_template,source-buffer-checked; anatomical-review-pending,CC-BY-4.0,7
FMA:50466|right,bodyparts3d,True,male,TARO,reference_template,source-buffer-checked; anatomical-review-pending,CC-BY-4.0,7
FMA:50466|left,bodyparts3d,True,male,TARO,reference_template,source-buffer-checked; anatomical-review-pending,CC-BY-4.0,7
FMA:50368|right,bodyparts3d,True,male,TARO,reference_template,source-buffer-checked; anatomical-review-pending,CC-BY-4.0,7
FMA:50368|left,bodyparts3d,True,male,TARO,reference_template,source-buffer-checked; anatomical-review-pending,CC-BY-4.0,7
UBERON:0001619|right,bodyparts3d,True,male,TARO,reference_template,source-buffer-checked; anatomical-review-pending,CC-BY-4.0,7
UBERON:0001619|left,bodyparts3d,True,male,TARO,reference_template,source-buffer-checked; anatomical-review-pending,CC-BY-4.0,7
FMA:50336|right,bodyparts3d,True,male,TARO,reference_template,source-buffer-checked; anatomical-review-pending,CC-BY-4.0,7
FMA:50336|left,bodyparts3d,True,male,TARO,reference_template,source-buffer-checked; anatomical-review-pending,CC-BY-4.0,7
FMA:50336|right,bodyparts3d,True,male,TARO,reference_template,source-buffer-checked; anatomical-review-pending,CC-BY-4.0,7
FMA:50336|left,bodyparts3d,True,male,TARO,reference_template,source-buffer-checked; anatomical-review-pending,CC-BY-4.0,7
FMA:50336|right,bodyparts3d,True,male,TARO,reference_template,source-buffer-checked; anatomical-review-pending,CC-BY-4.0,7
FMA:50336|left,bodyparts3d,True,male,TARO,reference_template,source-buffer-checked; anatomical-review-pending,CC-BY-4.0,7
FMA:50337|right,bodyparts3d,True,male,TARO,reference_template,source-buffer-checked; anatomical-review-pending,CC-BY-4.0,7
FMA:50337|left,bodyparts3d,True,male,TARO,reference_template,source-buffer-checked; anatomical-review-pending,CC-BY-4.0,7
UBERON:0009688|right,bodyparts3d,True,male,TARO,reference_template,source-buffer-checked; anatomical-review-pending,CC-BY-4.0,7
UBERON:0009688|left,bodyparts3d,True,male,TARO,reference_template,source-buffer-checked; anatomical-review-pending,CC-BY-4.0,7
UBERON:0009688|right,bodyparts3d,True,male,TARO,reference_template,source-buffer-checked; anatomical-review-pending,CC-BY-4.0,7
UBERON:0009688|left,bodyparts3d,True,male,TARO,reference_template,source-buffer-checked; anatomical-review-pending,CC-BY-4.0,7
UBERON:0009688|right,bodyparts3d,True,male,TARO,reference_template,source-buffer-checked; anatomical-review-pending,CC-BY-4.0,7
UBERON:0009688|left,bodyparts3d,True,male,TARO,reference_template,source-buffer-checked; anatomical-review-pending,CC-BY-4.0,7
UBERON:0009688|right,bodyparts3d,True,male,TARO,reference_template,source-buffer-checked; anatomical-review-pending,CC-BY-4.0,7
UBERON:0009688|left,bodyparts3d,True,male,TARO,reference_template,source-buffer-checked; anatomical-review-pending,CC-BY-4.0,7
UBERON:0009688|right,bodyparts3d,True,male,TARO,reference_template,source-buffer-checked; anatomical-review-pending,CC-BY-4.0,7
UBERON:0009688|left,bodyparts3d,True,male,TARO,reference_template,source-buffer-checked; anatomical-review-pending,CC-BY-4.0,7
UBERON:0009688|right,bodyparts3d,True,male,TARO,reference_template,source-buffer-checked; anatomical-review-pending,CC-BY-4.0,7
UBERON:0009688|left,bodyparts3d,True,male,TARO,reference_template,source-buffer-checked; anatomical-review-pending,CC-BY-4.0,7
UBERON:0009688|right,bodyparts3d,True,male,TARO,reference_template,source-buffer-checked; anatomical-review-pending,CC-BY-4.0,7
UBERON:0009688|left,bodyparts3d,True,male,TARO,reference_template,source-buffer-checked; anatomical-review-pending,CC-BY-4.0,7
UBERON:0009688|right,bodyparts3d,True,male,TARO,reference_template,source-buffer-checked; anatomical-review-pending,CC-BY-4.0,7
UBERON:0009688|left,bodyparts3d,True,male,TARO,reference_template,source-buffer-checked; anatomical-review-pending,CC-BY-4.0,7
UBERON:0009688|right,bodyparts3d,True,male,TARO,reference_template,source-buffer-checked; anatomical-review-pending,CC-BY-4.0,7
UBERON:0009688|left,bodyparts3d,True,male,TARO,reference_template,source-buffer-checked; anatomical-review-pending,CC-BY-4.0,7
UBERON:0009688|right,bodyparts3d,True,male,TARO,reference_template,source-buffer-checked; anatomical-review-pending,CC-BY-4.0,7
UBERON:0009688|left,bodyparts3d,True,male,TARO,reference_template,source-buffer-checked; anatomical-review-pending,CC-BY-4.0,7
UBERON:0009688|right,bodyparts3d,True,male,TARO,reference_template,source-buffer-checked; anatomical-review-pending,CC-BY-4.0,7
UBERON:0009688|left,bodyparts3d,True,male,TARO,reference_template,source-buffer-checked; anatomical-review-pending,CC-BY-4.0,7
UBERON:0009688|right,bodyparts3d,True,male,TARO,reference_template,source-buffer-checked; anatomical-review-pending,CC-BY-4.0,7
UBERON:0009688|left,bodyparts3d,True,male,TARO,reference_template,source-buffer-checked; anatomical-review-pending,CC-BY-4.0,7
FMA:50379|right,bodyparts3d,True,male,TARO,reference_template,source-buffer-checked; anatomical-review-pending,CC-BY-4.0,7
FMA:50379|left,bodyparts3d,True,male,TARO,reference_template,source-buffer-checked; anatomical-review-pending,CC-BY-4.0,7
UBERON:0001628|right,bodyparts3d,True,male,TARO,reference_template,source-buffer-checked; anatomical-review-pending,CC-BY-4.0,7
UBERON:0001628|left,bodyparts3d,True,male,TARO,reference_template,source-buffer-checked; anatomical-review-pending,CC-BY-4.0,7
FMA:50591|right,bodyparts3d,True,male,TARO,reference_template,source-buffer-checked; anatomical-review-pending,CC-BY-4.0,7
FMA:50591|left,bodyparts3d,True,male,TARO,reference_template,source-buffer-checked; anatomical-review-pending,CC-BY-4.0,7
UBERON:0009688|right,bodyparts3d,True,male,TARO,reference_template,source-buffer-checked; anatomical-review-pending,CC-BY-4.0,7
UBERON:0009688|left,bodyparts3d,True,male,TARO,reference_template,source-buffer-checked; anatomical-review-pending,CC-BY-4.0,7
UBERON:0035222|right,bodyparts3d,True,male,TARO,reference_template,source-buffer-checked; anatomical-review-pending,CC-BY-4.0,7
UBERON:0035222|left,bodyparts3d,True,male,TARO,reference_template,source-buffer-checked; anatomical-review-pending,CC-BY-4.0,7
FMA:50469|right,bodyparts3d,True,male,TARO,reference_template,source-buffer-checked; anatomical-review-pending,CC-BY-4.0,7
FMA:50469|left,bodyparts3d,True,male,TARO,reference_template,source-buffer-checked; anatomical-review-pending,CC-BY-4.0,7
FMA:76127|right,bodyparts3d,True,male,TARO,reference_template,source-buffer-checked; anatomical-review-pending,CC-BY-4.0,7
FMA:76127|left,bodyparts3d,True,male,TARO,reference_template,source-buffer-checked; anatomical-review-pending,CC-BY-4.0,7
FMA:71502,bodyparts3d,True,male,TARO,reference_template,source-buffer-checked; anatomical-review-pending,CC-BY-4.0,7
FMA:71502,bodyparts3d,True,male,TARO,reference_template,source-buffer-checked; anatomical-review-pending,CC-BY-4.0,7
FMA:50624|right,bodyparts3d,True,male,TARO,reference_template,source-buffer-checked; anatomical-review-pending,CC-BY-4.0,7
FMA:50624|left,bodyparts3d,True,male,TARO,reference_template,source-buffer-checked; anatomical-review-pending,CC-BY-4.0,7
FMA:50587|right,bodyparts3d,True,male,TARO,reference_template,source-buffer-checked; anatomical-review-pending,CC-BY-4.0,7
FMA:50587|left,bodyparts3d,True,male,TARO,reference_template,source-buffer-checked; anatomical-review-pending,CC-BY-4.0,7
FMA:50334|right,bodyparts3d,True,male,TARO,reference_template,source-buffer-checked; anatomical-review-pending,CC-BY-4.0,7
FMA:50334|left,bodyparts3d,True,male,TARO,reference_template,source-buffer-checked; anatomical-review-pending,CC-BY-4.0,7
FMA:50590|right,bodyparts3d,True,male,TARO,reference_template,source-buffer-checked; anatomical-review-pending,CC-BY-4.0,7
FMA:50590|left,bodyparts3d,True,male,TARO,reference_template,source-buffer-checked; anatomical-review-pending,CC-BY-4.0,7
FMA:50437|right,bodyparts3d,True,male,TARO,reference_template,source-buffer-checked; anatomical-review-pending,CC-BY-4.0,7
FMA:50437|left,bodyparts3d,True,male,TARO,reference_template,source-buffer-checked; anatomical-review-pending,CC-BY-4.0,7
UBERON:0001535|right,bodyparts3d,True,male,TARO,reference_template,source-buffer-checked; anatomical-review-pending,CC-BY-4.0,7
UBERON:0001535|left,bodyparts3d,True,male,TARO,reference_template,source-buffer-checked; anatomical-review-pending,CC-BY-4.0,7
UBERON:0001635|right,bodyparts3d,True,male,TARO,reference_template,source-buffer-checked; anatomical-review-pending,CC-BY-4.0,7
UBERON:0001635|left,bodyparts3d,True,male,TARO,reference_template,source-buffer-checked; anatomical-review-pending,CC-BY-4.0,7
FMA:50630|right,bodyparts3d,True,male,TARO,reference_template,source-buffer-checked; anatomical-review-pending,CC-BY-4.0,7
FMA:50630|left,bodyparts3d,True,male,TARO,reference_template,source-buffer-checked; anatomical-review-pending,CC-BY-4.0,7
FMA:50695|right,bodyparts3d,True,male,TARO,reference_template,source-buffer-checked; anatomical-review-pending,CC-BY-4.0,7
FMA:50695|left,bodyparts3d,True,male,TARO,reference_template,source-buffer-checked; anatomical-review-pending,CC-BY-4.0,7
FMA:50472|right,bodyparts3d,True,male,TARO,reference_template,source-buffer-checked; anatomical-review-pending,CC-BY-4.0,7
FMA:50472|left,bodyparts3d,True,male,TARO,reference_template,source-buffer-checked; anatomical-review-pending,CC-BY-4.0,7
FMA:78454,bodyparts3d,True,male,TARO,reference_template,source-buffer-checked; anatomical-review-pending,CC-BY-4.0,7
FMA:78469,bodyparts3d,True,male,TARO,reference_template,source-buffer-checked; anatomical-review-pending,CC-BY-4.0,7
UBERON:0002686|left,bodyparts3d,True,male,TARO,reference_template,source-buffer-checked; anatomical-review-pending,CC-BY-4.0,7
UBERON:0002686|right,bodyparts3d,True,male,TARO,reference_template,source-buffer-checked; anatomical-review-pending,CC-BY-4.0,7
FMA:61961,bodyparts3d,True,male,TARO,reference_template,source-buffer-checked; anatomical-review-pending,CC-BY-4.0,7
UBERON:0002580|left,bodyparts3d,True,male,TARO,reference_template,source-buffer-checked; anatomical-review-pending,CC-BY-4.0,7
UBERON:0002580|right,bodyparts3d,True,male,TARO,reference_template,source-buffer-checked; anatomical-review-pending,CC-BY-4.0,7
FMA:78497,bodyparts3d,True,male,TARO,reference_template,source-buffer-checked; anatomical-review-pending,CC-BY-4.0,7
FMA:78467,bodyparts3d,True,male,TARO,reference_template,source-buffer-checked; anatomical-review-pending,CC-BY-4.0,7
UBERON:0002967|left,bodyparts3d,True,male,TARO,reference_template,source-buffer-checked; anatomical-review-pending,CC-BY-4.0,7
UBERON:0002967|right,bodyparts3d,True,male,TARO,reference_template,source-buffer-checked; anatomical-review-pending,CC-BY-4.0,7
FMA:61970,bodyparts3d,True,male,TARO,reference_template,source-buffer-checked; anatomical-review-pending,CC-BY-4.0,7
FMA:86464,bodyparts3d,True,male,TARO,reference_template,source-buffer-checked; anatomical-review-pending,CC-BY-4.0,7
FMA:62032,bodyparts3d,True,male,TARO,reference_template,source-buffer-checked; anatomical-review-pending,CC-BY-4.0,7
UBERON:0002998|left,bodyparts3d,True,male,TARO,reference_template,source-buffer-checked; anatomical-review-pending,CC-BY-4.0,7
UBERON:0002998|right,bodyparts3d,True,male,TARO,reference_template,source-buffer-checked; anatomical-review-pending,CC-BY-4.0,7
UBERON:0002751|left,bodyparts3d,True,male,TARO,reference_template,source-buffer-checked; anatomical-review-pending,CC-BY-4.0,7
UBERON:0002751|right,bodyparts3d,True,male,TARO,reference_template,source-buffer-checked; anatomical-review-pending,CC-BY-4.0,7
UBERON:0002022|left,bodyparts3d,True,male,TARO,reference_template,source-buffer-checked; anatomical-review-pending,CC-BY-4.0,7
UBERON:0002022|right,bodyparts3d,True,male,TARO,reference_template,source-buffer-checked; anatomical-review-pending,CC-BY-4.0,7
UBERON:0001887|left,bodyparts3d,True,male,TARO,reference_template,source-buffer-checked; anatomical-review-pending,CC-BY-4.0,7
UBERON:0001887|right,bodyparts3d,True,male,TARO,reference_template,source-buffer-checked; anatomical-review-pending,CC-BY-4.0,7
FMA:75351,bodyparts3d,True,male,TARO,reference_template,source-buffer-checked; anatomical-review-pending,CC-BY-4.0,7
UBERON:0001876|left,bodyparts3d,True,male,TARO,reference_template,source-buffer-checked; anatomical-review-pending,CC-BY-4.0,7
UBERON:0001873|left,bodyparts3d,True,male,TARO,reference_template,source-buffer-checked; anatomical-review-pending,CC-BY-4.0,7
FMA:61934,bodyparts3d,True,male,TARO,reference_template,source-buffer-checked; anatomical-review-pending,CC-BY-4.0,7
FMA:61965|left,bodyparts3d,True,male,TARO,reference_template,source-buffer-checked; anatomical-review-pending,CC-BY-4.0,7
UBERON:0001875|left,bodyparts3d,True,male,TARO,reference_template,source-buffer-checked; anatomical-review-pending,CC-BY-4.0,7
FMA:260794|left,bodyparts3d,True,male,TARO,reference_template,source-buffer-checked; anatomical-review-pending,CC-BY-4.0,7
UBERON:0001954|left,bodyparts3d,True,male,TARO,reference_template,source-buffer-checked; anatomical-review-pending,CC-BY-4.0,7
FMA:62008,bodyparts3d,True,male,TARO,reference_template,source-buffer-checked; anatomical-review-pending,CC-BY-4.0,7
UBERON:0003025|left,bodyparts3d,True,male,TARO,reference_template,source-buffer-checked; anatomical-review-pending,CC-BY-4.0,7
UBERON:0001946|left,bodyparts3d,True,male,TARO,reference_template,source-buffer-checked; anatomical-review-pending,CC-BY-4.0,7
FMA:83740,bodyparts3d,True,male,TARO,reference_template,source-buffer-checked; anatomical-review-pending,CC-BY-4.0,7
FMA:61975,bodyparts3d,True,male,TARO,reference_template,source-buffer-checked; anatomical-review-pending,CC-BY-4.0,7
UBERON:0001926|left,bodyparts3d,True,male,TARO,reference_template,source-buffer-checked; anatomical-review-pending,CC-BY-4.0,7
UBERON:0002285|left,bodyparts3d,True,male,TARO,reference_template,source-buffer-checked; anatomical-review-pending,CC-BY-4.0,7
FMA:74877,bodyparts3d,True,male,TARO,reference_template,source-buffer-checked; anatomical-review-pending,CC-BY-4.0,7
FMA:62004,bodyparts3d,True,male,TARO,reference_template,source-buffer-checked; anatomical-review-pending,CC-BY-4.0,7
FMA:61993,bodyparts3d,True,male,TARO,reference_template,source-buffer-checked; anatomical-review-pending,CC-BY-4.0,7
FMA:62045,bodyparts3d,True,male,TARO,reference_template,source-buffer-checked; anatomical-review-pending,CC-BY-4.0,7
UBERON:0000941|left,bodyparts3d,True,male,TARO,reference_template,source-buffer-checked; anatomical-review-pending,CC-BY-4.0,7
UBERON:0001908|left,bodyparts3d,True,male,TARO,reference_template,source-buffer-checked; anatomical-review-pending,CC-BY-4.0,7
FMA:62394,bodyparts3d,True,male,TARO,reference_template,source-buffer-checked; anatomical-review-pending,CC-BY-4.0,7
FMA:67943,bodyparts3d,True,male,TARO,reference_template,source-buffer-checked; anatomical-review-pending,CC-BY-4.0,7
UBERON:0001874|left,bodyparts3d,True,male,TARO,reference_template,source-buffer-checked; anatomical-review-pending,CC-BY-4.0,7
UBERON:0006086|left,bodyparts3d,True,male,TARO,reference_template,source-buffer-checked; anatomical-review-pending,CC-BY-4.0,7
UBERON:0003029|left,bodyparts3d,True,male,TARO,reference_template,source-buffer-checked; anatomical-review-pending,CC-BY-4.0,7
UBERON:0001945|left,bodyparts3d,True,male,TARO,reference_template,source-buffer-checked; anatomical-review-pending,CC-BY-4.0,7
FMA:62327,bodyparts3d,True,male,TARO,reference_template,source-buffer-checked; anatomical-review-pending,CC-BY-4.0,7
FMA:67944,bodyparts3d,True,male,TARO,reference_template,source-buffer-checked; anatomical-review-pending,CC-BY-4.0,7
UBERON:0004703|left,bodyparts3d,True,male,TARO,reference_template,source-buffer-checked; anatomical-review-pending,CC-BY-4.0,7
UBERON:0002766|left,bodyparts3d,True,male,TARO,reference_template,source-buffer-checked; anatomical-review-pending,CC-BY-4.0,7
UBERON:0002766|right,bodyparts3d,True,male,TARO,reference_template,source-buffer-checked; anatomical-review-pending,CC-BY-4.0,7
UBERON:0002973|left,bodyparts3d,True,male,TARO,reference_template,source-buffer-checked; anatomical-review-pending,CC-BY-4.0,7
UBERON:0002973|right,bodyparts3d,True,male,TARO,reference_template,source-buffer-checked; anatomical-review-pending,CC-BY-4.0,7
UBERON:0002702|left,bodyparts3d,True,male,TARO,reference_template,source-buffer-checked; anatomical-review-pending,CC-BY-4.0,7
UBERON:0002702|right,bodyparts3d,True,male,TARO,reference_template,source-buffer-checked; anatomical-review-pending,CC-BY-4.0,7
UBERON:0002771|left,bodyparts3d,True,male,TARO,reference_template,source-buffer-checked; anatomical-review-pending,CC-BY-4.0,7
UBERON:0002771|right,bodyparts3d,True,male,TARO,reference_template,source-buffer-checked; anatomical-review-pending,CC-BY-4.0,7
UBERON:0002021|left,bodyparts3d,True,male,TARO,reference_template,source-buffer-checked; anatomical-review-pending,CC-BY-4.0,7
UBERON:0002021|right,bodyparts3d,True,male,TARO,reference_template,source-buffer-checked; anatomical-review-pending,CC-BY-4.0,7
FMA:256194,bodyparts3d,True,male,TARO,reference_template,source-buffer-checked; anatomical-review-pending,CC-BY-4.0,7
FMA:256194,bodyparts3d,True,male,TARO,reference_template,source-buffer-checked; anatomical-review-pending,CC-BY-4.0,7
FMA:62033,bodyparts3d,True,male,TARO,reference_template,source-buffer-checked; anatomical-review-pending,CC-BY-4.0,7
FMA:13889,bodyparts3d,True,male,TARO,reference_template,source-buffer-checked; anatomical-review-pending,CC-BY-4.0,7
UBERON:0002581|left,bodyparts3d,True,male,TARO,reference_template,source-buffer-checked; anatomical-review-pending,CC-BY-4.0,7
UBERON:0002581|right,bodyparts3d,True,male,TARO,reference_template,source-buffer-checked; anatomical-review-pending,CC-BY-4.0,7
FMA:62072,bodyparts3d,True,male,TARO,reference_template,source-buffer-checked; anatomical-review-pending,CC-BY-4.0,7
UBERON:0002703|left,bodyparts3d,True,male,TARO,reference_template,source-buffer-checked; anatomical-review-pending,CC-BY-4.0,7
UBERON:0002703|right,bodyparts3d,True,male,TARO,reference_template,source-buffer-checked; anatomical-review-pending,CC-BY-4.0,7
UBERON:0001873|right,bodyparts3d,True,male,TARO,reference_template,source-buffer-checked; anatomical-review-pending,CC-BY-4.0,7
FMA:61934,bodyparts3d,True,male,TARO,reference_template,source-buffer-checked; anatomical-review-pending,CC-BY-4.0,7
FMA:61965|right,bodyparts3d,True,male,TARO,reference_template,source-buffer-checked; anatomical-review-pending,CC-BY-4.0,7
UBERON:0001875|right,bodyparts3d,True,male,TARO,reference_template,source-buffer-checked; anatomical-review-pending,CC-BY-4.0,7
FMA:260791|right,bodyparts3d,True,male,TARO,reference_template,source-buffer-checked; anatomical-review-pending,CC-BY-4.0,7
UBERON:0001954|right,bodyparts3d,True,male,TARO,reference_template,source-buffer-checked; anatomical-review-pending,CC-BY-4.0,7
FMA:62008,bodyparts3d,True,male,TARO,reference_template,source-buffer-checked; anatomical-review-pending,CC-BY-4.0,7
UBERON:0003025|right,bodyparts3d,True,male,TARO,reference_template,source-buffer-checked; anatomical-review-pending,CC-BY-4.0,7
UBERON:0001946|right,bodyparts3d,True,male,TARO,reference_template,source-buffer-checked; anatomical-review-pending,CC-BY-4.0,7
FMA:83740,bodyparts3d,True,male,TARO,reference_template,source-buffer-checked; anatomical-review-pending,CC-BY-4.0,7
FMA:61975,bodyparts3d,True,male,TARO,reference_template,source-buffer-checked; anatomical-review-pending,CC-BY-4.0,7
UBERON:0001926|right,bodyparts3d,True,male,TARO,reference_template,source-buffer-checked; anatomical-review-pending,CC-BY-4.0,7
UBERON:0002285|right,bodyparts3d,True,male,TARO,reference_template,source-buffer-checked; anatomical-review-pending,CC-BY-4.0,7
FMA:74877,bodyparts3d,True,male,TARO,reference_template,source-buffer-checked; anatomical-review-pending,CC-BY-4.0,7
UBERON:0001927|right,bodyparts3d,True,male,TARO,reference_template,source-buffer-checked; anatomical-review-pending,CC-BY-4.0,7
UBERON:0001927|left,bodyparts3d,True,male,TARO,reference_template,source-buffer-checked; anatomical-review-pending,CC-BY-4.0,7
FMA:61993,bodyparts3d,True,male,TARO,reference_template,source-buffer-checked; anatomical-review-pending,CC-BY-4.0,7
FMA:62045,bodyparts3d,True,male,TARO,reference_template,source-buffer-checked; anatomical-review-pending,CC-BY-4.0,7
UBERON:0000941|right,bodyparts3d,True,male,TARO,reference_template,source-buffer-checked; anatomical-review-pending,CC-BY-4.0,7
UBERON:0001908|right,bodyparts3d,True,male,TARO,reference_template,source-buffer-checked; anatomical-review-pending,CC-BY-4.0,7
FMA:62394,bodyparts3d,True,male,TARO,reference_template,source-buffer-checked; anatomical-review-pending,CC-BY-4.0,7
FMA:67943,bodyparts3d,True,male,TARO,reference_template,source-buffer-checked; anatomical-review-pending,CC-BY-4.0,7
UBERON:0001874|right,bodyparts3d,True,male,TARO,reference_template,source-buffer-checked; anatomical-review-pending,CC-BY-4.0,7
UBERON:0006086|right,bodyparts3d,True,male,TARO,reference_template,source-buffer-checked; anatomical-review-pending,CC-BY-4.0,7
FMA:61974,bodyparts3d,True,male,TARO,reference_template,source-buffer-checked; anatomical-review-pending,CC-BY-4.0,7
UBERON:0001945|right,bodyparts3d,True,male,TARO,reference_template,source-buffer-checked; anatomical-review-pending,CC-BY-4.0,7
UBERON:0004703|right,bodyparts3d,True,male,TARO,reference_template,source-buffer-checked; anatomical-review-pending,CC-BY-4.0,7
FMA:62327,bodyparts3d,True,male,TARO,reference_template,source-buffer-checked; anatomical-review-pending,CC-BY-4.0,7
UBERON:0001876|right,bodyparts3d,True,male,TARO,reference_template,source-buffer-checked; anatomical-review-pending,CC-BY-4.0,7
FMA:67944,bodyparts3d,True,male,TARO,reference_template,source-buffer-checked; anatomical-review-pending,CC-BY-4.0,7
FMA:62004,bodyparts3d,True,male,TARO,reference_template,source-buffer-checked; anatomical-review-pending,CC-BY-4.0,7
FMA:61842,bodyparts3d,True,male,TARO,reference_template,source-buffer-checked; anatomical-review-pending,CC-BY-4.0,7
UBERON:0002661|left,bodyparts3d,True,male,TARO,reference_template,source-buffer-checked; anatomical-review-pending,CC-BY-4.0,7
UBERON:0002661|right,bodyparts3d,True,male,TARO,reference_template,source-buffer-checked; anatomical-review-pending,CC-BY-4.0,7
UBERON:0006094|left,bodyparts3d,True,male,TARO,reference_template,source-buffer-checked; anatomical-review-pending,CC-BY-4.0,7
UBERON:0006094|right,bodyparts3d,True,male,TARO,reference_template,source-buffer-checked; anatomical-review-pending,CC-BY-4.0,7
FMA:70701|left,bodyparts3d,True,male,TARO,reference_template,source-buffer-checked; anatomical-review-pending,CC-BY-4.0,7
FMA:70701|right,bodyparts3d,True,male,TARO,reference_template,source-buffer-checked; anatomical-review-pending,CC-BY-4.0,7
FMA:70703|left,bodyparts3d,True,male,TARO,reference_template,source-buffer-checked; anatomical-review-pending,CC-BY-4.0,7
FMA:70703|right,bodyparts3d,True,male,TARO,reference_template,source-buffer-checked; anatomical-review-pending,CC-BY-4.0,7
UBERON:0002688|left,bodyparts3d,True,male,TARO,reference_template,source-buffer-checked; anatomical-review-pending,CC-BY-4.0,7
UBERON:0002688|right,bodyparts3d,True,male,TARO,reference_template,source-buffer-checked; anatomical-review-pending,CC-BY-4.0,7
FMA:83966,bodyparts3d,True,male,TARO,reference_template,source-buffer-checked; anatomical-review-pending,CC-BY-4.0,7
FMA:50542,bodyparts3d,True,male,TARO,reference_template,source-buffer-checked; anatomical-review-pending,CC-BY-4.0,7
FMA:50737,bodyparts3d,True,male,TARO,reference_template,source-buffer-checked; anatomical-review-pending,CC-BY-4.0,7
FMA:50735,bodyparts3d,True,male,TARO,reference_template,source-buffer-checked; anatomical-review-pending,CC-BY-4.0,7
FMA:15747,bodyparts3d,True,male,TARO,reference_template,source-buffer-checked; anatomical-review-pending,CC-BY-4.0,7
FMA:15793,bodyparts3d,True,male,TARO,reference_template,source-buffer-checked; anatomical-review-pending,CC-BY-4.0,7
FMA:71710|left,bodyparts3d,True,male,TARO,reference_template,source-buffer-checked; anatomical-review-pending,CC-BY-4.0,7
FMA:71889|left,bodyparts3d,True,male,TARO,reference_template,source-buffer-checked; anatomical-review-pending,CC-BY-4.0,7
FMA:15415|left,bodyparts3d,True,male,TARO,reference_template,source-buffer-checked; anatomical-review-pending,CC-BY-4.0,7
FMA:7198,bodyparts3d,True,male,TARO,reference_template,source-buffer-checked; anatomical-review-pending,CC-BY-4.0,7
FMA:10419,bodyparts3d,True,male,TARO,reference_template,source-buffer-checked; anatomical-review-pending,CC-BY-4.0,7
FMA:15414|right,bodyparts3d,True,male,TARO,reference_template,source-buffer-checked; anatomical-review-pending,CC-BY-4.0,7
FMA:82706|right,bodyparts3d,True,male,TARO,reference_template,source-buffer-checked; anatomical-review-pending,CC-BY-4.0,7
FMA:70447|right,bodyparts3d,True,male,TARO,reference_template,source-buffer-checked; anatomical-review-pending,CC-BY-4.0,7
FMA:71708|right,bodyparts3d,True,male,TARO,reference_template,source-buffer-checked; anatomical-review-pending,CC-BY-4.0,7
FMA:14749,bodyparts3d,True,male,TARO,reference_template,source-buffer-checked; anatomical-review-pending,CC-BY-4.0,7
FMA:87217,bodyparts3d,True,male,TARO,reference_template,source-buffer-checked; anatomical-review-pending,CC-BY-4.0,7
FMA:3789,bodyparts3d,True,male,TARO,reference_template,source-buffer-checked; anatomical-review-pending,CC-BY-4.0,7
FMA:68109,bodyparts3d,True,male,TARO,reference_template,source-buffer-checked; anatomical-review-pending,CC-BY-4.0,7
FMA:4149,bodyparts3d,True,male,TARO,reference_template,source-buffer-checked; anatomical-review-pending,CC-BY-4.0,7
UBERON:0006198|right,bodyparts3d,True,male,TARO,reference_template,source-buffer-checked; anatomical-review-pending,CC-BY-4.0,7
UBERON:0007153|right,bodyparts3d,True,male,TARO,reference_template,source-buffer-checked; anatomical-review-pending,CC-BY-4.0,7
UBERON:0002456|right,bodyparts3d,True,male,TARO,reference_template,source-buffer-checked; anatomical-review-pending,CC-BY-4.0,7
UBERON:0001396|right,bodyparts3d,True,male,TARO,reference_template,source-buffer-checked; anatomical-review-pending,CC-BY-4.0,7
FMA:66241|right,bodyparts3d,True,male,TARO,reference_template,source-buffer-checked; anatomical-review-pending,CC-BY-4.0,7
FMA:3994|right,bodyparts3d,True,male,TARO,reference_template,source-buffer-checked; anatomical-review-pending,CC-BY-4.0,7
FMA:63822,bodyparts3d,True,male,TARO,reference_template,source-buffer-checked; anatomical-review-pending,CC-BY-4.0,7
UBERON:0001561|right,bodyparts3d,True,male,TARO,reference_template,source-buffer-checked; anatomical-review-pending,CC-BY-4.0,7
UBERON:0006632|right,bodyparts3d,True,male,TARO,reference_template,source-buffer-checked; anatomical-review-pending,CC-BY-4.0,7
UBERON:0006198|left,bodyparts3d,True,male,TARO,reference_template,source-buffer-checked; anatomical-review-pending,CC-BY-4.0,7
UBERON:0007153|left,bodyparts3d,True,male,TARO,reference_template,source-buffer-checked; anatomical-review-pending,CC-BY-4.0,7
UBERON:0002456|left,bodyparts3d,True,male,TARO,reference_template,source-buffer-checked; anatomical-review-pending,CC-BY-4.0,7
FMA:66241|left,bodyparts3d,True,male,TARO,reference_template,source-buffer-checked; anatomical-review-pending,CC-BY-4.0,7
FMA:3994|left,bodyparts3d,True,male,TARO,reference_template,source-buffer-checked; anatomical-review-pending,CC-BY-4.0,7
FMA:63822,bodyparts3d,True,male,TARO,reference_template,source-buffer-checked; anatomical-review-pending,CC-BY-4.0,7
UBERON:0001396|left,bodyparts3d,True,male,TARO,reference_template,source-buffer-checked; anatomical-review-pending,CC-BY-4.0,7
UBERON:0001561|left,bodyparts3d,True,male,TARO,reference_template,source-buffer-checked; anatomical-review-pending,CC-BY-4.0,7
UBERON:0006632|left,bodyparts3d,True,male,TARO,reference_template,source-buffer-checked; anatomical-review-pending,CC-BY-4.0,7
FMA:5011,bodyparts3d,True,male,TARO,reference_template,source-buffer-checked; anatomical-review-pending,CC-BY-4.0,7
FMA:70839,bodyparts3d,True,male,TARO,reference_template,source-buffer-checked; anatomical-review-pending,CC-BY-4.0,7
FMA:4797|left,bodyparts3d,True,male,TARO,reference_template,source-buffer-checked; anatomical-review-pending,CC-BY-4.0,7
UBERON:0001099|left,bodyparts3d,True,male,TARO,reference_template,source-buffer-checked; anatomical-review-pending,CC-BY-4.0,7
UBERON:0006662|left,bodyparts3d,True,male,TARO,reference_template,source-buffer-checked; anatomical-review-pending,CC-BY-4.0,7
FMA:4877|right,bodyparts3d,True,male,TARO,reference_template,source-buffer-checked; anatomical-review-pending,CC-BY-4.0,7
UBERON:0001589|right,bodyparts3d,True,male,TARO,reference_template,source-buffer-checked; anatomical-review-pending,CC-BY-4.0,7
FMA:70839,bodyparts3d,True,male,TARO,reference_template,source-buffer-checked; anatomical-review-pending,CC-BY-4.0,7
UBERON:0001099|right,bodyparts3d,True,male,TARO,reference_template,source-buffer-checked; anatomical-review-pending,CC-BY-4.0,7
UBERON:0006662|right,bodyparts3d,True,male,TARO,reference_template,source-buffer-checked; anatomical-review-pending,CC-BY-4.0,7
FMA:14749,bodyparts3d,True,male,TARO,reference_template,source-buffer-checked; anatomical-review-pending,CC-BY-4.0,7
FMA:50737,bodyparts3d,True,male,TARO,reference_template,source-buffer-checked; anatomical-review-pending,CC-BY-4.0,7
FMA:14824,bodyparts3d,True,male,TARO,reference_template,source-buffer-checked; anatomical-review-pending,CC-BY-4.0,7
FMA:14819,bodyparts3d,True,male,TARO,reference_template,source-buffer-checked; anatomical-review-pending,CC-BY-4.0,7
UBERON:0001184|right,bodyparts3d,True,male,TARO,reference_template,source-buffer-checked; anatomical-review-pending,CC-BY-4.0,7
FMA:13278|right,bodyparts3d,True,male,TARO,reference_template,source-buffer-checked; anatomical-review-pending,CC-BY-4.0,7
FMA:86340|right,bodyparts3d,True,male,TARO,reference_template,source-buffer-checked; anatomical-review-pending,CC-BY-4.0,7
FMA:86346|right,bodyparts3d,True,male,TARO,reference_template,source-buffer-checked; anatomical-review-pending,CC-BY-4.0,7
FMA:13278|right,bodyparts3d,True,male,TARO,reference_template,source-buffer-checked; anatomical-review-pending,CC-BY-4.0,7
FMA:86348|right,bodyparts3d,True,male,TARO,reference_template,source-buffer-checked; anatomical-review-pending,CC-BY-4.0,7
UBERON:0001184|left,bodyparts3d,True,male,TARO,reference_template,source-buffer-checked; anatomical-review-pending,CC-BY-4.0,7
FMA:86347|left,bodyparts3d,True,male,TARO,reference_template,source-buffer-checked; anatomical-review-pending,CC-BY-4.0,7
FMA:86341|left,bodyparts3d,True,male,TARO,reference_template,source-buffer-checked; anatomical-review-pending,CC-BY-4.0,7
FMA:86349|left,bodyparts3d,True,male,TARO,reference_template,source-buffer-checked; anatomical-review-pending,CC-BY-4.0,7
FMA:86349|left,bodyparts3d,True,male,TARO,reference_template,source-buffer-checked; anatomical-review-pending,CC-BY-4.0,7
UBERON:0001539|right,bodyparts3d,True,male,TARO,reference_template,source-buffer-checked; anatomical-review-pending,CC-BY-4.0,7
FMA:21354,bodyparts3d,True,male,TARO,reference_template,source-buffer-checked; anatomical-review-pending,CC-BY-4.0,7
FMA:20805|right,bodyparts3d,True,male,TARO,reference_template,source-buffer-checked; anatomical-review-pending,CC-BY-4.0,7
FMA:69517,bodyparts3d,True,male,TARO,reference_template,source-buffer-checked; anatomical-review-pending,CC-BY-4.0,7
UBERON:0008783|left,bodyparts3d,True,male,TARO,reference_template,source-buffer-checked; anatomical-review-pending,CC-BY-4.0,7
UBERON:0008783|left,bodyparts3d,True,male,TARO,reference_template,source-buffer-checked; anatomical-review-pending,CC-BY-4.0,7
UBERON:0008783|right,bodyparts3d,True,male,TARO,reference_template,source-buffer-checked; anatomical-review-pending,CC-BY-4.0,7
UBERON:0008783|right,bodyparts3d,True,male,TARO,reference_template,source-buffer-checked; anatomical-review-pending,CC-BY-4.0,7
FMA:20805|left,bodyparts3d,True,male,TARO,reference_template,source-buffer-checked; anatomical-review-pending,CC-BY-4.0,7
FMA:69517,bodyparts3d,True,male,TARO,reference_template,source-buffer-checked; anatomical-review-pending,CC-BY-4.0,7
UBERON:0001537|left,bodyparts3d,True,male,TARO,reference_template,source-buffer-checked; anatomical-review-pending,CC-BY-4.0,7
FMA:43902|left,bodyparts3d,True,male,TARO,reference_template,source-buffer-checked; anatomical-review-pending,CC-BY-4.0,7
UBERON:0034927|left,bodyparts3d,True,male,TARO,reference_template,source-buffer-checked; anatomical-review-pending,CC-BY-4.0,7
FMA:69513|left,bodyparts3d,True,male,TARO,reference_template,source-buffer-checked; anatomical-review-pending,CC-BY-4.0,7
FMA:22506|left,bodyparts3d,True,male,TARO,reference_template,source-buffer-checked; anatomical-review-pending,CC-BY-4.0,7
FMA:44660,bodyparts3d,True,male,TARO,reference_template,source-buffer-checked; anatomical-review-pending,CC-BY-4.0,7
UBERON:0001539|left,bodyparts3d,True,male,TARO,reference_template,source-buffer-checked; anatomical-review-pending,CC-BY-4.0,7
UBERON:0002060|left,bodyparts3d,True,male,TARO,reference_template,source-buffer-checked; anatomical-review-pending,CC-BY-4.0,7
FMA:43888|left,bodyparts3d,True,male,TARO,reference_template,source-buffer-checked; anatomical-review-pending,CC-BY-4.0,7
FMA:43889|left,bodyparts3d,True,male,TARO,reference_template,source-buffer-checked; anatomical-review-pending,CC-BY-4.0,7
FMA:20798|left,bodyparts3d,True,male,TARO,reference_template,source-buffer-checked; anatomical-review-pending,CC-BY-4.0,7
FMA:43926|left,bodyparts3d,True,male,TARO,reference_template,source-buffer-checked; anatomical-review-pending,CC-BY-4.0,7
FMA:22589|left,bodyparts3d,True,male,TARO,reference_template,source-buffer-checked; anatomical-review-pending,CC-BY-4.0,7
FMA:44595|left,bodyparts3d,True,male,TARO,reference_template,source-buffer-checked; anatomical-review-pending,CC-BY-4.0,7
UBERON:0001541|left,bodyparts3d,True,male,TARO,reference_template,source-buffer-checked; anatomical-review-pending,CC-BY-4.0,7
FMA:22587|left,bodyparts3d,True,male,TARO,reference_template,source-buffer-checked; anatomical-review-pending,CC-BY-4.0,7
FMA:22536|left,bodyparts3d,True,male,TARO,reference_template,source-buffer-checked; anatomical-review-pending,CC-BY-4.0,7
FMA:43942|left,bodyparts3d,True,male,TARO,reference_template,source-buffer-checked; anatomical-review-pending,CC-BY-4.0,7
UBERON:0002250|left,bodyparts3d,True,male,TARO,reference_template,source-buffer-checked; anatomical-review-pending,CC-BY-4.0,7
UBERON:0001538|left,bodyparts3d,True,male,TARO,reference_template,source-buffer-checked; anatomical-review-pending,CC-BY-4.0,7
FMA:43933|left,bodyparts3d,True,male,TARO,reference_template,source-buffer-checked; anatomical-review-pending,CC-BY-4.0,7
FMA:70815,bodyparts3d,True,male,TARO,reference_template,source-buffer-checked; anatomical-review-pending,CC-BY-4.0,7
FMA:71562,bodyparts3d,True,male,TARO,reference_template,source-buffer-checked; anatomical-review-pending,CC-BY-4.0,7
FMA:70821,bodyparts3d,True,male,TARO,reference_template,source-buffer-checked; anatomical-review-pending,CC-BY-4.0,7
FMA:70801,bodyparts3d,True,male,TARO,reference_template,source-buffer-checked; anatomical-review-pending,CC-BY-4.0,7
FMA:70815,bodyparts3d,True,male,TARO,reference_template,source-buffer-checked; anatomical-review-pending,CC-BY-4.0,7
FMA:71564,bodyparts3d,True,male,TARO,reference_template,source-buffer-checked; anatomical-review-pending,CC-BY-4.0,7
FMA:43956,bodyparts3d,True,male,TARO,reference_template,source-buffer-checked; anatomical-review-pending,CC-BY-4.0,7
UBERON:0001545|left,bodyparts3d,True,male,TARO,reference_template,source-buffer-checked; anatomical-review-pending,CC-BY-4.0,7
FMA:51041|left,bodyparts3d,True,male,TARO,reference_template,source-buffer-checked; anatomical-review-pending,CC-BY-4.0,7
FMA:70922,bodyparts3d,True,male,TARO,reference_template,source-buffer-checked; anatomical-review-pending,CC-BY-4.0,7
UBERON:0001361|left,bodyparts3d,True,male,TARO,reference_template,source-buffer-checked; anatomical-review-pending,CC-BY-4.0,7
UBERON:0001363|left,bodyparts3d,True,male,TARO,reference_template,source-buffer-checked; anatomical-review-pending,CC-BY-4.0,7
UBERON:0013144|left,bodyparts3d,True,male,TARO,reference_template,source-buffer-checked; anatomical-review-pending,CC-BY-4.0,7
UBERON:0013144|left,bodyparts3d,True,male,TARO,reference_template,source-buffer-checked; anatomical-review-pending,CC-BY-4.0,7
FMA:44499,bodyparts3d,True,male,TARO,reference_template,source-buffer-checked; anatomical-review-pending,CC-BY-4.0,7
FMA:44499,bodyparts3d,True,male,TARO,reference_template,source-buffer-checked; anatomical-review-pending,CC-BY-4.0,7
UBERON:0001544|left,bodyparts3d,True,male,TARO,reference_template,source-buffer-checked; anatomical-review-pending,CC-BY-4.0,7
UBERON:0001546|left,bodyparts3d,True,male,TARO,reference_template,source-buffer-checked; anatomical-review-pending,CC-BY-4.0,7
FMA:70922,bodyparts3d,True,male,TARO,reference_template,source-buffer-checked; anatomical-review-pending,CC-BY-4.0,7
FMA:70919,bodyparts3d,True,male,TARO,reference_template,source-buffer-checked; anatomical-review-pending,CC-BY-4.0,7
UBERON:0001547|left,bodyparts3d,True,male,TARO,reference_template,source-buffer-checked; anatomical-review-pending,CC-BY-4.0,7
UBERON:0014692|left,bodyparts3d,True,male,TARO,reference_template,source-buffer-checked; anatomical-review-pending,CC-BY-4.0,7
UBERON:0013144|left,bodyparts3d,True,male,TARO,reference_template,source-buffer-checked; anatomical-review-pending,CC-BY-4.0,7
UBERON:0013144|left,bodyparts3d,True,male,TARO,reference_template,source-buffer-checked; anatomical-review-pending,CC-BY-4.0,7
FMA:70815,bodyparts3d,True,male,TARO,reference_template,source-buffer-checked; anatomical-review-pending,CC-BY-4.0,7
FMA:44489|left,bodyparts3d,True,male,TARO,reference_template,source-buffer-checked; anatomical-review-pending,CC-BY-4.0,7
FMA:44489|right,bodyparts3d,True,male,TARO,reference_template,source-buffer-checked; anatomical-review-pending,CC-BY-4.0,7
UBERON:0001537|right,bodyparts3d,True,male,TARO,reference_template,source-buffer-checked; anatomical-review-pending,CC-BY-4.0,7
FMA:43902|right,bodyparts3d,True,male,TARO,reference_template,source-buffer-checked; anatomical-review-pending,CC-BY-4.0,7
UBERON:0001545|right,bodyparts3d,True,male,TARO,reference_template,source-buffer-checked; anatomical-review-pending,CC-BY-4.0,7
UBERON:0034927|right,bodyparts3d,True,male,TARO,reference_template,source-buffer-checked; anatomical-review-pending,CC-BY-4.0,7
FMA:51041|right,bodyparts3d,True,male,TARO,reference_template,source-buffer-checked; anatomical-review-pending,CC-BY-4.0,7
FMA:69513|right,bodyparts3d,True,male,TARO,reference_template,source-buffer-checked; anatomical-review-pending,CC-BY-4.0,7
FMA:22506|right,bodyparts3d,True,male,TARO,reference_template,source-buffer-checked; anatomical-review-pending,CC-BY-4.0,7
FMA:70922,bodyparts3d,True,male,TARO,reference_template,source-buffer-checked; anatomical-review-pending,CC-BY-4.0,7
FMA:44660,bodyparts3d,True,male,TARO,reference_template,source-buffer-checked; anatomical-review-pending,CC-BY-4.0,7
UBERON:0002060|right,bodyparts3d,True,male,TARO,reference_template,source-buffer-checked; anatomical-review-pending,CC-BY-4.0,7
UBERON:0001361|right,bodyparts3d,True,male,TARO,reference_template,source-buffer-checked; anatomical-review-pending,CC-BY-4.0,7
UBERON:0001363|right,bodyparts3d,True,male,TARO,reference_template,source-buffer-checked; anatomical-review-pending,CC-BY-4.0,7
FMA:43888|right,bodyparts3d,True,male,TARO,reference_template,source-buffer-checked; anatomical-review-pending,CC-BY-4.0,7
UBERON:0013144|right,bodyparts3d,True,male,TARO,reference_template,source-buffer-checked; anatomical-review-pending,CC-BY-4.0,7
FMA:43889|right,bodyparts3d,True,male,TARO,reference_template,source-buffer-checked; anatomical-review-pending,CC-BY-4.0,7
UBERON:0013144|right,bodyparts3d,True,male,TARO,reference_template,source-buffer-checked; anatomical-review-pending,CC-BY-4.0,7
FMA:20798|right,bodyparts3d,True,male,TARO,reference_template,source-buffer-checked; anatomical-review-pending,CC-BY-4.0,7
FMA:43926|right,bodyparts3d,True,male,TARO,reference_template,source-buffer-checked; anatomical-review-pending,CC-BY-4.0,7
FMA:44499,bodyparts3d,True,male,TARO,reference_template,source-buffer-checked; anatomical-review-pending,CC-BY-4.0,7
FMA:22588|right,bodyparts3d,True,male,TARO,reference_template,source-buffer-checked; anatomical-review-pending,CC-BY-4.0,7
FMA:44595|right,bodyparts3d,True,male,TARO,reference_template,source-buffer-checked; anatomical-review-pending,CC-BY-4.0,7
UBERON:0001541|right,bodyparts3d,True,male,TARO,reference_template,source-buffer-checked; anatomical-review-pending,CC-BY-4.0,7
FMA:44499,bodyparts3d,True,male,TARO,reference_template,source-buffer-checked; anatomical-review-pending,CC-BY-4.0,7
FMA:22586|right,bodyparts3d,True,male,TARO,reference_template,source-buffer-checked; anatomical-review-pending,CC-BY-4.0,7
FMA:22536|right,bodyparts3d,True,male,TARO,reference_template,source-buffer-checked; anatomical-review-pending,CC-BY-4.0,7
FMA:43942|right,bodyparts3d,True,male,TARO,reference_template,source-buffer-checked; anatomical-review-pending,CC-BY-4.0,7
UBERON:0002250|right,bodyparts3d,True,male,TARO,reference_template,source-buffer-checked; anatomical-review-pending,CC-BY-4.0,7
UBERON:0001544|right,bodyparts3d,True,male,TARO,reference_template,source-buffer-checked; anatomical-review-pending,CC-BY-4.0,7
UBERON:0001538|right,bodyparts3d,True,male,TARO,reference_template,source-buffer-checked; anatomical-review-pending,CC-BY-4.0,7
UBERON:0001546|right,bodyparts3d,True,male,TARO,reference_template,source-buffer-checked; anatomical-review-pending,CC-BY-4.0,7
FMA:70922,bodyparts3d,True,male,TARO,reference_template,source-buffer-checked; anatomical-review-pending,CC-BY-4.0,7
FMA:70919,bodyparts3d,True,male,TARO,reference_template,source-buffer-checked; anatomical-review-pending,CC-BY-4.0,7
UBERON:0001547|right,bodyparts3d,True,male,TARO,reference_template,source-buffer-checked; anatomical-review-pending,CC-BY-4.0,7
UBERON:0014692|right,bodyparts3d,True,male,TARO,reference_template,source-buffer-checked; anatomical-review-pending,CC-BY-4.0,7
FMA:43933|right,bodyparts3d,True,male,TARO,reference_template,source-buffer-checked; anatomical-review-pending,CC-BY-4.0,7
UBERON:0013144|right,bodyparts3d,True,male,TARO,reference_template,source-buffer-checked; anatomical-review-pending,CC-BY-4.0,7
UBERON:0013144|right,bodyparts3d,True,male,TARO,reference_template,source-buffer-checked; anatomical-review-pending,CC-BY-4.0,7
UBERON:0001545|left,bodyparts3d,True,male,TARO,reference_template,source-buffer-checked; anatomical-review-pending,CC-BY-4.0,7
FMA:44558|left,bodyparts3d,True,male,TARO,reference_template,source-buffer-checked; anatomical-review-pending,CC-BY-4.0,7
FMA:70917,bodyparts3d,True,male,TARO,reference_template,source-buffer-checked; anatomical-review-pending,CC-BY-4.0,7
FMA:22954,bodyparts3d,True,male,TARO,reference_template,source-buffer-checked; anatomical-review-pending,CC-BY-4.0,7
FMA:44558|left,bodyparts3d,True,male,TARO,reference_template,source-buffer-checked; anatomical-review-pending,CC-BY-4.0,7
FMA:44326|left,bodyparts3d,True,male,TARO,reference_template,source-buffer-checked; anatomical-review-pending,CC-BY-4.0,7
UBERON:0035234|left,bodyparts3d,True,male,TARO,reference_template,source-buffer-checked; anatomical-review-pending,CC-BY-4.0,7
FMA:44558|right,bodyparts3d,True,male,TARO,reference_template,source-buffer-checked; anatomical-review-pending,CC-BY-4.0,7
FMA:44504,bodyparts3d,True,male,TARO,reference_template,source-buffer-checked; anatomical-review-pending,CC-BY-4.0,7
FMA:70922,bodyparts3d,True,male,TARO,reference_template,source-buffer-checked; anatomical-review-pending,CC-BY-4.0,7
UBERON:0001545|right,bodyparts3d,True,male,TARO,reference_template,source-buffer-checked; anatomical-review-pending,CC-BY-4.0,7
FMA:44558|right,bodyparts3d,True,male,TARO,reference_template,source-buffer-checked; anatomical-review-pending,CC-BY-4.0,7
FMA:71562,bodyparts3d,True,male,TARO,reference_template,source-buffer-checked; anatomical-review-pending,CC-BY-4.0,7
FMA:70821,bodyparts3d,True,male,TARO,reference_template,source-buffer-checked; anatomical-review-pending,CC-BY-4.0,7
FMA:70801,bodyparts3d,True,male,TARO,reference_template,source-buffer-checked; anatomical-review-pending,CC-BY-4.0,7
FMA:70917,bodyparts3d,True,male,TARO,reference_template,source-buffer-checked; anatomical-review-pending,CC-BY-4.0,7
FMA:22954,bodyparts3d,True,male,TARO,reference_template,source-buffer-checked; anatomical-review-pending,CC-BY-4.0,7
FMA:44558|right,bodyparts3d,True,male,TARO,reference_template,source-buffer-checked; anatomical-review-pending,CC-BY-4.0,7
FMA:44326|right,bodyparts3d,True,male,TARO,reference_template,source-buffer-checked; anatomical-review-pending,CC-BY-4.0,7
UBERON:0035234|right,bodyparts3d,True,male,TARO,reference_template,source-buffer-checked; anatomical-review-pending,CC-BY-4.0,7
FMA:70815,bodyparts3d,True,male,TARO,reference_template,source-buffer-checked; anatomical-review-pending,CC-BY-4.0,7
FMA:71564,bodyparts3d,True,male,TARO,reference_template,source-buffer-checked; anatomical-review-pending,CC-BY-4.0,7
FMA:71564,bodyparts3d,True,male,TARO,reference_template,source-buffer-checked; anatomical-review-pending,CC-BY-4.0,7
FMA:43956,bodyparts3d,True,male,TARO,reference_template,source-buffer-checked; anatomical-review-pending,CC-BY-4.0,7
FMA:44504,bodyparts3d,True,male,TARO,reference_template,source-buffer-checked; anatomical-review-pending,CC-BY-4.0,7
FMA:21384,bodyparts3d,True,male,TARO,reference_template,source-buffer-checked; anatomical-review-pending,CC-BY-4.0,7
UBERON:0007149|right,bodyparts3d,True,male,TARO,reference_template,source-buffer-checked; anatomical-review-pending,CC-BY-4.0,7
UBERON:0007149|left,bodyparts3d,True,male,TARO,reference_template,source-buffer-checked; anatomical-review-pending,CC-BY-4.0,7
FMA:23065|left,bodyparts3d,True,male,TARO,reference_template,source-buffer-checked; anatomical-review-pending,CC-BY-4.0,7
FMA:22680|left,bodyparts3d,True,male,TARO,reference_template,source-buffer-checked; anatomical-review-pending,CC-BY-4.0,7
FMA:77499|left,bodyparts3d,True,male,TARO,reference_template,source-buffer-checked; anatomical-review-pending,CC-BY-4.0,7
FMA:22810|left,bodyparts3d,True,male,TARO,reference_template,source-buffer-checked; anatomical-review-pending,CC-BY-4.0,7
FMA:22710|left,bodyparts3d,True,male,TARO,reference_template,source-buffer-checked; anatomical-review-pending,CC-BY-4.0,7
UBERON:0001394|left,bodyparts3d,True,male,TARO,reference_template,source-buffer-checked; anatomical-review-pending,CC-BY-4.0,7
UBERON:0000985|left,bodyparts3d,True,male,TARO,reference_template,source-buffer-checked; anatomical-review-pending,CC-BY-4.0,7
UBERON:0001411|left,bodyparts3d,True,male,TARO,reference_template,source-buffer-checked; anatomical-review-pending,CC-BY-4.0,7
UBERON:0001398|left,bodyparts3d,True,male,TARO,reference_template,source-buffer-checked; anatomical-review-pending,CC-BY-4.0,7
UBERON:0001106|left,bodyparts3d,True,male,TARO,reference_template,source-buffer-checked; anatomical-review-pending,CC-BY-4.0,7
FMA:23179|left,bodyparts3d,True,male,TARO,reference_template,source-buffer-checked; anatomical-review-pending,CC-BY-4.0,7
FMA:77498|left,bodyparts3d,True,male,TARO,reference_template,source-buffer-checked; anatomical-review-pending,CC-BY-4.0,7
FMA:22806|left,bodyparts3d,True,male,TARO,reference_template,source-buffer-checked; anatomical-review-pending,CC-BY-4.0,7
UBERON:0004688|left,bodyparts3d,True,male,TARO,reference_template,source-buffer-checked; anatomical-review-pending,CC-BY-4.0,7
UBERON:0001399|left,bodyparts3d,True,male,TARO,reference_template,source-buffer-checked; anatomical-review-pending,CC-BY-4.0,7
UBERON:0012321|left,bodyparts3d,True,male,TARO,reference_template,source-buffer-checked; anatomical-review-pending,CC-BY-4.0,7
FMA:22840|left,bodyparts3d,True,male,TARO,reference_template,source-buffer-checked; anatomical-review-pending,CC-BY-4.0,7
FMA:67977|left,bodyparts3d,True,male,TARO,reference_template,source-buffer-checked; anatomical-review-pending,CC-BY-4.0,7
FMA:22911|left,bodyparts3d,True,male,TARO,reference_template,source-buffer-checked; anatomical-review-pending,CC-BY-4.0,7
FMA:23067|left,bodyparts3d,True,male,TARO,reference_template,source-buffer-checked; anatomical-review-pending,CC-BY-4.0,7
FMA:22755|left,bodyparts3d,True,male,TARO,reference_template,source-buffer-checked; anatomical-review-pending,CC-BY-4.0,7
FMA:79658|left,bodyparts3d,True,male,TARO,reference_template,source-buffer-checked; anatomical-review-pending,CC-BY-4.0,7
UBERON:0002088|left,bodyparts3d,True,male,TARO,reference_template,source-buffer-checked; anatomical-review-pending,CC-BY-4.0,7
FMA:22967|left,bodyparts3d,True,male,TARO,reference_template,source-buffer-checked; anatomical-review-pending,CC-BY-4.0,7
UBERON:0001414|left,bodyparts3d,True,male,TARO,reference_template,source-buffer-checked; anatomical-review-pending,CC-BY-4.0,7
FMA:22820|left,bodyparts3d,True,male,TARO,reference_template,source-buffer-checked; anatomical-review-pending,CC-BY-4.0,7
FMA:22863|left,bodyparts3d,True,male,TARO,reference_template,source-buffer-checked; anatomical-review-pending,CC-BY-4.0,7
FMA:22919|left,bodyparts3d,True,male,TARO,reference_template,source-buffer-checked; anatomical-review-pending,CC-BY-4.0,7
FMA:22684|left,bodyparts3d,True,male,TARO,reference_template,source-buffer-checked; anatomical-review-pending,CC-BY-4.0,7
FMA:22684|left,bodyparts3d,True,male,TARO,reference_template,source-buffer-checked; anatomical-review-pending,CC-BY-4.0,7
FMA:22803|left,bodyparts3d,True,male,TARO,reference_template,source-buffer-checked; anatomical-review-pending,CC-BY-4.0,7
UBERON:0001404|left,bodyparts3d,True,male,TARO,reference_template,source-buffer-checked; anatomical-review-pending,CC-BY-4.0,7
FMA:22748|left,bodyparts3d,True,male,TARO,reference_template,source-buffer-checked; anatomical-review-pending,CC-BY-4.0,7
UBERON:8600092|left,bodyparts3d,True,male,TARO,reference_template,source-buffer-checked; anatomical-review-pending,CC-BY-4.0,7
FMA:77144|left,bodyparts3d,True,male,TARO,reference_template,source-buffer-checked; anatomical-review-pending,CC-BY-4.0,7
UBERON:0001397|left,bodyparts3d,True,male,TARO,reference_template,source-buffer-checked; anatomical-review-pending,CC-BY-4.0,7
UBERON:0001420|left,bodyparts3d,True,male,TARO,reference_template,source-buffer-checked; anatomical-review-pending,CC-BY-4.0,7
UBERON:0006564|left,bodyparts3d,True,male,TARO,reference_template,source-buffer-checked; anatomical-review-pending,CC-BY-4.0,7
FMA:22914|left,bodyparts3d,True,male,TARO,reference_template,source-buffer-checked; anatomical-review-pending,CC-BY-4.0,7
UBERON:0039187|left,bodyparts3d,True,male,TARO,reference_template,source-buffer-checked; anatomical-review-pending,CC-BY-4.0,7
UBERON:0039847|left,bodyparts3d,True,male,TARO,reference_template,source-buffer-checked; anatomical-review-pending,CC-BY-4.0,7
FMA:66562|left,bodyparts3d,True,male,TARO,reference_template,source-buffer-checked; anatomical-review-pending,CC-BY-4.0,7
UBERON:0002011|left,bodyparts3d,True,male,TARO,reference_template,source-buffer-checked; anatomical-review-pending,CC-BY-4.0,7
UBERON:0002089|left,bodyparts3d,True,male,TARO,reference_template,source-buffer-checked; anatomical-review-pending,CC-BY-4.0,7
UBERON:8600062|left,bodyparts3d,True,male,TARO,reference_template,source-buffer-checked; anatomical-review-pending,CC-BY-4.0,7
UBERON:0001071|left,bodyparts3d,True,male,TARO,reference_template,source-buffer-checked; anatomical-review-pending,CC-BY-4.0,7
UBERON:0012324|left,bodyparts3d,True,male,TARO,reference_template,source-buffer-checked; anatomical-review-pending,CC-BY-4.0,7
UBERON:0001406|left,bodyparts3d,True,male,TARO,reference_template,source-buffer-checked; anatomical-review-pending,CC-BY-4.0,7
FMA:22800|left,bodyparts3d,True,male,TARO,reference_template,source-buffer-checked; anatomical-review-pending,CC-BY-4.0,7
UBERON:8600093|left,bodyparts3d,True,male,TARO,reference_template,source-buffer-checked; anatomical-review-pending,CC-BY-4.0,7
FMA:23127|left,bodyparts3d,True,male,TARO,reference_template,source-buffer-checked; anatomical-review-pending,CC-BY-4.0,7
FMA:23126|right,bodyparts3d,True,male,TARO,reference_template,source-buffer-checked; anatomical-review-pending,CC-BY-4.0,7
FMA:23065|right,bodyparts3d,True,male,TARO,reference_template,source-buffer-checked; anatomical-review-pending,CC-BY-4.0,7
FMA:22680|right,bodyparts3d,True,male,TARO,reference_template,source-buffer-checked; anatomical-review-pending,CC-BY-4.0,7
FMA:77499|right,bodyparts3d,True,male,TARO,reference_template,source-buffer-checked; anatomical-review-pending,CC-BY-4.0,7
FMA:22810|right,bodyparts3d,True,male,TARO,reference_template,source-buffer-checked; anatomical-review-pending,CC-BY-4.0,7
FMA:22710|right,bodyparts3d,True,male,TARO,reference_template,source-buffer-checked; anatomical-review-pending,CC-BY-4.0,7
UBERON:0001394|right,bodyparts3d,True,male,TARO,reference_template,source-buffer-checked; anatomical-review-pending,CC-BY-4.0,7
UBERON:0000985|right,bodyparts3d,True,male,TARO,reference_template,source-buffer-checked; anatomical-review-pending,CC-BY-4.0,7
UBERON:0001411|right,bodyparts3d,True,male,TARO,reference_template,source-buffer-checked; anatomical-review-pending,CC-BY-4.0,7
UBERON:0001398|right,bodyparts3d,True,male,TARO,reference_template,source-buffer-checked; anatomical-review-pending,CC-BY-4.0,7
UBERON:0001106|right,bodyparts3d,True,male,TARO,reference_template,source-buffer-checked; anatomical-review-pending,CC-BY-4.0,7
FMA:23179|right,bodyparts3d,True,male,TARO,reference_template,source-buffer-checked; anatomical-review-pending,CC-BY-4.0,7
FMA:77498|right,bodyparts3d,True,male,TARO,reference_template,source-buffer-checked; anatomical-review-pending,CC-BY-4.0,7
FMA:22806|right,bodyparts3d,True,male,TARO,reference_template,source-buffer-checked; anatomical-review-pending,CC-BY-4.0,7
UBERON:0004688|right,bodyparts3d,True,male,TARO,reference_template,source-buffer-checked; anatomical-review-pending,CC-BY-4.0,7
UBERON:0001399|right,bodyparts3d,True,male,TARO,reference_template,source-buffer-checked; anatomical-review-pending,CC-BY-4.0,7
UBERON:0012321|right,bodyparts3d,True,male,TARO,reference_template,source-buffer-checked; anatomical-review-pending,CC-BY-4.0,7
FMA:22839|right,bodyparts3d,True,male,TARO,reference_template,source-buffer-checked; anatomical-review-pending,CC-BY-4.0,7
FMA:67977|right,bodyparts3d,True,male,TARO,reference_template,source-buffer-checked; anatomical-review-pending,CC-BY-4.0,7
FMA:22911|right,bodyparts3d,True,male,TARO,reference_template,source-buffer-checked; anatomical-review-pending,CC-BY-4.0,7
FMA:23067|right,bodyparts3d,True,male,TARO,reference_template,source-buffer-checked; anatomical-review-pending,CC-BY-4.0,7
FMA:22755|right,bodyparts3d,True,male,TARO,reference_template,source-buffer-checked; anatomical-review-pending,CC-BY-4.0,7
FMA:79658|right,bodyparts3d,True,male,TARO,reference_template,source-buffer-checked; anatomical-review-pending,CC-BY-4.0,7
UBERON:0002088|right,bodyparts3d,True,male,TARO,reference_template,source-buffer-checked; anatomical-review-pending,CC-BY-4.0,7
FMA:22967|right,bodyparts3d,True,male,TARO,reference_template,source-buffer-checked; anatomical-review-pending,CC-BY-4.0,7
UBERON:0001414|right,bodyparts3d,True,male,TARO,reference_template,source-buffer-checked; anatomical-review-pending,CC-BY-4.0,7
FMA:22820|right,bodyparts3d,True,male,TARO,reference_template,source-buffer-checked; anatomical-review-pending,CC-BY-4.0,7
FMA:22863|right,bodyparts3d,True,male,TARO,reference_template,source-buffer-checked; anatomical-review-pending,CC-BY-4.0,7
FMA:22919|right,bodyparts3d,True,male,TARO,reference_template,source-buffer-checked; anatomical-review-pending,CC-BY-4.0,7
FMA:22684|right,bodyparts3d,True,male,TARO,reference_template,source-buffer-checked; anatomical-review-pending,CC-BY-4.0,7
FMA:22684|right,bodyparts3d,True,male,TARO,reference_template,source-buffer-checked; anatomical-review-pending,CC-BY-4.0,7
FMA:22803|right,bodyparts3d,True,male,TARO,reference_template,source-buffer-checked; anatomical-review-pending,CC-BY-4.0,7
UBERON:0001404|right,bodyparts3d,True,male,TARO,reference_template,source-buffer-checked; anatomical-review-pending,CC-BY-4.0,7
FMA:22748|right,bodyparts3d,True,male,TARO,reference_template,source-buffer-checked; anatomical-review-pending,CC-BY-4.0,7
UBERON:8600092|right,bodyparts3d,True,male,TARO,reference_template,source-buffer-checked; anatomical-review-pending,CC-BY-4.0,7
FMA:77144|right,bodyparts3d,True,male,TARO,reference_template,source-buffer-checked; anatomical-review-pending,CC-BY-4.0,7
UBERON:0001397|right,bodyparts3d,True,male,TARO,reference_template,source-buffer-checked; anatomical-review-pending,CC-BY-4.0,7
UBERON:0001420|right,bodyparts3d,True,male,TARO,reference_template,source-buffer-checked; anatomical-review-pending,CC-BY-4.0,7
UBERON:0006564|right,bodyparts3d,True,male,TARO,reference_template,source-buffer-checked; anatomical-review-pending,CC-BY-4.0,7
FMA:22914|right,bodyparts3d,True,male,TARO,reference_template,source-buffer-checked; anatomical-review-pending,CC-BY-4.0,7
UBERON:0039187|right,bodyparts3d,True,male,TARO,reference_template,source-buffer-checked; anatomical-review-pending,CC-BY-4.0,7
UBERON:0039847|right,bodyparts3d,True,male,TARO,reference_template,source-buffer-checked; anatomical-review-pending,CC-BY-4.0,7
FMA:66562|right,bodyparts3d,True,male,TARO,reference_template,source-buffer-checked; anatomical-review-pending,CC-BY-4.0,7
UBERON:0002011|right,bodyparts3d,True,male,TARO,reference_template,source-buffer-checked; anatomical-review-pending,CC-BY-4.0,7
UBERON:0002089|right,bodyparts3d,True,male,TARO,reference_template,source-buffer-checked; anatomical-review-pending,CC-BY-4.0,7
UBERON:8600062|right,bodyparts3d,True,male,TARO,reference_template,source-buffer-checked; anatomical-review-pending,CC-BY-4.0,7
UBERON:0001071|right,bodyparts3d,True,male,TARO,reference_template,source-buffer-checked; anatomical-review-pending,CC-BY-4.0,7
UBERON:0012324|right,bodyparts3d,True,male,TARO,reference_template,source-buffer-checked; anatomical-review-pending,CC-BY-4.0,7
UBERON:0001406|right,bodyparts3d,True,male,TARO,reference_template,source-buffer-checked; anatomical-review-pending,CC-BY-4.0,7
FMA:22800|right,bodyparts3d,True,male,TARO,reference_template,source-buffer-checked; anatomical-review-pending,CC-BY-4.0,7
UBERON:8600093|right,bodyparts3d,True,male,TARO,reference_template,source-buffer-checked; anatomical-review-pending,CC-BY-4.0,7
FMA:78021|left,bodyparts3d,True,male,TARO,reference_template,source-buffer-checked; anatomical-review-pending,CC-BY-4.0,7
FMA:22763|left,bodyparts3d,True,male,TARO,reference_template,source-buffer-checked; anatomical-review-pending,CC-BY-4.0,7
FMA:22854|left,bodyparts3d,True,male,TARO,reference_template,source-buffer-checked; anatomical-review-pending,CC-BY-4.0,7
FMA:22855|left,bodyparts3d,True,male,TARO,reference_template,source-buffer-checked; anatomical-review-pending,CC-BY-4.0,7
FMA:85107|left,bodyparts3d,True,male,TARO,reference_template,source-buffer-checked; anatomical-review-pending,CC-BY-4.0,7
FMA:70801,bodyparts3d,True,male,TARO,reference_template,source-buffer-checked; anatomical-review-pending,CC-BY-4.0,7
FMA:85095|left,bodyparts3d,True,male,TARO,reference_template,source-buffer-checked; anatomical-review-pending,CC-BY-4.0,7
FMA:22919|left,bodyparts3d,True,male,TARO,reference_template,source-buffer-checked; anatomical-review-pending,CC-BY-4.0,7
FMA:85095|left,bodyparts3d,True,male,TARO,reference_template,source-buffer-checked; anatomical-review-pending,CC-BY-4.0,7
FMA:22923,bodyparts3d,True,male,TARO,reference_template,source-buffer-checked; anatomical-review-pending,CC-BY-4.0,7
FMA:22919|left,bodyparts3d,True,male,TARO,reference_template,source-buffer-checked; anatomical-review-pending,CC-BY-4.0,7
FMA:22927|left,bodyparts3d,True,male,TARO,reference_template,source-buffer-checked; anatomical-review-pending,CC-BY-4.0,7
FMA:22927|left,bodyparts3d,True,male,TARO,reference_template,source-buffer-checked; anatomical-review-pending,CC-BY-4.0,7
FMA:22928|left,bodyparts3d,True,male,TARO,reference_template,source-buffer-checked; anatomical-review-pending,CC-BY-4.0,7
FMA:22929|left,bodyparts3d,True,male,TARO,reference_template,source-buffer-checked; anatomical-review-pending,CC-BY-4.0,7
FMA:22929|left,bodyparts3d,True,male,TARO,reference_template,source-buffer-checked; anatomical-review-pending,CC-BY-4.0,7
FMA:85095|left,bodyparts3d,True,male,TARO,reference_template,source-buffer-checked; anatomical-review-pending,CC-BY-4.0,7
FMA:23062|left,bodyparts3d,True,male,TARO,reference_template,source-buffer-checked; anatomical-review-pending,CC-BY-4.0,7
FMA:23125|left,bodyparts3d,True,male,TARO,reference_template,source-buffer-checked; anatomical-review-pending,CC-BY-4.0,7
FMA:22763|left,bodyparts3d,True,male,TARO,reference_template,source-buffer-checked; anatomical-review-pending,CC-BY-4.0,7
FMA:23047|left,bodyparts3d,True,male,TARO,reference_template,source-buffer-checked; anatomical-review-pending,CC-BY-4.0,7
FMA:22857|left,bodyparts3d,True,male,TARO,reference_template,source-buffer-checked; anatomical-review-pending,CC-BY-4.0,7
FMA:85114|left,bodyparts3d,True,male,TARO,reference_template,source-buffer-checked; anatomical-review-pending,CC-BY-4.0,7
FMA:23048|left,bodyparts3d,True,male,TARO,reference_template,source-buffer-checked; anatomical-review-pending,CC-BY-4.0,7
FMA:85108|left,bodyparts3d,True,male,TARO,reference_template,source-buffer-checked; anatomical-review-pending,CC-BY-4.0,7
FMA:22762|left,bodyparts3d,True,male,TARO,reference_template,source-buffer-checked; anatomical-review-pending,CC-BY-4.0,7
FMA:22762|left,bodyparts3d,True,male,TARO,reference_template,source-buffer-checked; anatomical-review-pending,CC-BY-4.0,7
FMA:22928|left,bodyparts3d,True,male,TARO,reference_template,source-buffer-checked; anatomical-review-pending,CC-BY-4.0,7
FMA:78021|right,bodyparts3d,True,male,TARO,reference_template,source-buffer-checked; anatomical-review-pending,CC-BY-4.0,7
FMA:22763|right,bodyparts3d,True,male,TARO,reference_template,source-buffer-checked; anatomical-review-pending,CC-BY-4.0,7
FMA:22854|right,bodyparts3d,True,male,TARO,reference_template,source-buffer-checked; anatomical-review-pending,CC-BY-4.0,7
FMA:22855|right,bodyparts3d,True,male,TARO,reference_template,source-buffer-checked; anatomical-review-pending,CC-BY-4.0,7
FMA:85107|right,bodyparts3d,True,male,TARO,reference_template,source-buffer-checked; anatomical-review-pending,CC-BY-4.0,7
FMA:70801,bodyparts3d,True,male,TARO,reference_template,source-buffer-checked; anatomical-review-pending,CC-BY-4.0,7
FMA:70800,bodyparts3d,True,male,TARO,reference_template,source-buffer-checked; anatomical-review-pending,CC-BY-4.0,7
FMA:70800,bodyparts3d,True,male,TARO,reference_template,source-buffer-checked; anatomical-review-pending,CC-BY-4.0,7
FMA:85095|right,bodyparts3d,True,male,TARO,reference_template,source-buffer-checked; anatomical-review-pending,CC-BY-4.0,7
FMA:22919|right,bodyparts3d,True,male,TARO,reference_template,source-buffer-checked; anatomical-review-pending,CC-BY-4.0,7
FMA:85095|right,bodyparts3d,True,male,TARO,reference_template,source-buffer-checked; anatomical-review-pending,CC-BY-4.0,7
FMA:22923,bodyparts3d,True,male,TARO,reference_template,source-buffer-checked; anatomical-review-pending,CC-BY-4.0,7
FMA:22919|right,bodyparts3d,True,male,TARO,reference_template,source-buffer-checked; anatomical-review-pending,CC-BY-4.0,7
FMA:22927|right,bodyparts3d,True,male,TARO,reference_template,source-buffer-checked; anatomical-review-pending,CC-BY-4.0,7
FMA:22927|right,bodyparts3d,True,male,TARO,reference_template,source-buffer-checked; anatomical-review-pending,CC-BY-4.0,7
FMA:22928|right,bodyparts3d,True,male,TARO,reference_template,source-buffer-checked; anatomical-review-pending,CC-BY-4.0,7
FMA:22928|right,bodyparts3d,True,male,TARO,reference_template,source-buffer-checked; anatomical-review-pending,CC-BY-4.0,7
FMA:22929|right,bodyparts3d,True,male,TARO,reference_template,source-buffer-checked; anatomical-review-pending,CC-BY-4.0,7
FMA:22929|right,bodyparts3d,True,male,TARO,reference_template,source-buffer-checked; anatomical-review-pending,CC-BY-4.0,7
FMA:85095|right,bodyparts3d,True,male,TARO,reference_template,source-buffer-checked; anatomical-review-pending,CC-BY-4.0,7
FMA:23062|right,bodyparts3d,True,male,TARO,reference_template,source-buffer-checked; anatomical-review-pending,CC-BY-4.0,7
FMA:23124|right,bodyparts3d,True,male,TARO,reference_template,source-buffer-checked; anatomical-review-pending,CC-BY-4.0,7
FMA:22763|right,bodyparts3d,True,male,TARO,reference_template,source-buffer-checked; anatomical-review-pending,CC-BY-4.0,7
FMA:23047|right,bodyparts3d,True,male,TARO,reference_template,source-buffer-checked; anatomical-review-pending,CC-BY-4.0,7
FMA:22857|right,bodyparts3d,True,male,TARO,reference_template,source-buffer-checked; anatomical-review-pending,CC-BY-4.0,7
FMA:85114|right,bodyparts3d,True,male,TARO,reference_template,source-buffer-checked; anatomical-review-pending,CC-BY-4.0,7
FMA:85111|right,bodyparts3d,True,male,TARO,reference_template,source-buffer-checked; anatomical-review-pending,CC-BY-4.0,7
FMA:23048|right,bodyparts3d,True,male,TARO,reference_template,source-buffer-checked; anatomical-review-pending,CC-BY-4.0,7
FMA:23046|right,bodyparts3d,True,male,TARO,reference_template,source-buffer-checked; anatomical-review-pending,CC-BY-4.0,7
FMA:85108|right,bodyparts3d,True,male,TARO,reference_template,source-buffer-checked; anatomical-review-pending,CC-BY-4.0,7
FMA:22762|right,bodyparts3d,True,male,TARO,reference_template,source-buffer-checked; anatomical-review-pending,CC-BY-4.0,7
FMA:22762|right,bodyparts3d,True,male,TARO,reference_template,source-buffer-checked; anatomical-review-pending,CC-BY-4.0,7
FMA:22706|right,bodyparts3d,True,male,TARO,reference_template,source-buffer-checked; anatomical-review-pending,CC-BY-4.0,7
FMA:22706|left,bodyparts3d,True,male,TARO,reference_template,source-buffer-checked; anatomical-review-pending,CC-BY-4.0,7
FMA:70447|right,bodyparts3d,True,male,TARO,reference_template,source-buffer-checked; anatomical-review-pending,CC-BY-4.0,7
FMA:71708|right,bodyparts3d,True,male,TARO,reference_template,source-buffer-checked; anatomical-review-pending,CC-BY-4.0,7
FMA:15415|left,bodyparts3d,True,male,TARO,reference_template,source-buffer-checked; anatomical-review-pending,CC-BY-4.0,7
FMA:15414|right,bodyparts3d,True,male,TARO,reference_template,source-buffer-checked; anatomical-review-pending,CC-BY-4.0,7
FMA:15745,bodyparts3d,True,male,TARO,reference_template,source-buffer-checked; anatomical-review-pending,CC-BY-4.0,7
FMA:14340,bodyparts3d,True,male,TARO,reference_template,source-buffer-checked; anatomical-review-pending,CC-BY-4.0,7
UBERON:0001143|left,bodyparts3d,True,male,TARO,reference_template,source-buffer-checked; anatomical-review-pending,CC-BY-4.0,7
UBERON:0001143|right,bodyparts3d,True,male,TARO,reference_template,source-buffer-checked; anatomical-review-pending,CC-BY-4.0,7
FMA:7247|left,bodyparts3d,True,male,TARO,reference_template,source-buffer-checked; anatomical-review-pending,CC-BY-4.0,7
FMA:7265|left,bodyparts3d,True,male,TARO,reference_template,source-buffer-checked; anatomical-review-pending,CC-BY-4.0,7
FMA:7260|right,bodyparts3d,True,male,TARO,reference_template,source-buffer-checked; anatomical-review-pending,CC-BY-4.0,7
FMA:7242,bodyparts3d,True,male,TARO,reference_template,source-buffer-checked; anatomical-review-pending,CC-BY-4.0,7
FMA:7238,bodyparts3d,True,male,TARO,reference_template,source-buffer-checked; anatomical-review-pending,CC-BY-4.0,7
FMA:13238|left,bodyparts3d,True,male,TARO,reference_template,source-buffer-checked; anatomical-review-pending,CC-BY-4.0,7
FMA:13238|right,bodyparts3d,True,male,TARO,reference_template,source-buffer-checked; anatomical-review-pending,CC-BY-4.0,7
FMA:13237|right,bodyparts3d,True,male,TARO,reference_template,source-buffer-checked; anatomical-review-pending,CC-BY-4.0,7
FMA:13237|left,bodyparts3d,True,male,TARO,reference_template,source-buffer-checked; anatomical-review-pending,CC-BY-4.0,7
FMA:7254|left,bodyparts3d,True,male,TARO,reference_template,source-buffer-checked; anatomical-review-pending,CC-BY-4.0,7
FMA:7250,bodyparts3d,True,male,TARO,reference_template,source-buffer-checked; anatomical-review-pending,CC-BY-4.0,7
FMA:13884,bodyparts3d,True,male,TARO,reference_template,source-buffer-checked; anatomical-review-pending,CC-BY-4.0,7
FMA:7264|left,bodyparts3d,True,male,TARO,reference_template,source-buffer-checked; anatomical-review-pending,CC-BY-4.0,7
FMA:7261|right,bodyparts3d,True,male,TARO,reference_template,source-buffer-checked; anatomical-review-pending,CC-BY-4.0,7
FMA:7252|right,bodyparts3d,True,male,TARO,reference_template,source-buffer-checked; anatomical-review-pending,CC-BY-4.0,7
FMA:7243,bodyparts3d,True,male,TARO,reference_template,source-buffer-checked; anatomical-review-pending,CC-BY-4.0,7
FMA:7239,bodyparts3d,True,male,TARO,reference_template,source-buffer-checked; anatomical-review-pending,CC-BY-4.0,7
FMA:7249|right,bodyparts3d,True,male,TARO,reference_template,source-buffer-checked; anatomical-review-pending,CC-BY-4.0,7
FMA:7253,bodyparts3d,True,male,TARO,reference_template,source-buffer-checked; anatomical-review-pending,CC-BY-4.0,7
FMA:7240,bodyparts3d,True,male,TARO,reference_template,source-buffer-checked; anatomical-review-pending,CC-BY-4.0,7
FMA:7262|right,bodyparts3d,True,male,TARO,reference_template,source-buffer-checked; anatomical-review-pending,CC-BY-4.0,7
FMA:13883|left,bodyparts3d,True,male,TARO,reference_template,source-buffer-checked; anatomical-review-pending,CC-BY-4.0,7
FMA:13883|right,bodyparts3d,True,male,TARO,reference_template,source-buffer-checked; anatomical-review-pending,CC-BY-4.0,7
FMA:9615,bodyparts3d,True,male,TARO,reference_template,source-buffer-checked; anatomical-review-pending,CC-BY-4.0,7
FMA:68227,bodyparts3d,True,male,TARO,reference_template,source-buffer-checked; anatomical-review-pending,CC-BY-4.0,7
FMA:68320|left,bodyparts3d,True,male,TARO,reference_template,source-buffer-checked; anatomical-review-pending,CC-BY-4.0,7
FMA:68235|left,bodyparts3d,True,male,TARO,reference_template,source-buffer-checked; anatomical-review-pending,CC-BY-4.0,7
FMA:68234|left,bodyparts3d,True,male,TARO,reference_template,source-buffer-checked; anatomical-review-pending,CC-BY-4.0,7
FMA:68322|left,bodyparts3d,True,male,TARO,reference_template,source-buffer-checked; anatomical-review-pending,CC-BY-4.0,7
FMA:68229|left,bodyparts3d,True,male,TARO,reference_template,source-buffer-checked; anatomical-review-pending,CC-BY-4.0,7
FMA:68236|left,bodyparts3d,True,male,TARO,reference_template,source-buffer-checked; anatomical-review-pending,CC-BY-4.0,7
FMA:68237|left,bodyparts3d,True,male,TARO,reference_template,source-buffer-checked; anatomical-review-pending,CC-BY-4.0,7
FMA:68215,bodyparts3d,True,male,TARO,reference_template,source-buffer-checked; anatomical-review-pending,CC-BY-4.0,7
UBERON:0002182|left,bodyparts3d,True,male,TARO,reference_template,source-buffer-checked; anatomical-review-pending,CC-BY-4.0,7
FMA:68214,bodyparts3d,True,male,TARO,reference_template,source-buffer-checked; anatomical-review-pending,CC-BY-4.0,7
FMA:68219|right,bodyparts3d,True,male,TARO,reference_template,source-buffer-checked; anatomical-review-pending,CC-BY-4.0,7
FMA:68235|right,bodyparts3d,True,male,TARO,reference_template,source-buffer-checked; anatomical-review-pending,CC-BY-4.0,7
FMA:68234|right,bodyparts3d,True,male,TARO,reference_template,source-buffer-checked; anatomical-review-pending,CC-BY-4.0,7
FMA:68322|right,bodyparts3d,True,male,TARO,reference_template,source-buffer-checked; anatomical-review-pending,CC-BY-4.0,7
FMA:68320|right,bodyparts3d,True,male,TARO,reference_template,source-buffer-checked; anatomical-review-pending,CC-BY-4.0,7
FMA:68229|right,bodyparts3d,True,male,TARO,reference_template,source-buffer-checked; anatomical-review-pending,CC-BY-4.0,7
FMA:68236|right,bodyparts3d,True,male,TARO,reference_template,source-buffer-checked; anatomical-review-pending,CC-BY-4.0,7
FMA:68237|right,bodyparts3d,True,male,TARO,reference_template,source-buffer-checked; anatomical-review-pending,CC-BY-4.0,7
FMA:68234|left,bodyparts3d,True,male,TARO,reference_template,source-buffer-checked; anatomical-review-pending,CC-BY-4.0,7
FMA:68234|left,bodyparts3d,True,male,TARO,reference_template,source-buffer-checked; anatomical-review-pending,CC-BY-4.0,7
FMA:68234|left,bodyparts3d,True,male,TARO,reference_template,source-buffer-checked; anatomical-review-pending,CC-BY-4.0,7
FMA:68234|left,bodyparts3d,True,male,TARO,reference_template,source-buffer-checked; anatomical-review-pending,CC-BY-4.0,7
FMA:68234|left,bodyparts3d,True,male,TARO,reference_template,source-buffer-checked; anatomical-review-pending,CC-BY-4.0,7
FMA:68236|left,bodyparts3d,True,male,TARO,reference_template,source-buffer-checked; anatomical-review-pending,CC-BY-4.0,7
FMA:68236|left,bodyparts3d,True,male,TARO,reference_template,source-buffer-checked; anatomical-review-pending,CC-BY-4.0,7
FMA:68235|left,bodyparts3d,True,male,TARO,reference_template,source-buffer-checked; anatomical-review-pending,CC-BY-4.0,7
FMA:68235|left,bodyparts3d,True,male,TARO,reference_template,source-buffer-checked; anatomical-review-pending,CC-BY-4.0,7
FMA:68235|left,bodyparts3d,True,male,TARO,reference_template,source-buffer-checked; anatomical-review-pending,CC-BY-4.0,7
FMA:68229|right,bodyparts3d,True,male,TARO,reference_template,source-buffer-checked; anatomical-review-pending,CC-BY-4.0,7
FMA:68235|left,bodyparts3d,True,male,TARO,reference_template,source-buffer-checked; anatomical-review-pending,CC-BY-4.0,7
FMA:68235|left,bodyparts3d,True,male,TARO,reference_template,source-buffer-checked; anatomical-review-pending,CC-BY-4.0,7
FMA:68235|left,bodyparts3d,True,male,TARO,reference_template,source-buffer-checked; anatomical-review-pending,CC-BY-4.0,7
FMA:68235|left,bodyparts3d,True,male,TARO,reference_template,source-buffer-checked; anatomical-review-pending,CC-BY-4.0,7
FMA:68227,bodyparts3d,True,male,TARO,reference_template,source-buffer-checked; anatomical-review-pending,CC-BY-4.0,7
FMA:68226,bodyparts3d,True,male,TARO,reference_template,source-buffer-checked; anatomical-review-pending,CC-BY-4.0,7
FMA:68226,bodyparts3d,True,male,TARO,reference_template,source-buffer-checked; anatomical-review-pending,CC-BY-4.0,7
FMA:68226,bodyparts3d,True,male,TARO,reference_template,source-buffer-checked; anatomical-review-pending,CC-BY-4.0,7
FMA:68237|left,bodyparts3d,True,male,TARO,reference_template,source-buffer-checked; anatomical-review-pending,CC-BY-4.0,7
FMA:68237|left,bodyparts3d,True,male,TARO,reference_template,source-buffer-checked; anatomical-review-pending,CC-BY-4.0,7
FMA:68229|right,bodyparts3d,True,male,TARO,reference_template,source-buffer-checked; anatomical-review-pending,CC-BY-4.0,7
FMA:68237|left,bodyparts3d,True,male,TARO,reference_template,source-buffer-checked; anatomical-review-pending,CC-BY-4.0,7
FMA:68237|left,bodyparts3d,True,male,TARO,reference_template,source-buffer-checked; anatomical-review-pending,CC-BY-4.0,7
FMA:68237|left,bodyparts3d,True,male,TARO,reference_template,source-buffer-checked; anatomical-review-pending,CC-BY-4.0,7
FMA:68237|left,bodyparts3d,True,male,TARO,reference_template,source-buffer-checked; anatomical-review-pending,CC-BY-4.0,7
FMA:68229|right,bodyparts3d,True,male,TARO,reference_template,source-buffer-checked; anatomical-review-pending,CC-BY-4.0,7
FMA:68229|right,bodyparts3d,True,male,TARO,reference_template,source-buffer-checked; anatomical-review-pending,CC-BY-4.0,7
FMA:68320|right,bodyparts3d,True,male,TARO,reference_template,source-buffer-checked; anatomical-review-pending,CC-BY-4.0,7
FMA:68229|right,bodyparts3d,True,male,TARO,reference_template,source-buffer-checked; anatomical-review-pending,CC-BY-4.0,7
FMA:68322|right,bodyparts3d,True,male,TARO,reference_template,source-buffer-checked; anatomical-review-pending,CC-BY-4.0,7
FMA:68322|right,bodyparts3d,True,male,TARO,reference_template,source-buffer-checked; anatomical-review-pending,CC-BY-4.0,7
FMA:68322|right,bodyparts3d,True,male,TARO,reference_template,source-buffer-checked; anatomical-review-pending,CC-BY-4.0,7
FMA:68219|right,bodyparts3d,True,male,TARO,reference_template,source-buffer-checked; anatomical-review-pending,CC-BY-4.0,7
FMA:68219|right,bodyparts3d,True,male,TARO,reference_template,source-buffer-checked; anatomical-review-pending,CC-BY-4.0,7
FMA:68237|right,bodyparts3d,True,male,TARO,reference_template,source-buffer-checked; anatomical-review-pending,CC-BY-4.0,7
FMA:68237|right,bodyparts3d,True,male,TARO,reference_template,source-buffer-checked; anatomical-review-pending,CC-BY-4.0,7
FMA:68237|right,bodyparts3d,True,male,TARO,reference_template,source-buffer-checked; anatomical-review-pending,CC-BY-4.0,7
FMA:68237|right,bodyparts3d,True,male,TARO,reference_template,source-buffer-checked; anatomical-review-pending,CC-BY-4.0,7
FMA:68237|right,bodyparts3d,True,male,TARO,reference_template,source-buffer-checked; anatomical-review-pending,CC-BY-4.0,7
FMA:68237|right,bodyparts3d,True,male,TARO,reference_template,source-buffer-checked; anatomical-review-pending,CC-BY-4.0,7
FMA:68237|right,bodyparts3d,True,male,TARO,reference_template,source-buffer-checked; anatomical-review-pending,CC-BY-4.0,7
FMA:68237|right,bodyparts3d,True,male,TARO,reference_template,source-buffer-checked; anatomical-review-pending,CC-BY-4.0,7
FMA:68215,bodyparts3d,True,male,TARO,reference_template,source-buffer-checked; anatomical-review-pending,CC-BY-4.0,7
FMA:68215,bodyparts3d,True,male,TARO,reference_template,source-buffer-checked; anatomical-review-pending,CC-BY-4.0,7
FMA:68215,bodyparts3d,True,male,TARO,reference_template,source-buffer-checked; anatomical-review-pending,CC-BY-4.0,7
FMA:68214,bodyparts3d,True,male,TARO,reference_template,source-buffer-checked; anatomical-review-pending,CC-BY-4.0,7
FMA:68214,bodyparts3d,True,male,TARO,reference_template,source-buffer-checked; anatomical-review-pending,CC-BY-4.0,7
FMA:68214,bodyparts3d,True,male,TARO,reference_template,source-buffer-checked; anatomical-review-pending,CC-BY-4.0,7
FMA:68235|right,bodyparts3d,True,male,TARO,reference_template,source-buffer-checked; anatomical-review-pending,CC-BY-4.0,7
FMA:68235|right,bodyparts3d,True,male,TARO,reference_template,source-buffer-checked; anatomical-review-pending,CC-BY-4.0,7
FMA:68235|right,bodyparts3d,True,male,TARO,reference_template,source-buffer-checked; anatomical-review-pending,CC-BY-4.0,7
FMA:68235|right,bodyparts3d,True,male,TARO,reference_template,source-buffer-checked; anatomical-review-pending,CC-BY-4.0,7
FMA:68235|right,bodyparts3d,True,male,TARO,reference_template,source-buffer-checked; anatomical-review-pending,CC-BY-4.0,7
FMA:68235|right,bodyparts3d,True,male,TARO,reference_template,source-buffer-checked; anatomical-review-pending,CC-BY-4.0,7
FMA:68236|right,bodyparts3d,True,male,TARO,reference_template,source-buffer-checked; anatomical-review-pending,CC-BY-4.0,7
FMA:68236|right,bodyparts3d,True,male,TARO,reference_template,source-buffer-checked; anatomical-review-pending,CC-BY-4.0,7
FMA:68236|right,bodyparts3d,True,male,TARO,reference_template,source-buffer-checked; anatomical-review-pending,CC-BY-4.0,7
FMA:68236|right,bodyparts3d,True,male,TARO,reference_template,source-buffer-checked; anatomical-review-pending,CC-BY-4.0,7
FMA:68236|right,bodyparts3d,True,male,TARO,reference_template,source-buffer-checked; anatomical-review-pending,CC-BY-4.0,7
FMA:68234|right,bodyparts3d,True,male,TARO,reference_template,source-buffer-checked; anatomical-review-pending,CC-BY-4.0,7
FMA:68234|right,bodyparts3d,True,male,TARO,reference_template,source-buffer-checked; anatomical-review-pending,CC-BY-4.0,7
FMA:68234|right,bodyparts3d,True,male,TARO,reference_template,source-buffer-checked; anatomical-review-pending,CC-BY-4.0,7
FMA:68234|right,bodyparts3d,True,male,TARO,reference_template,source-buffer-checked; anatomical-review-pending,CC-BY-4.0,7
FMA:68234|right,bodyparts3d,True,male,TARO,reference_template,source-buffer-checked; anatomical-review-pending,CC-BY-4.0,7
FMA:68234|right,bodyparts3d,True,male,TARO,reference_template,source-buffer-checked; anatomical-review-pending,CC-BY-4.0,7
FMA:68234|right,bodyparts3d,True,male,TARO,reference_template,source-buffer-checked; anatomical-review-pending,CC-BY-4.0,7
FMA:68229|left,bodyparts3d,True,male,TARO,reference_template,source-buffer-checked; anatomical-review-pending,CC-BY-4.0,7
FMA:68229|left,bodyparts3d,True,male,TARO,reference_template,source-buffer-checked; anatomical-review-pending,CC-BY-4.0,7
FMA:68229|left,bodyparts3d,True,male,TARO,reference_template,source-buffer-checked; anatomical-review-pending,CC-BY-4.0,7
FMA:68229|left,bodyparts3d,True,male,TARO,reference_template,source-buffer-checked; anatomical-review-pending,CC-BY-4.0,7
FMA:68229|left,bodyparts3d,True,male,TARO,reference_template,source-buffer-checked; anatomical-review-pending,CC-BY-4.0,7
FMA:68322|left,bodyparts3d,True,male,TARO,reference_template,source-buffer-checked; anatomical-review-pending,CC-BY-4.0,7
FMA:68322|left,bodyparts3d,True,male,TARO,reference_template,source-buffer-checked; anatomical-review-pending,CC-BY-4.0,7
FMA:68322|left,bodyparts3d,True,male,TARO,reference_template,source-buffer-checked; anatomical-review-pending,CC-BY-4.0,7
FMA:68219|left,bodyparts3d,True,male,TARO,reference_template,source-buffer-checked; anatomical-review-pending,CC-BY-4.0,7
FMA:68219|left,bodyparts3d,True,male,TARO,reference_template,source-buffer-checked; anatomical-review-pending,CC-BY-4.0,7
FMA:68320|left,bodyparts3d,True,male,TARO,reference_template,source-buffer-checked; anatomical-review-pending,CC-BY-4.0,7
FMA:68219|left,bodyparts3d,True,male,TARO,reference_template,source-buffer-checked; anatomical-review-pending,CC-BY-4.0,7
FMA:68418|right,bodyparts3d,True,male,TARO,reference_template,source-buffer-checked; anatomical-review-pending,CC-BY-4.0,7
FMA:68226,bodyparts3d,True,male,TARO,reference_template,source-buffer-checked; anatomical-review-pending,CC-BY-4.0,7
FMA:7394,bodyparts3d,True,male,TARO,reference_template,source-buffer-checked; anatomical-review-pending,CC-BY-4.0,7
UBERON:0001327|left,bodyparts3d,True,male,TARO,reference_template,source-buffer-checked; anatomical-review-pending,CC-BY-4.0,7
FMA:21930,bodyparts3d,True,male,TARO,reference_template,source-buffer-checked; anatomical-review-pending,CC-BY-4.0,7
UBERON:0011511|left,bodyparts3d,True,male,TARO,reference_template,source-buffer-checked; anatomical-review-pending,CC-BY-4.0,7
UBERON:0011528|left,bodyparts3d,True,male,TARO,reference_template,source-buffer-checked; anatomical-review-pending,CC-BY-4.0,7
UBERON:0011512|left,bodyparts3d,True,male,TARO,reference_template,source-buffer-checked; anatomical-review-pending,CC-BY-4.0,7
UBERON:0001327|right,bodyparts3d,True,male,TARO,reference_template,source-buffer-checked; anatomical-review-pending,CC-BY-4.0,7
FMA:21930,bodyparts3d,True,male,TARO,reference_template,source-buffer-checked; anatomical-review-pending,CC-BY-4.0,7
UBERON:0011511|right,bodyparts3d,True,male,TARO,reference_template,source-buffer-checked; anatomical-review-pending,CC-BY-4.0,7
UBERON:0011528|right,bodyparts3d,True,male,TARO,reference_template,source-buffer-checked; anatomical-review-pending,CC-BY-4.0,7
UBERON:0011512|right,bodyparts3d,True,male,TARO,reference_template,source-buffer-checked; anatomical-review-pending,CC-BY-4.0,7
FMA:46442,bodyparts3d,True,male,TARO,reference_template,source-buffer-checked; anatomical-review-pending,CC-BY-4.0,7
FMA:46442,bodyparts3d,True,male,TARO,reference_template,source-buffer-checked; anatomical-review-pending,CC-BY-4.0,7
UBERON:0007818|right,bodyparts3d,True,male,TARO,reference_template,source-buffer-checked; anatomical-review-pending,CC-BY-4.0,7
UBERON:0007818|left,bodyparts3d,True,male,TARO,reference_template,source-buffer-checked; anatomical-review-pending,CC-BY-4.0,7
UBERON:0007821|left,bodyparts3d,True,male,TARO,reference_template,source-buffer-checked; anatomical-review-pending,CC-BY-4.0,7
FMA:59503,bodyparts3d,True,male,TARO,reference_template,source-buffer-checked; anatomical-review-pending,CC-BY-4.0,7
UBERON:0007821|right,bodyparts3d,True,male,TARO,reference_template,source-buffer-checked; anatomical-review-pending,CC-BY-4.0,7
FMA:7196,bodyparts3d,True,male,TARO,reference_template,source-buffer-checked; anatomical-review-pending,CC-BY-4.0,7
FMA:14773,bodyparts3d,True,male,TARO,reference_template,source-buffer-checked; anatomical-review-pending,CC-BY-4.0,7
FMA:7131,bodyparts3d,True,male,TARO,reference_template,source-buffer-checked; anatomical-review-pending,CC-BY-4.0,7
FMA:7148,bodyparts3d,True,male,TARO,reference_template,source-buffer-checked; anatomical-review-pending,CC-BY-4.0,7
FMA:14542,bodyparts3d,True,male,TARO,reference_template,source-buffer-checked; anatomical-review-pending,CC-BY-4.0,7
FMA:14545,bodyparts3d,True,male,TARO,reference_template,source-buffer-checked; anatomical-review-pending,CC-BY-4.0,7
FMA:14547,bodyparts3d,True,male,TARO,reference_template,source-buffer-checked; anatomical-review-pending,CC-BY-4.0,7
FMA:15044,bodyparts3d,True,male,TARO,reference_template,source-buffer-checked; anatomical-review-pending,CC-BY-4.0,7
FMA:15042,bodyparts3d,True,male,TARO,reference_template,source-buffer-checked; anatomical-review-pending,CC-BY-4.0,7
FMA:15043,bodyparts3d,True,male,TARO,reference_template,source-buffer-checked; anatomical-review-pending,CC-BY-4.0,7
FMA:14544,bodyparts3d,True,male,TARO,reference_template,source-buffer-checked; anatomical-review-pending,CC-BY-4.0,7
FMA:14546,bodyparts3d,True,male,TARO,reference_template,source-buffer-checked; anatomical-review-pending,CC-BY-4.0,7
FMA:7206,bodyparts3d,True,male,TARO,reference_template,source-buffer-checked; anatomical-review-pending,CC-BY-4.0,7
FMA:14964,bodyparts3d,True,male,TARO,reference_template,source-buffer-checked; anatomical-review-pending,CC-BY-4.0,7
FMA:14964,bodyparts3d,True,male,TARO,reference_template,source-buffer-checked; anatomical-review-pending,CC-BY-4.0,7
FMA:14965,bodyparts3d,True,male,TARO,reference_template,source-buffer-checked; anatomical-review-pending,CC-BY-4.0,7
FMA:14965,bodyparts3d,True,male,TARO,reference_template,source-buffer-checked; anatomical-review-pending,CC-BY-4.0,7
FMA:14965,bodyparts3d,True,male,TARO,reference_template,source-buffer-checked; anatomical-review-pending,CC-BY-4.0,7
FMA:14965,bodyparts3d,True,male,TARO,reference_template,source-buffer-checked; anatomical-review-pending,CC-BY-4.0,7
FMA:14965,bodyparts3d,True,male,TARO,reference_template,source-buffer-checked; anatomical-review-pending,CC-BY-4.0,7
FMA:14965,bodyparts3d,True,male,TARO,reference_template,source-buffer-checked; anatomical-review-pending,CC-BY-4.0,7
FMA:14965,bodyparts3d,True,male,TARO,reference_template,source-buffer-checked; anatomical-review-pending,CC-BY-4.0,7
FMA:14965,bodyparts3d,True,male,TARO,reference_template,source-buffer-checked; anatomical-review-pending,CC-BY-4.0,7
FMA:14965,bodyparts3d,True,male,TARO,reference_template,source-buffer-checked; anatomical-review-pending,CC-BY-4.0,7
FMA:14964,bodyparts3d,True,male,TARO,reference_template,source-buffer-checked; anatomical-review-pending,CC-BY-4.0,7
FMA:14965,bodyparts3d,True,male,TARO,reference_template,source-buffer-checked; anatomical-review-pending,CC-BY-4.0,7
FMA:14966,bodyparts3d,True,male,TARO,reference_template,source-buffer-checked; anatomical-review-pending,CC-BY-4.0,7
FMA:14966,bodyparts3d,True,male,TARO,reference_template,source-buffer-checked; anatomical-review-pending,CC-BY-4.0,7
FMA:14966,bodyparts3d,True,male,TARO,reference_template,source-buffer-checked; anatomical-review-pending,CC-BY-4.0,7
FMA:14966,bodyparts3d,True,male,TARO,reference_template,source-buffer-checked; anatomical-review-pending,CC-BY-4.0,7
FMA:14966,bodyparts3d,True,male,TARO,reference_template,source-buffer-checked; anatomical-review-pending,CC-BY-4.0,7
FMA:14966,bodyparts3d,True,male,TARO,reference_template,source-buffer-checked; anatomical-review-pending,CC-BY-4.0,7
FMA:14966,bodyparts3d,True,male,TARO,reference_template,source-buffer-checked; anatomical-review-pending,CC-BY-4.0,7
FMA:14966,bodyparts3d,True,male,TARO,reference_template,source-buffer-checked; anatomical-review-pending,CC-BY-4.0,7
FMA:14966,bodyparts3d,True,male,TARO,reference_template,source-buffer-checked; anatomical-review-pending,CC-BY-4.0,7
FMA:14964,bodyparts3d,True,male,TARO,reference_template,source-buffer-checked; anatomical-review-pending,CC-BY-4.0,7
FMA:14966,bodyparts3d,True,male,TARO,reference_template,source-buffer-checked; anatomical-review-pending,CC-BY-4.0,7
FMA:14966,bodyparts3d,True,male,TARO,reference_template,source-buffer-checked; anatomical-review-pending,CC-BY-4.0,7
FMA:11338,bodyparts3d,True,male,TARO,reference_template,source-buffer-checked; anatomical-review-pending,CC-BY-4.0,7
FMA:14964,bodyparts3d,True,male,TARO,reference_template,source-buffer-checked; anatomical-review-pending,CC-BY-4.0,7
FMA:14964,bodyparts3d,True,male,TARO,reference_template,source-buffer-checked; anatomical-review-pending,CC-BY-4.0,7
FMA:14964,bodyparts3d,True,male,TARO,reference_template,source-buffer-checked; anatomical-review-pending,CC-BY-4.0,7
FMA:14964,bodyparts3d,True,male,TARO,reference_template,source-buffer-checked; anatomical-review-pending,CC-BY-4.0,7
FMA:14964,bodyparts3d,True,male,TARO,reference_template,source-buffer-checked; anatomical-review-pending,CC-BY-4.0,7
FMA:14964,bodyparts3d,True,male,TARO,reference_template,source-buffer-checked; anatomical-review-pending,CC-BY-4.0,7
FMA:16981,bodyparts3d,True,male,TARO,reference_template,source-buffer-checked; anatomical-review-pending,CC-BY-4.0,7
FMA:16982,bodyparts3d,True,male,TARO,reference_template,source-buffer-checked; anatomical-review-pending,CC-BY-4.0,7
FMA:16982,bodyparts3d,True,male,TARO,reference_template,source-buffer-checked; anatomical-review-pending,CC-BY-4.0,7
FMA:16982,bodyparts3d,True,male,TARO,reference_template,source-buffer-checked; anatomical-review-pending,CC-BY-4.0,7
FMA:16982,bodyparts3d,True,male,TARO,reference_template,source-buffer-checked; anatomical-review-pending,CC-BY-4.0,7
FMA:16983,bodyparts3d,True,male,TARO,reference_template,source-buffer-checked; anatomical-review-pending,CC-BY-4.0,7
FMA:16983,bodyparts3d,True,male,TARO,reference_template,source-buffer-checked; anatomical-review-pending,CC-BY-4.0,7
FMA:16983,bodyparts3d,True,male,TARO,reference_template,source-buffer-checked; anatomical-review-pending,CC-BY-4.0,7
FMA:16983,bodyparts3d,True,male,TARO,reference_template,source-buffer-checked; anatomical-review-pending,CC-BY-4.0,7
FMA:16983,bodyparts3d,True,male,TARO,reference_template,source-buffer-checked; anatomical-review-pending,CC-BY-4.0,7
FMA:16983,bodyparts3d,True,male,TARO,reference_template,source-buffer-checked; anatomical-review-pending,CC-BY-4.0,7
FMA:16981,bodyparts3d,True,male,TARO,reference_template,source-buffer-checked; anatomical-review-pending,CC-BY-4.0,7
FMA:16983,bodyparts3d,True,male,TARO,reference_template,source-buffer-checked; anatomical-review-pending,CC-BY-4.0,7
FMA:16983,bodyparts3d,True,male,TARO,reference_template,source-buffer-checked; anatomical-review-pending,CC-BY-4.0,7
FMA:16983,bodyparts3d,True,male,TARO,reference_template,source-buffer-checked; anatomical-review-pending,CC-BY-4.0,7
FMA:16983,bodyparts3d,True,male,TARO,reference_template,source-buffer-checked; anatomical-review-pending,CC-BY-4.0,7
FMA:16981,bodyparts3d,True,male,TARO,reference_template,source-buffer-checked; anatomical-review-pending,CC-BY-4.0,7
FMA:16981,bodyparts3d,True,male,TARO,reference_template,source-buffer-checked; anatomical-review-pending,CC-BY-4.0,7
FMA:16981,bodyparts3d,True,male,TARO,reference_template,source-buffer-checked; anatomical-review-pending,CC-BY-4.0,7
FMA:16981,bodyparts3d,True,male,TARO,reference_template,source-buffer-checked; anatomical-review-pending,CC-BY-4.0,7
FMA:16981,bodyparts3d,True,male,TARO,reference_template,source-buffer-checked; anatomical-review-pending,CC-BY-4.0,7
FMA:16981,bodyparts3d,True,male,TARO,reference_template,source-buffer-checked; anatomical-review-pending,CC-BY-4.0,7
FMA:16982,bodyparts3d,True,male,TARO,reference_template,source-buffer-checked; anatomical-review-pending,CC-BY-4.0,7
FMA:63120,bodyparts3d,True,male,TARO,reference_template,source-buffer-checked; anatomical-review-pending,CC-BY-4.0,7
FMA:63103,bodyparts3d,True,male,TARO,reference_template,source-buffer-checked; anatomical-review-pending,CC-BY-4.0,7
FMA:74912|left,bodyparts3d,True,male,TARO,reference_template,source-buffer-checked; anatomical-review-pending,CC-BY-4.0,7
FMA:3872,bodyparts3d,True,male,TARO,reference_template,source-buffer-checked; anatomical-review-pending,CC-BY-4.0,7
FMA:3860|left,bodyparts3d,True,male,TARO,reference_template,source-buffer-checked; anatomical-review-pending,CC-BY-4.0,7
FMA:3860|left,bodyparts3d,True,male,TARO,reference_template,source-buffer-checked; anatomical-review-pending,CC-BY-4.0,7
FMA:3860|left,bodyparts3d,True,male,TARO,reference_template,source-buffer-checked; anatomical-review-pending,CC-BY-4.0,7
FMA:3860|left,bodyparts3d,True,male,TARO,reference_template,source-buffer-checked; anatomical-review-pending,CC-BY-4.0,7
FMA:3860|left,bodyparts3d,True,male,TARO,reference_template,source-buffer-checked; anatomical-review-pending,CC-BY-4.0,7
FMA:3860|left,bodyparts3d,True,male,TARO,reference_template,source-buffer-checked; anatomical-review-pending,CC-BY-4.0,7
FMA:3860|left,bodyparts3d,True,male,TARO,reference_template,source-buffer-checked; anatomical-review-pending,CC-BY-4.0,7
FMA:3860|left,bodyparts3d,True,male,TARO,reference_template,source-buffer-checked; anatomical-review-pending,CC-BY-4.0,7
FMA:3876,bodyparts3d,True,male,TARO,reference_template,source-buffer-checked; anatomical-review-pending,CC-BY-4.0,7
FMA:3860|left,bodyparts3d,True,male,TARO,reference_template,source-buffer-checked; anatomical-review-pending,CC-BY-4.0,7
FMA:3868|left,bodyparts3d,True,male,TARO,reference_template,source-buffer-checked; anatomical-review-pending,CC-BY-4.0,7
FMA:3868|left,bodyparts3d,True,male,TARO,reference_template,source-buffer-checked; anatomical-review-pending,CC-BY-4.0,7
FMA:3872,bodyparts3d,True,male,TARO,reference_template,source-buffer-checked; anatomical-review-pending,CC-BY-4.0,7
FMA:3874,bodyparts3d,True,male,TARO,reference_template,source-buffer-checked; anatomical-review-pending,CC-BY-4.0,7
FMA:3876,bodyparts3d,True,male,TARO,reference_template,source-buffer-checked; anatomical-review-pending,CC-BY-4.0,7
FMA:3860|left,bodyparts3d,True,male,TARO,reference_template,source-buffer-checked; anatomical-review-pending,CC-BY-4.0,7
FMA:3895|left,bodyparts3d,True,male,TARO,reference_template,source-buffer-checked; anatomical-review-pending,CC-BY-4.0,7
FMA:3895|left,bodyparts3d,True,male,TARO,reference_template,source-buffer-checked; anatomical-review-pending,CC-BY-4.0,7
FMA:3895|left,bodyparts3d,True,male,TARO,reference_template,source-buffer-checked; anatomical-review-pending,CC-BY-4.0,7
FMA:3895|left,bodyparts3d,True,male,TARO,reference_template,source-buffer-checked; anatomical-review-pending,CC-BY-4.0,7
FMA:3895|left,bodyparts3d,True,male,TARO,reference_template,source-buffer-checked; anatomical-review-pending,CC-BY-4.0,7
FMA:3895|left,bodyparts3d,True,male,TARO,reference_template,source-buffer-checked; anatomical-review-pending,CC-BY-4.0,7
FMA:4706,bodyparts3d,True,male,TARO,reference_template,source-buffer-checked; anatomical-review-pending,CC-BY-4.0,7
FMA:4707,bodyparts3d,True,male,TARO,reference_template,source-buffer-checked; anatomical-review-pending,CC-BY-4.0,7
FMA:66403,bodyparts3d,True,male,TARO,reference_template,source-buffer-checked; anatomical-review-pending,CC-BY-4.0,7
FMA:66403,bodyparts3d,True,male,TARO,reference_template,source-buffer-checked; anatomical-review-pending,CC-BY-4.0,7
FMA:66403,bodyparts3d,True,male,TARO,reference_template,source-buffer-checked; anatomical-review-pending,CC-BY-4.0,7
FMA:66403,bodyparts3d,True,male,TARO,reference_template,source-buffer-checked; anatomical-review-pending,CC-BY-4.0,7
FMA:66403,bodyparts3d,True,male,TARO,reference_template,source-buffer-checked; anatomical-review-pending,CC-BY-4.0,7
FMA:66403,bodyparts3d,True,male,TARO,reference_template,source-buffer-checked; anatomical-review-pending,CC-BY-4.0,7
FMA:66403,bodyparts3d,True,male,TARO,reference_template,source-buffer-checked; anatomical-review-pending,CC-BY-4.0,7
FMA:66403,bodyparts3d,True,male,TARO,reference_template,source-buffer-checked; anatomical-review-pending,CC-BY-4.0,7
FMA:66403,bodyparts3d,True,male,TARO,reference_template,source-buffer-checked; anatomical-review-pending,CC-BY-4.0,7
FMA:3818|right,bodyparts3d,True,male,TARO,reference_template,source-buffer-checked; anatomical-review-pending,CC-BY-4.0,7
FMA:3818|right,bodyparts3d,True,male,TARO,reference_template,source-buffer-checked; anatomical-review-pending,CC-BY-4.0,7
FMA:3807|right,bodyparts3d,True,male,TARO,reference_template,source-buffer-checked; anatomical-review-pending,CC-BY-4.0,7
FMA:3815|right,bodyparts3d,True,male,TARO,reference_template,source-buffer-checked; anatomical-review-pending,CC-BY-4.0,7
FMA:3818|right,bodyparts3d,True,male,TARO,reference_template,source-buffer-checked; anatomical-review-pending,CC-BY-4.0,7
FMA:3815|right,bodyparts3d,True,male,TARO,reference_template,source-buffer-checked; anatomical-review-pending,CC-BY-4.0,7
FMA:3818|right,bodyparts3d,True,male,TARO,reference_template,source-buffer-checked; anatomical-review-pending,CC-BY-4.0,7
FMA:3818|right,bodyparts3d,True,male,TARO,reference_template,source-buffer-checked; anatomical-review-pending,CC-BY-4.0,7
FMA:3807|right,bodyparts3d,True,male,TARO,reference_template,source-buffer-checked; anatomical-review-pending,CC-BY-4.0,7
FMA:3815|right,bodyparts3d,True,male,TARO,reference_template,source-buffer-checked; anatomical-review-pending,CC-BY-4.0,7
FMA:4713,bodyparts3d,True,male,TARO,reference_template,source-buffer-checked; anatomical-review-pending,CC-BY-4.0,7
FMA:4713,bodyparts3d,True,male,TARO,reference_template,source-buffer-checked; anatomical-review-pending,CC-BY-4.0,7
FMA:4713,bodyparts3d,True,male,TARO,reference_template,source-buffer-checked; anatomical-review-pending,CC-BY-4.0,7
FMA:4713,bodyparts3d,True,male,TARO,reference_template,source-buffer-checked; anatomical-review-pending,CC-BY-4.0,7
FMA:4713,bodyparts3d,True,male,TARO,reference_template,source-buffer-checked; anatomical-review-pending,CC-BY-4.0,7
FMA:4713,bodyparts3d,True,male,TARO,reference_template,source-buffer-checked; anatomical-review-pending,CC-BY-4.0,7
FMA:4713,bodyparts3d,True,male,TARO,reference_template,source-buffer-checked; anatomical-review-pending,CC-BY-4.0,7
FMA:4713,bodyparts3d,True,male,TARO,reference_template,source-buffer-checked; anatomical-review-pending,CC-BY-4.0,7
FMA:4713,bodyparts3d,True,male,TARO,reference_template,source-buffer-checked; anatomical-review-pending,CC-BY-4.0,7
FMA:4713,bodyparts3d,True,male,TARO,reference_template,source-buffer-checked; anatomical-review-pending,CC-BY-4.0,7
FMA:4713,bodyparts3d,True,male,TARO,reference_template,source-buffer-checked; anatomical-review-pending,CC-BY-4.0,7
FMA:4713,bodyparts3d,True,male,TARO,reference_template,source-buffer-checked; anatomical-review-pending,CC-BY-4.0,7
FMA:4713,bodyparts3d,True,male,TARO,reference_template,source-buffer-checked; anatomical-review-pending,CC-BY-4.0,7
FMA:4713,bodyparts3d,True,male,TARO,reference_template,source-buffer-checked; anatomical-review-pending,CC-BY-4.0,7
FMA:3840|right,bodyparts3d,True,male,TARO,reference_template,source-buffer-checked; anatomical-review-pending,CC-BY-4.0,7
FMA:3840|right,bodyparts3d,True,male,TARO,reference_template,source-buffer-checked; anatomical-review-pending,CC-BY-4.0,7
FMA:3840|right,bodyparts3d,True,male,TARO,reference_template,source-buffer-checked; anatomical-review-pending,CC-BY-4.0,7
FMA:3840|right,bodyparts3d,True,male,TARO,reference_template,source-buffer-checked; anatomical-review-pending,CC-BY-4.0,7
FMA:3840|right,bodyparts3d,True,male,TARO,reference_template,source-buffer-checked; anatomical-review-pending,CC-BY-4.0,7
FMA:3840|right,bodyparts3d,True,male,TARO,reference_template,source-buffer-checked; anatomical-review-pending,CC-BY-4.0,7
FMA:3840|right,bodyparts3d,True,male,TARO,reference_template,source-buffer-checked; anatomical-review-pending,CC-BY-4.0,7
FMA:3840|right,bodyparts3d,True,male,TARO,reference_template,source-buffer-checked; anatomical-review-pending,CC-BY-4.0,7
FMA:3840|right,bodyparts3d,True,male,TARO,reference_template,source-buffer-checked; anatomical-review-pending,CC-BY-4.0,7
FMA:4712|left,bodyparts3d,True,male,TARO,reference_template,source-buffer-checked; anatomical-review-pending,CC-BY-4.0,7
FMA:4712|left,bodyparts3d,True,male,TARO,reference_template,source-buffer-checked; anatomical-review-pending,CC-BY-4.0,7
FMA:4708|left,bodyparts3d,True,male,TARO,reference_template,source-buffer-checked; anatomical-review-pending,CC-BY-4.0,7
FMA:4708|left,bodyparts3d,True,male,TARO,reference_template,source-buffer-checked; anatomical-review-pending,CC-BY-4.0,7
FMA:4708|left,bodyparts3d,True,male,TARO,reference_template,source-buffer-checked; anatomical-review-pending,CC-BY-4.0,7
FMA:4712|left,bodyparts3d,True,male,TARO,reference_template,source-buffer-checked; anatomical-review-pending,CC-BY-4.0,7
FMA:4712|left,bodyparts3d,True,male,TARO,reference_template,source-buffer-checked; anatomical-review-pending,CC-BY-4.0,7
FMA:4712|left,bodyparts3d,True,male,TARO,reference_template,source-buffer-checked; anatomical-review-pending,CC-BY-4.0,7
FMA:4712|left,bodyparts3d,True,male,TARO,reference_template,source-buffer-checked; anatomical-review-pending,CC-BY-4.0,7
FMA:4712|left,bodyparts3d,True,male,TARO,reference_template,source-buffer-checked; anatomical-review-pending,CC-BY-4.0,7
FMA:4712|left,bodyparts3d,True,male,TARO,reference_template,source-buffer-checked; anatomical-review-pending,CC-BY-4.0,7
FMA:4712|left,bodyparts3d,True,male,TARO,reference_template,source-buffer-checked; anatomical-review-pending,CC-BY-4.0,7
FMA:4712|left,bodyparts3d,True,male,TARO,reference_template,source-buffer-checked; anatomical-review-pending,CC-BY-4.0,7
FMA:3837|right,bodyparts3d,True,male,TARO,reference_template,source-buffer-checked; anatomical-review-pending,CC-BY-4.0,7
FMA:3837|right,bodyparts3d,True,male,TARO,reference_template,source-buffer-checked; anatomical-review-pending,CC-BY-4.0,7
FMA:3837|right,bodyparts3d,True,male,TARO,reference_template,source-buffer-checked; anatomical-review-pending,CC-BY-4.0,7
FMA:3837|right,bodyparts3d,True,male,TARO,reference_template,source-buffer-checked; anatomical-review-pending,CC-BY-4.0,7
FMA:3837|right,bodyparts3d,True,male,TARO,reference_template,source-buffer-checked; anatomical-review-pending,CC-BY-4.0,7
FMA:3837|right,bodyparts3d,True,male,TARO,reference_template,source-buffer-checked; anatomical-review-pending,CC-BY-4.0,7
FMA:3837|right,bodyparts3d,True,male,TARO,reference_template,source-buffer-checked; anatomical-review-pending,CC-BY-4.0,7
FMA:3837|right,bodyparts3d,True,male,TARO,reference_template,source-buffer-checked; anatomical-review-pending,CC-BY-4.0,7
FMA:3837|right,bodyparts3d,True,male,TARO,reference_template,source-buffer-checked; anatomical-review-pending,CC-BY-4.0,7
FMA:87218|right,bodyparts3d,True,male,TARO,reference_template,source-buffer-checked; anatomical-review-pending,CC-BY-4.0,7
FMA:4714,bodyparts3d,True,male,TARO,reference_template,source-buffer-checked; anatomical-review-pending,CC-BY-4.0,7
FMA:76767,bodyparts3d,True,male,TARO,reference_template,source-buffer-checked; anatomical-review-pending,CC-BY-4.0,7
FMA:4716|right,bodyparts3d,True,male,TARO,reference_template,source-buffer-checked; anatomical-review-pending,CC-BY-4.0,7
FMA:4716|right,bodyparts3d,True,male,TARO,reference_template,source-buffer-checked; anatomical-review-pending,CC-BY-4.0,7
FMA:4716|right,bodyparts3d,True,male,TARO,reference_template,source-buffer-checked; anatomical-review-pending,CC-BY-4.0,7
FMA:76767,bodyparts3d,True,male,TARO,reference_template,source-buffer-checked; anatomical-review-pending,CC-BY-4.0,7
FMA:4714,bodyparts3d,True,male,TARO,reference_template,source-buffer-checked; anatomical-review-pending,CC-BY-4.0,7
FMA:3892,bodyparts3d,True,male,TARO,reference_template,source-buffer-checked; anatomical-review-pending,CC-BY-4.0,7
FMA:3892,bodyparts3d,True,male,TARO,reference_template,source-buffer-checked; anatomical-review-pending,CC-BY-4.0,7
FMA:3892,bodyparts3d,True,male,TARO,reference_template,source-buffer-checked; anatomical-review-pending,CC-BY-4.0,7
FMA:3847|right,bodyparts3d,True,male,TARO,reference_template,source-buffer-checked; anatomical-review-pending,CC-BY-4.0,7
FMA:3848|right,bodyparts3d,True,male,TARO,reference_template,source-buffer-checked; anatomical-review-pending,CC-BY-4.0,7
FMA:87218|left,bodyparts3d,True,male,TARO,reference_template,source-buffer-checked; anatomical-review-pending,CC-BY-4.0,7
UBERON:0001571|left,bodyparts3d,True,male,TARO,reference_template,source-buffer-checked; anatomical-review-pending,CC-BY-4.0,7
UBERON:0001572|left,bodyparts3d,True,male,TARO,reference_template,source-buffer-checked; anatomical-review-pending,CC-BY-4.0,7
UBERON:0001570|left,bodyparts3d,True,male,TARO,reference_template,source-buffer-checked; anatomical-review-pending,CC-BY-4.0,7
UBERON:0008585|left,bodyparts3d,True,male,TARO,reference_template,source-buffer-checked; anatomical-review-pending,CC-BY-4.0,7
UBERON:0010749|right,bodyparts3d,True,male,TARO,reference_template,source-buffer-checked; anatomical-review-pending,CC-BY-4.0,7
UBERON:0010234|left,bodyparts3d,True,male,TARO,reference_template,source-buffer-checked; anatomical-review-pending,CC-BY-4.0,7
UBERON:0011349|left,bodyparts3d,True,male,TARO,reference_template,source-buffer-checked; anatomical-review-pending,CC-BY-4.0,7
UBERON:0010937|left,bodyparts3d,True,male,TARO,reference_template,source-buffer-checked; anatomical-review-pending,CC-BY-4.0,7
UBERON:0008804|left,bodyparts3d,True,male,TARO,reference_template,source-buffer-checked; anatomical-review-pending,CC-BY-4.0,7
UBERON:0006329|left,bodyparts3d,True,male,TARO,reference_template,source-buffer-checked; anatomical-review-pending,CC-BY-4.0,7
UBERON:0008586|left,bodyparts3d,True,male,TARO,reference_template,source-buffer-checked; anatomical-review-pending,CC-BY-4.0,7
FMA:55077,bodyparts3d,True,male,TARO,reference_template,source-buffer-checked; anatomical-review-pending,CC-BY-4.0,7
UBERON:0001571|right,bodyparts3d,True,male,TARO,reference_template,source-buffer-checked; anatomical-review-pending,CC-BY-4.0,7
UBERON:0001572|right,bodyparts3d,True,male,TARO,reference_template,source-buffer-checked; anatomical-review-pending,CC-BY-4.0,7
UBERON:0001570|right,bodyparts3d,True,male,TARO,reference_template,source-buffer-checked; anatomical-review-pending,CC-BY-4.0,7
UBERON:0008585|right,bodyparts3d,True,male,TARO,reference_template,source-buffer-checked; anatomical-review-pending,CC-BY-4.0,7
UBERON:0010749|left,bodyparts3d,True,male,TARO,reference_template,source-buffer-checked; anatomical-review-pending,CC-BY-4.0,7
UBERON:0010234|right,bodyparts3d,True,male,TARO,reference_template,source-buffer-checked; anatomical-review-pending,CC-BY-4.0,7
UBERON:0011349|right,bodyparts3d,True,male,TARO,reference_template,source-buffer-checked; anatomical-review-pending,CC-BY-4.0,7
UBERON:0010937|right,bodyparts3d,True,male,TARO,reference_template,source-buffer-checked; anatomical-review-pending,CC-BY-4.0,7
UBERON:0008804|right,bodyparts3d,True,male,TARO,reference_template,source-buffer-checked; anatomical-review-pending,CC-BY-4.0,7
UBERON:0006329|right,bodyparts3d,True,male,TARO,reference_template,source-buffer-checked; anatomical-review-pending,CC-BY-4.0,7
UBERON:0008586|right,bodyparts3d,True,male,TARO,reference_template,source-buffer-checked; anatomical-review-pending,CC-BY-4.0,7
FMA:54640,bodyparts3d,True,male,TARO,reference_template,source-buffer-checked; anatomical-review-pending,CC-BY-4.0,7
FMA:46733,bodyparts3d,True,male,TARO,reference_template,source-buffer-checked; anatomical-review-pending,CC-BY-4.0,7
UBERON:0004361|left,bodyparts3d,True,male,TARO,reference_template,source-buffer-checked; anatomical-review-pending,CC-BY-4.0,7
UBERON:0004361|right,bodyparts3d,True,male,TARO,reference_template,source-buffer-checked; anatomical-review-pending,CC-BY-4.0,7
UBERON:0001832|left,bodyparts3d,True,male,TARO,reference_template,source-buffer-checked; anatomical-review-pending,CC-BY-4.0,7
UBERON:0001736|left,bodyparts3d,True,male,TARO,reference_template,source-buffer-checked; anatomical-review-pending,CC-BY-4.0,7
UBERON:0001832|right,bodyparts3d,True,male,TARO,reference_template,source-buffer-checked; anatomical-review-pending,CC-BY-4.0,7
UBERON:0001736|right,bodyparts3d,True,male,TARO,reference_template,source-buffer-checked; anatomical-review-pending,CC-BY-4.0,7
FMA:9615,bodyparts3d,True,male,TARO,reference_template,source-buffer-checked; anatomical-review-pending,CC-BY-4.0,7
FMA:55130,bodyparts3d,True,male,TARO,reference_template,source-buffer-checked; anatomical-review-pending,CC-BY-4.0,7
FMA:55227,bodyparts3d,True,male,TARO,reference_template,source-buffer-checked; anatomical-review-pending,CC-BY-4.0,7
FMA:52749,bodyparts3d,True,male,TARO,reference_template,source-buffer-checked; anatomical-review-pending,CC-BY-4.0,7
UBERON:0011157|left,bodyparts3d,True,male,TARO,reference_template,source-buffer-checked; anatomical-review-pending,CC-BY-4.0,7
UBERON:0011025|left,bodyparts3d,True,male,TARO,reference_template,source-buffer-checked; anatomical-review-pending,CC-BY-4.0,7
UBERON:0001740|left,bodyparts3d,True,male,TARO,reference_template,source-buffer-checked; anatomical-review-pending,CC-BY-4.0,7
UBERON:0001741|left,bodyparts3d,True,male,TARO,reference_template,source-buffer-checked; anatomical-review-pending,CC-BY-4.0,7
FMA:55250|left,bodyparts3d,True,male,TARO,reference_template,source-buffer-checked; anatomical-review-pending,CC-BY-4.0,7
UBERON:0008573|left,bodyparts3d,True,male,TARO,reference_template,source-buffer-checked; anatomical-review-pending,CC-BY-4.0,7
UBERON:0010926|left,bodyparts3d,True,male,TARO,reference_template,source-buffer-checked; anatomical-review-pending,CC-BY-4.0,7
UBERON:0008575|left,bodyparts3d,True,male,TARO,reference_template,source-buffer-checked; anatomical-review-pending,CC-BY-4.0,7
FMA:46610|left,bodyparts3d,True,male,TARO,reference_template,source-buffer-checked; anatomical-review-pending,CC-BY-4.0,7
UBERON:0008572|left,bodyparts3d,True,male,TARO,reference_template,source-buffer-checked; anatomical-review-pending,CC-BY-4.0,7
FMA:46609|left,bodyparts3d,True,male,TARO,reference_template,source-buffer-checked; anatomical-review-pending,CC-BY-4.0,7
UBERON:0008576|left,bodyparts3d,True,male,TARO,reference_template,source-buffer-checked; anatomical-review-pending,CC-BY-4.0,7
UBERON:0008576|left,bodyparts3d,True,male,TARO,reference_template,source-buffer-checked; anatomical-review-pending,CC-BY-4.0,7
FMA:55132|left,bodyparts3d,True,male,TARO,reference_template,source-buffer-checked; anatomical-review-pending,CC-BY-4.0,7
FMA:55244|left,bodyparts3d,True,male,TARO,reference_template,source-buffer-checked; anatomical-review-pending,CC-BY-4.0,7
UBERON:0008577|left,bodyparts3d,True,male,TARO,reference_template,source-buffer-checked; anatomical-review-pending,CC-BY-4.0,7
FMA:55237,bodyparts3d,True,male,TARO,reference_template,source-buffer-checked; anatomical-review-pending,CC-BY-4.0,7
FMA:55138,bodyparts3d,True,male,TARO,reference_template,source-buffer-checked; anatomical-review-pending,CC-BY-4.0,7
UBERON:0011025|right,bodyparts3d,True,male,TARO,reference_template,source-buffer-checked; anatomical-review-pending,CC-BY-4.0,7
UBERON:0001740|right,bodyparts3d,True,male,TARO,reference_template,source-buffer-checked; anatomical-review-pending,CC-BY-4.0,7
UBERON:0001741|right,bodyparts3d,True,male,TARO,reference_template,source-buffer-checked; anatomical-review-pending,CC-BY-4.0,7
FMA:55250|right,bodyparts3d,True,male,TARO,reference_template,source-buffer-checked; anatomical-review-pending,CC-BY-4.0,7
UBERON:0011157|right,bodyparts3d,True,male,TARO,reference_template,source-buffer-checked; anatomical-review-pending,CC-BY-4.0,7
UBERON:0008573|right,bodyparts3d,True,male,TARO,reference_template,source-buffer-checked; anatomical-review-pending,CC-BY-4.0,7
UBERON:0010926|right,bodyparts3d,True,male,TARO,reference_template,source-buffer-checked; anatomical-review-pending,CC-BY-4.0,7
UBERON:0008575|right,bodyparts3d,True,male,TARO,reference_template,source-buffer-checked; anatomical-review-pending,CC-BY-4.0,7
FMA:46610|right,bodyparts3d,True,male,TARO,reference_template,source-buffer-checked; anatomical-review-pending,CC-BY-4.0,7
UBERON:0008572|right,bodyparts3d,True,male,TARO,reference_template,source-buffer-checked; anatomical-review-pending,CC-BY-4.0,7
FMA:46609|right,bodyparts3d,True,male,TARO,reference_template,source-buffer-checked; anatomical-review-pending,CC-BY-4.0,7
UBERON:0008576|right,bodyparts3d,True,male,TARO,reference_template,source-buffer-checked; anatomical-review-pending,CC-BY-4.0,7
UBERON:0008576|right,bodyparts3d,True,male,TARO,reference_template,source-buffer-checked; anatomical-review-pending,CC-BY-4.0,7
FMA:55132|right,bodyparts3d,True,male,TARO,reference_template,source-buffer-checked; anatomical-review-pending,CC-BY-4.0,7
FMA:55244|right,bodyparts3d,True,male,TARO,reference_template,source-buffer-checked; anatomical-review-pending,CC-BY-4.0,7
UBERON:0008577|right,bodyparts3d,True,male,TARO,reference_template,source-buffer-checked; anatomical-review-pending,CC-BY-4.0,7
FMA:55230,bodyparts3d,True,male,TARO,reference_template,source-buffer-checked; anatomical-review-pending,CC-BY-4.0,7
FMA:55099,bodyparts3d,True,male,TARO,reference_template,source-buffer-checked; anatomical-review-pending,CC-BY-4.0,7
FMA:46582,bodyparts3d,True,male,TARO,reference_template,source-buffer-checked; anatomical-review-pending,CC-BY-4.0,7
FMA:7163,bodyparts3d,True,male,TARO,reference_template,source-buffer-checked; anatomical-review-pending,CC-BY-4.0,7
FMA:52781,bodyparts3d,True,male,TARO,reference_template,source-buffer-checked; anatomical-review-pending,CC-BY-4.0,7
FMA:54237,bodyparts3d,True,male,TARO,reference_template,source-buffer-checked; anatomical-review-pending,CC-BY-4.0,7
FMA:54241,bodyparts3d,True,male,TARO,reference_template,source-buffer-checked; anatomical-review-pending,CC-BY-4.0,7
FMA:59816,bodyparts3d,True,male,TARO,reference_template,source-buffer-checked; anatomical-review-pending,CC-BY-4.0,7
FMA:54319,bodyparts3d,True,male,TARO,reference_template,source-buffer-checked; anatomical-review-pending,CC-BY-4.0,7
FMA:13365,bodyparts3d,True,male,TARO,reference_template,source-buffer-checked; anatomical-review-pending,CC-BY-4.0,7
FMA:7202,bodyparts3d,True,male,TARO,reference_template,source-buffer-checked; anatomical-review-pending,CC-BY-4.0,7
FMA:15739,bodyparts3d,True,male,TARO,reference_template,source-buffer-checked; anatomical-review-pending,CC-BY-4.0,7
FMA:15741,bodyparts3d,True,male,TARO,reference_template,source-buffer-checked; anatomical-review-pending,CC-BY-4.0,7
FMA:15742,bodyparts3d,True,male,TARO,reference_template,source-buffer-checked; anatomical-review-pending,CC-BY-4.0,7
FMA:15743,bodyparts3d,True,male,TARO,reference_template,source-buffer-checked; anatomical-review-pending,CC-BY-4.0,7
FMA:15744,bodyparts3d,True,male,TARO,reference_template,source-buffer-checked; anatomical-review-pending,CC-BY-4.0,7
FMA:15746,bodyparts3d,True,male,TARO,reference_template,source-buffer-checked; anatomical-review-pending,CC-BY-4.0,7
FMA:15746,bodyparts3d,True,male,TARO,reference_template,source-buffer-checked; anatomical-review-pending,CC-BY-4.0,7
FMA:8719|left,bodyparts3d,True,male,TARO,reference_template,source-buffer-checked; anatomical-review-pending,CC-BY-4.0,7
FMA:8718|left,bodyparts3d,True,male,TARO,reference_template,source-buffer-checked; anatomical-review-pending,CC-BY-4.0,7
FMA:8717|left,bodyparts3d,True,male,TARO,reference_template,source-buffer-checked; anatomical-review-pending,CC-BY-4.0,7
FMA:8716|left,bodyparts3d,True,male,TARO,reference_template,source-buffer-checked; anatomical-review-pending,CC-BY-4.0,7
FMA:8716|left,bodyparts3d,True,male,TARO,reference_template,source-buffer-checked; anatomical-review-pending,CC-BY-4.0,7
FMA:8717|left,bodyparts3d,True,male,TARO,reference_template,source-buffer-checked; anatomical-review-pending,CC-BY-4.0,7
FMA:8717|left,bodyparts3d,True,male,TARO,reference_template,source-buffer-checked; anatomical-review-pending,CC-BY-4.0,7
FMA:8714|left,bodyparts3d,True,male,TARO,reference_template,source-buffer-checked; anatomical-review-pending,CC-BY-4.0,7
FMA:8714|left,bodyparts3d,True,male,TARO,reference_template,source-buffer-checked; anatomical-review-pending,CC-BY-4.0,7
FMA:8714|left,bodyparts3d,True,male,TARO,reference_template,source-buffer-checked; anatomical-review-pending,CC-BY-4.0,7
FMA:8714|left,bodyparts3d,True,male,TARO,reference_template,source-buffer-checked; anatomical-review-pending,CC-BY-4.0,7
FMA:8719|left,bodyparts3d,True,male,TARO,reference_template,source-buffer-checked; anatomical-review-pending,CC-BY-4.0,7
FMA:8714|left,bodyparts3d,True,male,TARO,reference_template,source-buffer-checked; anatomical-review-pending,CC-BY-4.0,7
FMA:8714|left,bodyparts3d,True,male,TARO,reference_template,source-buffer-checked; anatomical-review-pending,CC-BY-4.0,7
FMA:8714|left,bodyparts3d,True,male,TARO,reference_template,source-buffer-checked; anatomical-review-pending,CC-BY-4.0,7
FMA:8640,bodyparts3d,True,male,TARO,reference_template,source-buffer-checked; anatomical-review-pending,CC-BY-4.0,7
FMA:8640,bodyparts3d,True,male,TARO,reference_template,source-buffer-checked; anatomical-review-pending,CC-BY-4.0,7
FMA:8639,bodyparts3d,True,male,TARO,reference_template,source-buffer-checked; anatomical-review-pending,CC-BY-4.0,7
FMA:8639,bodyparts3d,True,male,TARO,reference_template,source-buffer-checked; anatomical-review-pending,CC-BY-4.0,7
FMA:8639,bodyparts3d,True,male,TARO,reference_template,source-buffer-checked; anatomical-review-pending,CC-BY-4.0,7
FMA:8639,bodyparts3d,True,male,TARO,reference_template,source-buffer-checked; anatomical-review-pending,CC-BY-4.0,7
FMA:13278|left,bodyparts3d,True,male,TARO,reference_template,source-buffer-checked; anatomical-review-pending,CC-BY-4.0,7
FMA:8719|left,bodyparts3d,True,male,TARO,reference_template,source-buffer-checked; anatomical-review-pending,CC-BY-4.0,7
FMA:13278|left,bodyparts3d,True,male,TARO,reference_template,source-buffer-checked; anatomical-review-pending,CC-BY-4.0,7
FMA:13278|left,bodyparts3d,True,male,TARO,reference_template,source-buffer-checked; anatomical-review-pending,CC-BY-4.0,7
FMA:13278|left,bodyparts3d,True,male,TARO,reference_template,source-buffer-checked; anatomical-review-pending,CC-BY-4.0,7
FMA:13278|left,bodyparts3d,True,male,TARO,reference_template,source-buffer-checked; anatomical-review-pending,CC-BY-4.0,7
FMA:13278|left,bodyparts3d,True,male,TARO,reference_template,source-buffer-checked; anatomical-review-pending,CC-BY-4.0,7
FMA:13278|left,bodyparts3d,True,male,TARO,reference_template,source-buffer-checked; anatomical-review-pending,CC-BY-4.0,7
FMA:13278|left,bodyparts3d,True,male,TARO,reference_template,source-buffer-checked; anatomical-review-pending,CC-BY-4.0,7
FMA:13280|left,bodyparts3d,True,male,TARO,reference_template,source-buffer-checked; anatomical-review-pending,CC-BY-4.0,7
FMA:13280|left,bodyparts3d,True,male,TARO,reference_template,source-buffer-checked; anatomical-review-pending,CC-BY-4.0,7
FMA:13280|left,bodyparts3d,True,male,TARO,reference_template,source-buffer-checked; anatomical-review-pending,CC-BY-4.0,7
FMA:8719|left,bodyparts3d,True,male,TARO,reference_template,source-buffer-checked; anatomical-review-pending,CC-BY-4.0,7
FMA:8707|left,bodyparts3d,True,male,TARO,reference_template,source-buffer-checked; anatomical-review-pending,CC-BY-4.0,7
FMA:8707|left,bodyparts3d,True,male,TARO,reference_template,source-buffer-checked; anatomical-review-pending,CC-BY-4.0,7
FMA:8707|left,bodyparts3d,True,male,TARO,reference_template,source-buffer-checked; anatomical-review-pending,CC-BY-4.0,7
FMA:8707|left,bodyparts3d,True,male,TARO,reference_template,source-buffer-checked; anatomical-review-pending,CC-BY-4.0,7
FMA:8719|left,bodyparts3d,True,male,TARO,reference_template,source-buffer-checked; anatomical-review-pending,CC-BY-4.0,7
FMA:8719|left,bodyparts3d,True,male,TARO,reference_template,source-buffer-checked; anatomical-review-pending,CC-BY-4.0,7
FMA:8718|left,bodyparts3d,True,male,TARO,reference_template,source-buffer-checked; anatomical-review-pending,CC-BY-4.0,7
FMA:8718|left,bodyparts3d,True,male,TARO,reference_template,source-buffer-checked; anatomical-review-pending,CC-BY-4.0,7
FMA:8718|left,bodyparts3d,True,male,TARO,reference_template,source-buffer-checked; anatomical-review-pending,CC-BY-4.0,7
UBERON:0002012|left,bodyparts3d,True,male,TARO,reference_template,source-buffer-checked; anatomical-review-pending,CC-BY-4.0,7
FMA:49916|left,bodyparts3d,True,male,TARO,reference_template,source-buffer-checked; anatomical-review-pending,CC-BY-4.0,7
FMA:13443|left,bodyparts3d,True,male,TARO,reference_template,source-buffer-checked; anatomical-review-pending,CC-BY-4.0,7
FMA:13443|left,bodyparts3d,True,male,TARO,reference_template,source-buffer-checked; anatomical-review-pending,CC-BY-4.0,7
FMA:13443|left,bodyparts3d,True,male,TARO,reference_template,source-buffer-checked; anatomical-review-pending,CC-BY-4.0,7
FMA:13443|left,bodyparts3d,True,male,TARO,reference_template,source-buffer-checked; anatomical-review-pending,CC-BY-4.0,7
FMA:13442|left,bodyparts3d,True,male,TARO,reference_template,source-buffer-checked; anatomical-review-pending,CC-BY-4.0,7
FMA:13442|left,bodyparts3d,True,male,TARO,reference_template,source-buffer-checked; anatomical-review-pending,CC-BY-4.0,7
FMA:13442|left,bodyparts3d,True,male,TARO,reference_template,source-buffer-checked; anatomical-review-pending,CC-BY-4.0,7
FMA:49916|left,bodyparts3d,True,male,TARO,reference_template,source-buffer-checked; anatomical-review-pending,CC-BY-4.0,7
FMA:8669,bodyparts3d,True,male,TARO,reference_template,source-buffer-checked; anatomical-review-pending,CC-BY-4.0,7
FMA:8669,bodyparts3d,True,male,TARO,reference_template,source-buffer-checked; anatomical-review-pending,CC-BY-4.0,7
FMA:13444|left,bodyparts3d,True,male,TARO,reference_template,source-buffer-checked; anatomical-review-pending,CC-BY-4.0,7
FMA:8668,bodyparts3d,True,male,TARO,reference_template,source-buffer-checked; anatomical-review-pending,CC-BY-4.0,7
FMA:8668,bodyparts3d,True,male,TARO,reference_template,source-buffer-checked; anatomical-review-pending,CC-BY-4.0,7
FMA:13443|left,bodyparts3d,True,male,TARO,reference_template,source-buffer-checked; anatomical-review-pending,CC-BY-4.0,7
FMA:13443|left,bodyparts3d,True,male,TARO,reference_template,source-buffer-checked; anatomical-review-pending,CC-BY-4.0,7
FMA:13443|left,bodyparts3d,True,male,TARO,reference_template,source-buffer-checked; anatomical-review-pending,CC-BY-4.0,7
FMA:13443|left,bodyparts3d,True,male,TARO,reference_template,source-buffer-checked; anatomical-review-pending,CC-BY-4.0,7
FMA:13443|left,bodyparts3d,True,male,TARO,reference_template,source-buffer-checked; anatomical-review-pending,CC-BY-4.0,7
FMA:49913|left,bodyparts3d,True,male,TARO,reference_template,source-buffer-checked; anatomical-review-pending,CC-BY-4.0,7
FMA:13292|left,bodyparts3d,True,male,TARO,reference_template,source-buffer-checked; anatomical-review-pending,CC-BY-4.0,7
FMA:13292|left,bodyparts3d,True,male,TARO,reference_template,source-buffer-checked; anatomical-review-pending,CC-BY-4.0,7
FMA:13444|left,bodyparts3d,True,male,TARO,reference_template,source-buffer-checked; anatomical-review-pending,CC-BY-4.0,7
FMA:13292|left,bodyparts3d,True,male,TARO,reference_template,source-buffer-checked; anatomical-review-pending,CC-BY-4.0,7
FMA:13292|left,bodyparts3d,True,male,TARO,reference_template,source-buffer-checked; anatomical-review-pending,CC-BY-4.0,7
FMA:49913|left,bodyparts3d,True,male,TARO,reference_template,source-buffer-checked; anatomical-review-pending,CC-BY-4.0,7
FMA:13291|left,bodyparts3d,True,male,TARO,reference_template,source-buffer-checked; anatomical-review-pending,CC-BY-4.0,7
FMA:13291|left,bodyparts3d,True,male,TARO,reference_template,source-buffer-checked; anatomical-review-pending,CC-BY-4.0,7
FMA:13291|left,bodyparts3d,True,male,TARO,reference_template,source-buffer-checked; anatomical-review-pending,CC-BY-4.0,7
FMA:13291|left,bodyparts3d,True,male,TARO,reference_template,source-buffer-checked; anatomical-review-pending,CC-BY-4.0,7
FMA:49913|left,bodyparts3d,True,male,TARO,reference_template,source-buffer-checked; anatomical-review-pending,CC-BY-4.0,7
FMA:13290|left,bodyparts3d,True,male,TARO,reference_template,source-buffer-checked; anatomical-review-pending,CC-BY-4.0,7
FMA:13290|left,bodyparts3d,True,male,TARO,reference_template,source-buffer-checked; anatomical-review-pending,CC-BY-4.0,7
FMA:13444|left,bodyparts3d,True,male,TARO,reference_template,source-buffer-checked; anatomical-review-pending,CC-BY-4.0,7
FMA:13290|left,bodyparts3d,True,male,TARO,reference_template,source-buffer-checked; anatomical-review-pending,CC-BY-4.0,7
FMA:13290|left,bodyparts3d,True,male,TARO,reference_template,source-buffer-checked; anatomical-review-pending,CC-BY-4.0,7
FMA:13444|left,bodyparts3d,True,male,TARO,reference_template,source-buffer-checked; anatomical-review-pending,CC-BY-4.0,7
FMA:13444|left,bodyparts3d,True,male,TARO,reference_template,source-buffer-checked; anatomical-review-pending,CC-BY-4.0,7
FMA:13444|left,bodyparts3d,True,male,TARO,reference_template,source-buffer-checked; anatomical-review-pending,CC-BY-4.0,7
FMA:13444|left,bodyparts3d,True,male,TARO,reference_template,source-buffer-checked; anatomical-review-pending,CC-BY-4.0,7
FMA:13443|left,bodyparts3d,True,male,TARO,reference_template,source-buffer-checked; anatomical-review-pending,CC-BY-4.0,7
FMA:8612,bodyparts3d,True,male,TARO,reference_template,source-buffer-checked; anatomical-review-pending,CC-BY-4.0,7
FMA:68661|right,bodyparts3d,True,male,TARO,reference_template,source-buffer-checked; anatomical-review-pending,CC-BY-4.0,7
FMA:68669|right,bodyparts3d,True,male,TARO,reference_template,source-buffer-checked; anatomical-review-pending,CC-BY-4.0,7
FMA:68669|right,bodyparts3d,True,male,TARO,reference_template,source-buffer-checked; anatomical-review-pending,CC-BY-4.0,7
FMA:68672|right,bodyparts3d,True,male,TARO,reference_template,source-buffer-checked; anatomical-review-pending,CC-BY-4.0,7
FMA:68672|right,bodyparts3d,True,male,TARO,reference_template,source-buffer-checked; anatomical-review-pending,CC-BY-4.0,7
FMA:68672|right,bodyparts3d,True,male,TARO,reference_template,source-buffer-checked; anatomical-review-pending,CC-BY-4.0,7
FMA:8702|right,bodyparts3d,True,male,TARO,reference_template,source-buffer-checked; anatomical-review-pending,CC-BY-4.0,7
FMA:68677|right,bodyparts3d,True,male,TARO,reference_template,source-buffer-checked; anatomical-review-pending,CC-BY-4.0,7
FMA:68682|right,bodyparts3d,True,male,TARO,reference_template,source-buffer-checked; anatomical-review-pending,CC-BY-4.0,7
FMA:68682|right,bodyparts3d,True,male,TARO,reference_template,source-buffer-checked; anatomical-review-pending,CC-BY-4.0,7
FMA:68682|right,bodyparts3d,True,male,TARO,reference_template,source-buffer-checked; anatomical-review-pending,CC-BY-4.0,7
FMA:68664|right,bodyparts3d,True,male,TARO,reference_template,source-buffer-checked; anatomical-review-pending,CC-BY-4.0,7
FMA:68682|right,bodyparts3d,True,male,TARO,reference_template,source-buffer-checked; anatomical-review-pending,CC-BY-4.0,7
FMA:68677|right,bodyparts3d,True,male,TARO,reference_template,source-buffer-checked; anatomical-review-pending,CC-BY-4.0,7
FMA:68677|right,bodyparts3d,True,male,TARO,reference_template,source-buffer-checked; anatomical-review-pending,CC-BY-4.0,7
FMA:68691,bodyparts3d,True,male,TARO,reference_template,source-buffer-checked; anatomical-review-pending,CC-BY-4.0,7
FMA:68690,bodyparts3d,True,male,TARO,reference_template,source-buffer-checked; anatomical-review-pending,CC-BY-4.0,7
FMA:68690,bodyparts3d,True,male,TARO,reference_template,source-buffer-checked; anatomical-review-pending,CC-BY-4.0,7
FMA:68691,bodyparts3d,True,male,TARO,reference_template,source-buffer-checked; anatomical-review-pending,CC-BY-4.0,7
FMA:68693,bodyparts3d,True,male,TARO,reference_template,source-buffer-checked; anatomical-review-pending,CC-BY-4.0,7
FMA:68694,bodyparts3d,True,male,TARO,reference_template,source-buffer-checked; anatomical-review-pending,CC-BY-4.0,7
FMA:68694,bodyparts3d,True,male,TARO,reference_template,source-buffer-checked; anatomical-review-pending,CC-BY-4.0,7
FMA:68664|right,bodyparts3d,True,male,TARO,reference_template,source-buffer-checked; anatomical-review-pending,CC-BY-4.0,7
FMA:68693,bodyparts3d,True,male,TARO,reference_template,source-buffer-checked; anatomical-review-pending,CC-BY-4.0,7
FMA:68711|right,bodyparts3d,True,male,TARO,reference_template,source-buffer-checked; anatomical-review-pending,CC-BY-4.0,7
FMA:68711|right,bodyparts3d,True,male,TARO,reference_template,source-buffer-checked; anatomical-review-pending,CC-BY-4.0,7
FMA:68711|right,bodyparts3d,True,male,TARO,reference_template,source-buffer-checked; anatomical-review-pending,CC-BY-4.0,7
FMA:68704|right,bodyparts3d,True,male,TARO,reference_template,source-buffer-checked; anatomical-review-pending,CC-BY-4.0,7
FMA:68704|right,bodyparts3d,True,male,TARO,reference_template,source-buffer-checked; anatomical-review-pending,CC-BY-4.0,7
FMA:68704|right,bodyparts3d,True,male,TARO,reference_template,source-buffer-checked; anatomical-review-pending,CC-BY-4.0,7
FMA:68708|right,bodyparts3d,True,male,TARO,reference_template,source-buffer-checked; anatomical-review-pending,CC-BY-4.0,7
FMA:68708|right,bodyparts3d,True,male,TARO,reference_template,source-buffer-checked; anatomical-review-pending,CC-BY-4.0,7
FMA:68708|right,bodyparts3d,True,male,TARO,reference_template,source-buffer-checked; anatomical-review-pending,CC-BY-4.0,7
FMA:68664|right,bodyparts3d,True,male,TARO,reference_template,source-buffer-checked; anatomical-review-pending,CC-BY-4.0,7
FMA:68721|right,bodyparts3d,True,male,TARO,reference_template,source-buffer-checked; anatomical-review-pending,CC-BY-4.0,7
FMA:68722|right,bodyparts3d,True,male,TARO,reference_template,source-buffer-checked; anatomical-review-pending,CC-BY-4.0,7
FMA:68722|right,bodyparts3d,True,male,TARO,reference_template,source-buffer-checked; anatomical-review-pending,CC-BY-4.0,7
FMA:68728|right,bodyparts3d,True,male,TARO,reference_template,source-buffer-checked; anatomical-review-pending,CC-BY-4.0,7
FMA:68728|right,bodyparts3d,True,male,TARO,reference_template,source-buffer-checked; anatomical-review-pending,CC-BY-4.0,7
FMA:68728|right,bodyparts3d,True,male,TARO,reference_template,source-buffer-checked; anatomical-review-pending,CC-BY-4.0,7
FMA:68728|right,bodyparts3d,True,male,TARO,reference_template,source-buffer-checked; anatomical-review-pending,CC-BY-4.0,7
FMA:68740|right,bodyparts3d,True,male,TARO,reference_template,source-buffer-checked; anatomical-review-pending,CC-BY-4.0,7
FMA:68734|right,bodyparts3d,True,male,TARO,reference_template,source-buffer-checked; anatomical-review-pending,CC-BY-4.0,7
FMA:68734|right,bodyparts3d,True,male,TARO,reference_template,source-buffer-checked; anatomical-review-pending,CC-BY-4.0,7
FMA:68664|right,bodyparts3d,True,male,TARO,reference_template,source-buffer-checked; anatomical-review-pending,CC-BY-4.0,7
FMA:68740|right,bodyparts3d,True,male,TARO,reference_template,source-buffer-checked; anatomical-review-pending,CC-BY-4.0,7
FMA:68737|right,bodyparts3d,True,male,TARO,reference_template,source-buffer-checked; anatomical-review-pending,CC-BY-4.0,7
FMA:68737|right,bodyparts3d,True,male,TARO,reference_template,source-buffer-checked; anatomical-review-pending,CC-BY-4.0,7
FMA:68661|right,bodyparts3d,True,male,TARO,reference_template,source-buffer-checked; anatomical-review-pending,CC-BY-4.0,7
FMA:68661|right,bodyparts3d,True,male,TARO,reference_template,source-buffer-checked; anatomical-review-pending,CC-BY-4.0,7
FMA:68661|right,bodyparts3d,True,male,TARO,reference_template,source-buffer-checked; anatomical-review-pending,CC-BY-4.0,7
FMA:68669|right,bodyparts3d,True,male,TARO,reference_template,source-buffer-checked; anatomical-review-pending,CC-BY-4.0,7
UBERON:0002012|right,bodyparts3d,True,male,TARO,reference_template,source-buffer-checked; anatomical-review-pending,CC-BY-4.0,7
FMA:49914|right,bodyparts3d,True,male,TARO,reference_template,source-buffer-checked; anatomical-review-pending,CC-BY-4.0,7
FMA:8693|right,bodyparts3d,True,male,TARO,reference_template,source-buffer-checked; anatomical-review-pending,CC-BY-4.0,7
FMA:13443|right,bodyparts3d,True,male,TARO,reference_template,source-buffer-checked; anatomical-review-pending,CC-BY-4.0,7
FMA:13443|right,bodyparts3d,True,male,TARO,reference_template,source-buffer-checked; anatomical-review-pending,CC-BY-4.0,7
FMA:13443|right,bodyparts3d,True,male,TARO,reference_template,source-buffer-checked; anatomical-review-pending,CC-BY-4.0,7
FMA:13443|right,bodyparts3d,True,male,TARO,reference_template,source-buffer-checked; anatomical-review-pending,CC-BY-4.0,7
FMA:13443|right,bodyparts3d,True,male,TARO,reference_template,source-buffer-checked; anatomical-review-pending,CC-BY-4.0,7
FMA:8683|right,bodyparts3d,True,male,TARO,reference_template,source-buffer-checked; anatomical-review-pending,CC-BY-4.0,7
FMA:13442|right,bodyparts3d,True,male,TARO,reference_template,source-buffer-checked; anatomical-review-pending,CC-BY-4.0,7
FMA:13442|right,bodyparts3d,True,male,TARO,reference_template,source-buffer-checked; anatomical-review-pending,CC-BY-4.0,7
FMA:68982,bodyparts3d,True,male,TARO,reference_template,source-buffer-checked; anatomical-review-pending,CC-BY-4.0,7
FMA:68879|right,bodyparts3d,True,male,TARO,reference_template,source-buffer-checked; anatomical-review-pending,CC-BY-4.0,7
FMA:68983,bodyparts3d,True,male,TARO,reference_template,source-buffer-checked; anatomical-review-pending,CC-BY-4.0,7
FMA:68983,bodyparts3d,True,male,TARO,reference_template,source-buffer-checked; anatomical-review-pending,CC-BY-4.0,7
FMA:68945,bodyparts3d,True,male,TARO,reference_template,source-buffer-checked; anatomical-review-pending,CC-BY-4.0,7
FMA:68945,bodyparts3d,True,male,TARO,reference_template,source-buffer-checked; anatomical-review-pending,CC-BY-4.0,7
FMA:68945,bodyparts3d,True,male,TARO,reference_template,source-buffer-checked; anatomical-review-pending,CC-BY-4.0,7
FMA:68944,bodyparts3d,True,male,TARO,reference_template,source-buffer-checked; anatomical-review-pending,CC-BY-4.0,7
FMA:68944,bodyparts3d,True,male,TARO,reference_template,source-buffer-checked; anatomical-review-pending,CC-BY-4.0,7
FMA:68944,bodyparts3d,True,male,TARO,reference_template,source-buffer-checked; anatomical-review-pending,CC-BY-4.0,7
FMA:49911|right,bodyparts3d,True,male,TARO,reference_template,source-buffer-checked; anatomical-review-pending,CC-BY-4.0,7
FMA:13292|right,bodyparts3d,True,male,TARO,reference_template,source-buffer-checked; anatomical-review-pending,CC-BY-4.0,7
FMA:68920|right,bodyparts3d,True,male,TARO,reference_template,source-buffer-checked; anatomical-review-pending,CC-BY-4.0,7
FMA:13292|right,bodyparts3d,True,male,TARO,reference_template,source-buffer-checked; anatomical-review-pending,CC-BY-4.0,7
FMA:13292|right,bodyparts3d,True,male,TARO,reference_template,source-buffer-checked; anatomical-review-pending,CC-BY-4.0,7
FMA:13292|right,bodyparts3d,True,male,TARO,reference_template,source-buffer-checked; anatomical-review-pending,CC-BY-4.0,7
FMA:13292|right,bodyparts3d,True,male,TARO,reference_template,source-buffer-checked; anatomical-review-pending,CC-BY-4.0,7
FMA:13292|right,bodyparts3d,True,male,TARO,reference_template,source-buffer-checked; anatomical-review-pending,CC-BY-4.0,7
FMA:13292|right,bodyparts3d,True,male,TARO,reference_template,source-buffer-checked; anatomical-review-pending,CC-BY-4.0,7
FMA:13290|right,bodyparts3d,True,male,TARO,reference_template,source-buffer-checked; anatomical-review-pending,CC-BY-4.0,7
FMA:13445|right,bodyparts3d,True,male,TARO,reference_template,source-buffer-checked; anatomical-review-pending,CC-BY-4.0,7
FMA:13445|right,bodyparts3d,True,male,TARO,reference_template,source-buffer-checked; anatomical-review-pending,CC-BY-4.0,7
FMA:13445|right,bodyparts3d,True,male,TARO,reference_template,source-buffer-checked; anatomical-review-pending,CC-BY-4.0,7
FMA:68920|right,bodyparts3d,True,male,TARO,reference_template,source-buffer-checked; anatomical-review-pending,CC-BY-4.0,7
FMA:13289|right,bodyparts3d,True,male,TARO,reference_template,source-buffer-checked; anatomical-review-pending,CC-BY-4.0,7
FMA:13289|right,bodyparts3d,True,male,TARO,reference_template,source-buffer-checked; anatomical-review-pending,CC-BY-4.0,7
FMA:13290|right,bodyparts3d,True,male,TARO,reference_template,source-buffer-checked; anatomical-review-pending,CC-BY-4.0,7
FMA:13292|right,bodyparts3d,True,male,TARO,reference_template,source-buffer-checked; anatomical-review-pending,CC-BY-4.0,7
FMA:13292|right,bodyparts3d,True,male,TARO,reference_template,source-buffer-checked; anatomical-review-pending,CC-BY-4.0,7
FMA:13291|right,bodyparts3d,True,male,TARO,reference_template,source-buffer-checked; anatomical-review-pending,CC-BY-4.0,7
FMA:13291|right,bodyparts3d,True,male,TARO,reference_template,source-buffer-checked; anatomical-review-pending,CC-BY-4.0,7
FMA:13291|right,bodyparts3d,True,male,TARO,reference_template,source-buffer-checked; anatomical-review-pending,CC-BY-4.0,7
FMA:13291|right,bodyparts3d,True,male,TARO,reference_template,source-buffer-checked; anatomical-review-pending,CC-BY-4.0,7
FMA:13445|right,bodyparts3d,True,male,TARO,reference_template,source-buffer-checked; anatomical-review-pending,CC-BY-4.0,7
FMA:68919|right,bodyparts3d,True,male,TARO,reference_template,source-buffer-checked; anatomical-review-pending,CC-BY-4.0,7
FMA:13445|right,bodyparts3d,True,male,TARO,reference_template,source-buffer-checked; anatomical-review-pending,CC-BY-4.0,7
FMA:13445|right,bodyparts3d,True,male,TARO,reference_template,source-buffer-checked; anatomical-review-pending,CC-BY-4.0,7
FMA:68919|right,bodyparts3d,True,male,TARO,reference_template,source-buffer-checked; anatomical-review-pending,CC-BY-4.0,7
FMA:68919|right,bodyparts3d,True,male,TARO,reference_template,source-buffer-checked; anatomical-review-pending,CC-BY-4.0,7
FMA:13443|right,bodyparts3d,True,male,TARO,reference_template,source-buffer-checked; anatomical-review-pending,CC-BY-4.0,7
FMA:13443|right,bodyparts3d,True,male,TARO,reference_template,source-buffer-checked; anatomical-review-pending,CC-BY-4.0,7
FMA:71867|right,bodyparts3d,True,male,TARO,reference_template,source-buffer-checked; anatomical-review-pending,CC-BY-4.0,7
FMA:71868|right,bodyparts3d,True,male,TARO,reference_template,source-buffer-checked; anatomical-review-pending,CC-BY-4.0,7
FMA:15420|right,bodyparts3d,True,male,TARO,reference_template,source-buffer-checked; anatomical-review-pending,CC-BY-4.0,7
FMA:15421|right,bodyparts3d,True,male,TARO,reference_template,source-buffer-checked; anatomical-review-pending,CC-BY-4.0,7
FMA:70443,bodyparts3d,True,male,TARO,reference_template,source-buffer-checked; anatomical-review-pending,CC-BY-4.0,7
FMA:70442,bodyparts3d,True,male,TARO,reference_template,source-buffer-checked; anatomical-review-pending,CC-BY-4.0,7
FMA:70455|left,bodyparts3d,True,male,TARO,reference_template,source-buffer-checked; anatomical-review-pending,CC-BY-4.0,7
FMA:14771,bodyparts3d,True,male,TARO,reference_template,source-buffer-checked; anatomical-review-pending,CC-BY-4.0,7
FMA:14668,bodyparts3d,True,male,TARO,reference_template,source-buffer-checked; anatomical-review-pending,CC-BY-4.0,7
FMA:14539,bodyparts3d,True,male,TARO,reference_template,source-buffer-checked; anatomical-review-pending,CC-BY-4.0,7
FMA:14772,bodyparts3d,True,male,TARO,reference_template,source-buffer-checked; anatomical-review-pending,CC-BY-4.0,7
FMA:71904,bodyparts3d,True,male,TARO,reference_template,source-buffer-checked; anatomical-review-pending,CC-BY-4.0,7
FMA:15800,bodyparts3d,True,male,TARO,reference_template,source-buffer-checked; anatomical-review-pending,CC-BY-4.0,7
FMA:15801,bodyparts3d,True,male,TARO,reference_template,source-buffer-checked; anatomical-review-pending,CC-BY-4.0,7
FMA:15801,bodyparts3d,True,male,TARO,reference_template,source-buffer-checked; anatomical-review-pending,CC-BY-4.0,7
FMA:15800,bodyparts3d,True,male,TARO,reference_template,source-buffer-checked; anatomical-review-pending,CC-BY-4.0,7
FMA:71887|left,bodyparts3d,True,male,TARO,reference_template,source-buffer-checked; anatomical-review-pending,CC-BY-4.0,7
FMA:71888|left,bodyparts3d,True,male,TARO,reference_template,source-buffer-checked; anatomical-review-pending,CC-BY-4.0,7
FMA:71887|left,bodyparts3d,True,male,TARO,reference_template,source-buffer-checked; anatomical-review-pending,CC-BY-4.0,7
FMA:70452,bodyparts3d,True,male,TARO,reference_template,source-buffer-checked; anatomical-review-pending,CC-BY-4.0,7
FMA:70453,bodyparts3d,True,male,TARO,reference_template,source-buffer-checked; anatomical-review-pending,CC-BY-4.0,7
FMA:70452,bodyparts3d,True,male,TARO,reference_template,source-buffer-checked; anatomical-review-pending,CC-BY-4.0,7
FMA:76903|left,bodyparts3d,True,male,TARO,reference_template,source-buffer-checked; anatomical-review-pending,CC-BY-4.0,7
FMA:76582|left,bodyparts3d,True,male,TARO,reference_template,source-buffer-checked; anatomical-review-pending,CC-BY-4.0,7
FMA:14670|left,bodyparts3d,True,male,TARO,reference_template,source-buffer-checked; anatomical-review-pending,CC-BY-4.0,7
FMA:15804|left,bodyparts3d,True,male,TARO,reference_template,source-buffer-checked; anatomical-review-pending,CC-BY-4.0,7
FMA:15803|left,bodyparts3d,True,male,TARO,reference_template,source-buffer-checked; anatomical-review-pending,CC-BY-4.0,7
FMA:15804|left,bodyparts3d,True,male,TARO,reference_template,source-buffer-checked; anatomical-review-pending,CC-BY-4.0,7
FMA:15804|left,bodyparts3d,True,male,TARO,reference_template,source-buffer-checked; anatomical-review-pending,CC-BY-4.0,7
FMA:15802|left,bodyparts3d,True,male,TARO,reference_template,source-buffer-checked; anatomical-review-pending,CC-BY-4.0,7
FMA:82697|left,bodyparts3d,True,male,TARO,reference_template,source-buffer-checked; anatomical-review-pending,CC-BY-4.0,7
FMA:71886|left,bodyparts3d,True,male,TARO,reference_template,source-buffer-checked; anatomical-review-pending,CC-BY-4.0,7
FMA:71885|left,bodyparts3d,True,male,TARO,reference_template,source-buffer-checked; anatomical-review-pending,CC-BY-4.0,7
FMA:71885|left,bodyparts3d,True,male,TARO,reference_template,source-buffer-checked; anatomical-review-pending,CC-BY-4.0,7
FMA:70450,bodyparts3d,True,male,TARO,reference_template,source-buffer-checked; anatomical-review-pending,CC-BY-4.0,7
FMA:70449,bodyparts3d,True,male,TARO,reference_template,source-buffer-checked; anatomical-review-pending,CC-BY-4.0,7
FMA:71870|right,bodyparts3d,True,male,TARO,reference_template,source-buffer-checked; anatomical-review-pending,CC-BY-4.0,7
FMA:71869|right,bodyparts3d,True,male,TARO,reference_template,source-buffer-checked; anatomical-review-pending,CC-BY-4.0,7
FMA:71869|right,bodyparts3d,True,male,TARO,reference_template,source-buffer-checked; anatomical-review-pending,CC-BY-4.0,7
FMA:15424|right,bodyparts3d,True,male,TARO,reference_template,source-buffer-checked; anatomical-review-pending,CC-BY-4.0,7
FMA:15423|right,bodyparts3d,True,male,TARO,reference_template,source-buffer-checked; anatomical-review-pending,CC-BY-4.0,7
FMA:15423|right,bodyparts3d,True,male,TARO,reference_template,source-buffer-checked; anatomical-review-pending,CC-BY-4.0,7
FMA:70446,bodyparts3d,True,male,TARO,reference_template,source-buffer-checked; anatomical-review-pending,CC-BY-4.0,7
FMA:70445,bodyparts3d,True,male,TARO,reference_template,source-buffer-checked; anatomical-review-pending,CC-BY-4.0,7
FMA:70445,bodyparts3d,True,male,TARO,reference_template,source-buffer-checked; anatomical-review-pending,CC-BY-4.0,7
FMA:76582|right,bodyparts3d,True,male,TARO,reference_template,source-buffer-checked; anatomical-review-pending,CC-BY-4.0,7
FMA:15797|right,bodyparts3d,True,male,TARO,reference_template,source-buffer-checked; anatomical-review-pending,CC-BY-4.0,7
FMA:15796|right,bodyparts3d,True,male,TARO,reference_template,source-buffer-checked; anatomical-review-pending,CC-BY-4.0,7
FMA:15797|right,bodyparts3d,True,male,TARO,reference_template,source-buffer-checked; anatomical-review-pending,CC-BY-4.0,7
FMA:15798|right,bodyparts3d,True,male,TARO,reference_template,source-buffer-checked; anatomical-review-pending,CC-BY-4.0,7
FMA:82695|right,bodyparts3d,True,male,TARO,reference_template,source-buffer-checked; anatomical-review-pending,CC-BY-4.0,7
FMA:14669|right,bodyparts3d,True,male,TARO,reference_template,source-buffer-checked; anatomical-review-pending,CC-BY-4.0,7
FMA:15425|left,bodyparts3d,True,male,TARO,reference_template,source-buffer-checked; anatomical-review-pending,CC-BY-4.0,7
FMA:15432|left,bodyparts3d,True,male,TARO,reference_template,source-buffer-checked; anatomical-review-pending,CC-BY-4.0,7
FMA:15431|left,bodyparts3d,True,male,TARO,reference_template,source-buffer-checked; anatomical-review-pending,CC-BY-4.0,7
FMA:15428|left,bodyparts3d,True,male,TARO,reference_template,source-buffer-checked; anatomical-review-pending,CC-BY-4.0,7
FMA:15429|left,bodyparts3d,True,male,TARO,reference_template,source-buffer-checked; anatomical-review-pending,CC-BY-4.0,7
UBERON:0002369|left,bodyparts3d,True,male,TARO,reference_template,source-buffer-checked; anatomical-review-pending,CC-BY-4.0,7
UBERON:0002369|right,bodyparts3d,True,male,TARO,reference_template,source-buffer-checked; anatomical-review-pending,CC-BY-4.0,7
FMA:13295,bodyparts3d,True,male,TARO,reference_template,source-buffer-checked; anatomical-review-pending,CC-BY-4.0,7
FMA:19618,bodyparts3d,True,male,TARO,reference_template,source-buffer-checked; anatomical-review-pending,CC-BY-4.0,7
FMA:19617,bodyparts3d,True,male,TARO,reference_template,source-buffer-checked; anatomical-review-pending,CC-BY-4.0,7
FMA:18247,bodyparts3d,True,male,TARO,reference_template,source-buffer-checked; anatomical-review-pending,CC-BY-4.0,7
UBERON:0001000|left,bodyparts3d,True,male,TARO,reference_template,source-buffer-checked; anatomical-review-pending,CC-BY-4.0,7
UBERON:0001301|left,bodyparts3d,True,male,TARO,reference_template,source-buffer-checked; anatomical-review-pending,CC-BY-4.0,7
UBERON:0000998|left,bodyparts3d,True,male,TARO,reference_template,source-buffer-checked; anatomical-review-pending,CC-BY-4.0,7
UBERON:0000473|left,bodyparts3d,True,male,TARO,reference_template,source-buffer-checked; anatomical-review-pending,CC-BY-4.0,7
FMA:9600,bodyparts3d,True,male,TARO,reference_template,source-buffer-checked; anatomical-review-pending,CC-BY-4.0,7
UBERON:0001000|right,bodyparts3d,True,male,TARO,reference_template,source-buffer-checked; anatomical-review-pending,CC-BY-4.0,7
UBERON:0001301|right,bodyparts3d,True,male,TARO,reference_template,source-buffer-checked; anatomical-review-pending,CC-BY-4.0,7
UBERON:0000473|right,bodyparts3d,True,male,TARO,reference_template,source-buffer-checked; anatomical-review-pending,CC-BY-4.0,7
UBERON:0000998|right,bodyparts3d,True,male,TARO,reference_template,source-buffer-checked; anatomical-review-pending,CC-BY-4.0,7
UBERON:0000056|left,bodyparts3d,True,male,TARO,reference_template,source-buffer-checked; anatomical-review-pending,CC-BY-4.0,7
FMA:7203|left,bodyparts3d,True,male,TARO,reference_template,source-buffer-checked; anatomical-review-pending,CC-BY-4.0,7
UBERON:0000056|right,bodyparts3d,True,male,TARO,reference_template,source-buffer-checked; anatomical-review-pending,CC-BY-4.0,7
FMA:7203|right,bodyparts3d,True,male,TARO,reference_template,source-buffer-checked; anatomical-review-pending,CC-BY-4.0,7
FMA:19667,bodyparts3d,True,male,TARO,reference_template,source-buffer-checked; anatomical-review-pending,CC-BY-4.0,7
FMA:15900,bodyparts3d,True,male,TARO,reference_template,source-buffer-checked; anatomical-review-pending,CC-BY-4.0,7
UBERON:0005483|left,bodyparts3d,True,male,TARO,reference_template,source-buffer-checked; anatomical-review-pending,CC-BY-4.0,7
UBERON:0005483|right,bodyparts3d,True,male,TARO,reference_template,source-buffer-checked; anatomical-review-pending,CC-BY-4.0,7
UBERON:0001272|right,bodyparts3d,True,male,TARO,reference_template,source-buffer-checked; anatomical-review-pending,CC-BY-4.0,7
FMA:7488,bodyparts3d,True,male,TARO,reference_template,source-buffer-checked; anatomical-review-pending,CC-BY-4.0,7
FMA:10037,bodyparts3d,True,male,TARO,reference_template,source-buffer-checked; anatomical-review-pending,CC-BY-4.0,7
FMA:10059,bodyparts3d,True,male,TARO,reference_template,source-buffer-checked; anatomical-review-pending,CC-BY-4.0,7
FMA:10081,bodyparts3d,True,male,TARO,reference_template,source-buffer-checked; anatomical-review-pending,CC-BY-4.0,7
FMA:13072,bodyparts3d,True,male,TARO,reference_template,source-buffer-checked; anatomical-review-pending,CC-BY-4.0,7
FMA:9165,bodyparts3d,True,male,TARO,reference_template,source-buffer-checked; anatomical-review-pending,CC-BY-4.0,7
FMA:13073,bodyparts3d,True,male,TARO,reference_template,source-buffer-checked; anatomical-review-pending,CC-BY-4.0,7
FMA:9187,bodyparts3d,True,male,TARO,reference_template,source-buffer-checked; anatomical-review-pending,CC-BY-4.0,7
FMA:12521,bodyparts3d,True,male,TARO,reference_template,source-buffer-checked; anatomical-review-pending,CC-BY-4.0,7
FMA:13074,bodyparts3d,True,male,TARO,reference_template,source-buffer-checked; anatomical-review-pending,CC-BY-4.0,7
FMA:9209,bodyparts3d,True,male,TARO,reference_template,source-buffer-checked; anatomical-review-pending,CC-BY-4.0,7
FMA:12522,bodyparts3d,True,male,TARO,reference_template,source-buffer-checked; anatomical-review-pending,CC-BY-4.0,7
FMA:13075,bodyparts3d,True,male,TARO,reference_template,source-buffer-checked; anatomical-review-pending,CC-BY-4.0,7
FMA:9248,bodyparts3d,True,male,TARO,reference_template,source-buffer-checked; anatomical-review-pending,CC-BY-4.0,7
FMA:12523,bodyparts3d,True,male,TARO,reference_template,source-buffer-checked; anatomical-review-pending,CC-BY-4.0,7
FMA:13076,bodyparts3d,True,male,TARO,reference_template,source-buffer-checked; anatomical-review-pending,CC-BY-4.0,7
FMA:9922,bodyparts3d,True,male,TARO,reference_template,source-buffer-checked; anatomical-review-pending,CC-BY-4.0,7
FMA:12524,bodyparts3d,True,male,TARO,reference_template,source-buffer-checked; anatomical-review-pending,CC-BY-4.0,7
FMA:9945,bodyparts3d,True,male,TARO,reference_template,source-buffer-checked; anatomical-review-pending,CC-BY-4.0,7
FMA:12525,bodyparts3d,True,male,TARO,reference_template,source-buffer-checked; anatomical-review-pending,CC-BY-4.0,7
FMA:9968,bodyparts3d,True,male,TARO,reference_template,source-buffer-checked; anatomical-review-pending,CC-BY-4.0,7
FMA:9991,bodyparts3d,True,male,TARO,reference_template,source-buffer-checked; anatomical-review-pending,CC-BY-4.0,7
FMA:10014,bodyparts3d,True,male,TARO,reference_template,source-buffer-checked; anatomical-review-pending,CC-BY-4.0,7
FMA:12519,bodyparts3d,True,male,TARO,reference_template,source-buffer-checked; anatomical-review-pending,CC-BY-4.0,7
FMA:12520,bodyparts3d,True,male,TARO,reference_template,source-buffer-checked; anatomical-review-pending,CC-BY-4.0,7
FMA:7487,bodyparts3d,True,male,TARO,reference_template,source-buffer-checked; anatomical-review-pending,CC-BY-4.0,7
UBERON:0004316|left,bodyparts3d,True,male,TARO,reference_template,source-buffer-checked; anatomical-review-pending,CC-BY-4.0,7
UBERON:0004317|left,bodyparts3d,True,male,TARO,reference_template,source-buffer-checked; anatomical-review-pending,CC-BY-4.0,7
UBERON:0004318|left,bodyparts3d,True,male,TARO,reference_template,source-buffer-checked; anatomical-review-pending,CC-BY-4.0,7
UBERON:0004315|left,bodyparts3d,True,male,TARO,reference_template,source-buffer-checked; anatomical-review-pending,CC-BY-4.0,7
UBERON:0004311|left,bodyparts3d,True,male,TARO,reference_template,source-buffer-checked; anatomical-review-pending,CC-BY-4.0,7
UBERON:0004314|left,bodyparts3d,True,male,TARO,reference_template,source-buffer-checked; anatomical-review-pending,CC-BY-4.0,7
UBERON:0004319|left,bodyparts3d,True,male,TARO,reference_template,source-buffer-checked; anatomical-review-pending,CC-BY-4.0,7
UBERON:0004312|left,bodyparts3d,True,male,TARO,reference_template,source-buffer-checked; anatomical-review-pending,CC-BY-4.0,7
UBERON:0004313|left,bodyparts3d,True,male,TARO,reference_template,source-buffer-checked; anatomical-review-pending,CC-BY-4.0,7
UBERON:0004337|left,bodyparts3d,True,male,TARO,reference_template,source-buffer-checked; anatomical-review-pending,CC-BY-4.0,7
UBERON:0004316|right,bodyparts3d,True,male,TARO,reference_template,source-buffer-checked; anatomical-review-pending,CC-BY-4.0,7
UBERON:0004317|right,bodyparts3d,True,male,TARO,reference_template,source-buffer-checked; anatomical-review-pending,CC-BY-4.0,7
UBERON:0004318|right,bodyparts3d,True,male,TARO,reference_template,source-buffer-checked; anatomical-review-pending,CC-BY-4.0,7
UBERON:0004315|right,bodyparts3d,True,male,TARO,reference_template,source-buffer-checked; anatomical-review-pending,CC-BY-4.0,7
UBERON:0004311|right,bodyparts3d,True,male,TARO,reference_template,source-buffer-checked; anatomical-review-pending,CC-BY-4.0,7
UBERON:0004314|right,bodyparts3d,True,male,TARO,reference_template,source-buffer-checked; anatomical-review-pending,CC-BY-4.0,7
UBERON:0004319|right,bodyparts3d,True,male,TARO,reference_template,source-buffer-checked; anatomical-review-pending,CC-BY-4.0,7
UBERON:0004312|right,bodyparts3d,True,male,TARO,reference_template,source-buffer-checked; anatomical-review-pending,CC-BY-4.0,7
UBERON:0004313|right,bodyparts3d,True,male,TARO,reference_template,source-buffer-checked; anatomical-review-pending,CC-BY-4.0,7
UBERON:0004337|right,bodyparts3d,True,male,TARO,reference_template,source-buffer-checked; anatomical-review-pending,CC-BY-4.0,7
FMA:52740,bodyparts3d,True,male,TARO,reference_template,source-buffer-checked; anatomical-review-pending,CC-BY-4.0,7
FMA:52734,bodyparts3d,True,male,TARO,reference_template,source-buffer-checked; anatomical-review-pending,CC-BY-4.0,7
FMA:52749,bodyparts3d,True,male,TARO,reference_template,source-buffer-checked; anatomical-review-pending,CC-BY-4.0,7
FMA:25058,bodyparts3d,True,male,TARO,reference_template,source-buffer-checked; anatomical-review-pending,CC-BY-4.0,7
FMA:13501,bodyparts3d,True,male,TARO,reference_template,source-buffer-checked; anatomical-review-pending,CC-BY-4.0,7
FMA:13502,bodyparts3d,True,male,TARO,reference_template,source-buffer-checked; anatomical-review-pending,CC-BY-4.0,7
FMA:13503,bodyparts3d,True,male,TARO,reference_template,source-buffer-checked; anatomical-review-pending,CC-BY-4.0,7
FMA:13504,bodyparts3d,True,male,TARO,reference_template,source-buffer-checked; anatomical-review-pending,CC-BY-4.0,7
FMA:13505,bodyparts3d,True,male,TARO,reference_template,source-buffer-checked; anatomical-review-pending,CC-BY-4.0,7
FMA:13506,bodyparts3d,True,male,TARO,reference_template,source-buffer-checked; anatomical-review-pending,CC-BY-4.0,7
FMA:13507,bodyparts3d,True,male,TARO,reference_template,source-buffer-checked; anatomical-review-pending,CC-BY-4.0,7
FMA:13508,bodyparts3d,True,male,TARO,reference_template,source-buffer-checked; anatomical-review-pending,CC-BY-4.0,7
FMA:10446,bodyparts3d,True,male,TARO,reference_template,source-buffer-checked; anatomical-review-pending,CC-BY-4.0,7
FMA:16033,bodyparts3d,True,male,TARO,reference_template,source-buffer-checked; anatomical-review-pending,CC-BY-4.0,7
FMA:13896,bodyparts3d,True,male,TARO,reference_template,source-buffer-checked; anatomical-review-pending,CC-BY-4.0,7
FMA:16034,bodyparts3d,True,male,TARO,reference_template,source-buffer-checked; anatomical-review-pending,CC-BY-4.0,7
FMA:16035,bodyparts3d,True,male,TARO,reference_template,source-buffer-checked; anatomical-review-pending,CC-BY-4.0,7
FMA:16036,bodyparts3d,True,male,TARO,reference_template,source-buffer-checked; anatomical-review-pending,CC-BY-4.0,7
FMA:16037,bodyparts3d,True,male,TARO,reference_template,source-buffer-checked; anatomical-review-pending,CC-BY-4.0,7
FMA:13897,bodyparts3d,True,male,TARO,reference_template,source-buffer-checked; anatomical-review-pending,CC-BY-4.0,7
FMA:13898,bodyparts3d,True,male,TARO,reference_template,source-buffer-checked; anatomical-review-pending,CC-BY-4.0,7
FMA:13899,bodyparts3d,True,male,TARO,reference_template,source-buffer-checked; anatomical-review-pending,CC-BY-4.0,7
FMA:13900,bodyparts3d,True,male,TARO,reference_template,source-buffer-checked; anatomical-review-pending,CC-BY-4.0,7
FMA:10458,bodyparts3d,True,male,TARO,reference_template,source-buffer-checked; anatomical-review-pending,CC-BY-4.0,7
FMA:13495,bodyparts3d,True,male,TARO,reference_template,source-buffer-checked; anatomical-review-pending,CC-BY-4.0,7
FMA:13500,bodyparts3d,True,male,TARO,reference_template,source-buffer-checked; anatomical-review-pending,CC-BY-4.0,7
UBERON:0004609|left,bodyparts3d,True,male,TARO,reference_template,source-buffer-checked; anatomical-review-pending,CC-BY-4.0,7
UBERON:0004610|left,bodyparts3d,True,male,TARO,reference_template,source-buffer-checked; anatomical-review-pending,CC-BY-4.0,7
UBERON:0004611|left,bodyparts3d,True,male,TARO,reference_template,source-buffer-checked; anatomical-review-pending,CC-BY-4.0,7
UBERON:0004601|left,bodyparts3d,True,male,TARO,reference_template,source-buffer-checked; anatomical-review-pending,CC-BY-4.0,7
UBERON:0004602|left,bodyparts3d,True,male,TARO,reference_template,source-buffer-checked; anatomical-review-pending,CC-BY-4.0,7
UBERON:0004603|left,bodyparts3d,True,male,TARO,reference_template,source-buffer-checked; anatomical-review-pending,CC-BY-4.0,7
UBERON:0004604|left,bodyparts3d,True,male,TARO,reference_template,source-buffer-checked; anatomical-review-pending,CC-BY-4.0,7
UBERON:0004605|left,bodyparts3d,True,male,TARO,reference_template,source-buffer-checked; anatomical-review-pending,CC-BY-4.0,7
UBERON:0004606|left,bodyparts3d,True,male,TARO,reference_template,source-buffer-checked; anatomical-review-pending,CC-BY-4.0,7
UBERON:0004607|left,bodyparts3d,True,male,TARO,reference_template,source-buffer-checked; anatomical-review-pending,CC-BY-4.0,7
UBERON:0010757|left,bodyparts3d,True,male,TARO,reference_template,source-buffer-checked; anatomical-review-pending,CC-BY-4.0,7
UBERON:0004608|left,bodyparts3d,True,male,TARO,reference_template,source-buffer-checked; anatomical-review-pending,CC-BY-4.0,7
UBERON:0001105|left,bodyparts3d,True,male,TARO,reference_template,source-buffer-checked; anatomical-review-pending,CC-BY-4.0,7
FMA:7603|left,bodyparts3d,True,male,TARO,reference_template,source-buffer-checked; anatomical-review-pending,CC-BY-4.0,7
UBERON:0003645|left,bodyparts3d,True,male,TARO,reference_template,source-buffer-checked; anatomical-review-pending,CC-BY-4.0,7
UBERON:0003650|left,bodyparts3d,True,male,TARO,reference_template,source-buffer-checked; anatomical-review-pending,CC-BY-4.0,7
FMA:7703|left,bodyparts3d,True,male,TARO,reference_template,source-buffer-checked; anatomical-review-pending,CC-BY-4.0,7
UBERON:0003646|left,bodyparts3d,True,male,TARO,reference_template,source-buffer-checked; anatomical-review-pending,CC-BY-4.0,7
UBERON:0003651|left,bodyparts3d,True,male,TARO,reference_template,source-buffer-checked; anatomical-review-pending,CC-BY-4.0,7
FMA:7741|left,bodyparts3d,True,male,TARO,reference_template,source-buffer-checked; anatomical-review-pending,CC-BY-4.0,7
UBERON:0003647|left,bodyparts3d,True,male,TARO,reference_template,source-buffer-checked; anatomical-review-pending,CC-BY-4.0,7
UBERON:0003652|left,bodyparts3d,True,male,TARO,reference_template,source-buffer-checked; anatomical-review-pending,CC-BY-4.0,7
FMA:7768|left,bodyparts3d,True,male,TARO,reference_template,source-buffer-checked; anatomical-review-pending,CC-BY-4.0,7
UBERON:0003648|left,bodyparts3d,True,male,TARO,reference_template,source-buffer-checked; anatomical-review-pending,CC-BY-4.0,7
UBERON:0003653|left,bodyparts3d,True,male,TARO,reference_template,source-buffer-checked; anatomical-review-pending,CC-BY-4.0,7
FMA:7795|left,bodyparts3d,True,male,TARO,reference_template,source-buffer-checked; anatomical-review-pending,CC-BY-4.0,7
UBERON:0003649|left,bodyparts3d,True,male,TARO,reference_template,source-buffer-checked; anatomical-review-pending,CC-BY-4.0,7
UBERON:0003654|left,bodyparts3d,True,male,TARO,reference_template,source-buffer-checked; anatomical-review-pending,CC-BY-4.0,7
FMA:7822|left,bodyparts3d,True,male,TARO,reference_template,source-buffer-checked; anatomical-review-pending,CC-BY-4.0,7
FMA:7849|left,bodyparts3d,True,male,TARO,reference_template,source-buffer-checked; anatomical-review-pending,CC-BY-4.0,7
UBERON:0001450|left,bodyparts3d,True,male,TARO,reference_template,source-buffer-checked; anatomical-review-pending,CC-BY-4.0,7
UBERON:0001432|left,bodyparts3d,True,male,TARO,reference_template,source-buffer-checked; anatomical-review-pending,CC-BY-4.0,7
UBERON:0001455|left,bodyparts3d,True,male,TARO,reference_template,source-buffer-checked; anatomical-review-pending,CC-BY-4.0,7
UBERON:0000981|left,bodyparts3d,True,male,TARO,reference_template,source-buffer-checked; anatomical-review-pending,CC-BY-4.0,7
UBERON:0001446|left,bodyparts3d,True,male,TARO,reference_template,source-buffer-checked; anatomical-review-pending,CC-BY-4.0,7
UBERON:0001433|left,bodyparts3d,True,male,TARO,reference_template,source-buffer-checked; anatomical-review-pending,CC-BY-4.0,7
UBERON:0000976|left,bodyparts3d,True,male,TARO,reference_template,source-buffer-checked; anatomical-review-pending,CC-BY-4.0,7
UBERON:0005922|left,bodyparts3d,True,male,TARO,reference_template,source-buffer-checked; anatomical-review-pending,CC-BY-4.0,7
UBERON:0001453|left,bodyparts3d,True,male,TARO,reference_template,source-buffer-checked; anatomical-review-pending,CC-BY-4.0,7
UBERON:0001680|left,bodyparts3d,True,male,TARO,reference_template,source-buffer-checked; anatomical-review-pending,CC-BY-4.0,7
UBERON:0008000|left,bodyparts3d,True,male,TARO,reference_template,source-buffer-checked; anatomical-review-pending,CC-BY-4.0,7
UBERON:0001454|left,bodyparts3d,True,male,TARO,reference_template,source-buffer-checked; anatomical-review-pending,CC-BY-4.0,7
UBERON:0001428|left,bodyparts3d,True,male,TARO,reference_template,source-buffer-checked; anatomical-review-pending,CC-BY-4.0,7
UBERON:0002397|left,bodyparts3d,True,male,TARO,reference_template,source-buffer-checked; anatomical-review-pending,CC-BY-4.0,7
UBERON:0008000|left,bodyparts3d,True,male,TARO,reference_template,source-buffer-checked; anatomical-review-pending,CC-BY-4.0,7
UBERON:0001452|left,bodyparts3d,True,male,TARO,reference_template,source-buffer-checked; anatomical-review-pending,CC-BY-4.0,7
UBERON:0001681|left,bodyparts3d,True,male,TARO,reference_template,source-buffer-checked; anatomical-review-pending,CC-BY-4.0,7
UBERON:0001682|left,bodyparts3d,True,male,TARO,reference_template,source-buffer-checked; anatomical-review-pending,CC-BY-4.0,7
UBERON:0000210|left,bodyparts3d,True,male,TARO,reference_template,source-buffer-checked; anatomical-review-pending,CC-BY-4.0,7
UBERON:0002446|left,bodyparts3d,True,male,TARO,reference_template,source-buffer-checked; anatomical-review-pending,CC-BY-4.0,7
UBERON:0001429|left,bodyparts3d,True,male,TARO,reference_template,source-buffer-checked; anatomical-review-pending,CC-BY-4.0,7
UBERON:0001423|left,bodyparts3d,True,male,TARO,reference_template,source-buffer-checked; anatomical-review-pending,CC-BY-4.0,7
UBERON:0001427|left,bodyparts3d,True,male,TARO,reference_template,source-buffer-checked; anatomical-review-pending,CC-BY-4.0,7
UBERON:0006849|left,bodyparts3d,True,male,TARO,reference_template,source-buffer-checked; anatomical-review-pending,CC-BY-4.0,7
UBERON:0002395|left,bodyparts3d,True,male,TARO,reference_template,source-buffer-checked; anatomical-review-pending,CC-BY-4.0,7
UBERON:0001678|left,bodyparts3d,True,male,TARO,reference_template,source-buffer-checked; anatomical-review-pending,CC-BY-4.0,7
UBERON:0000979|left,bodyparts3d,True,male,TARO,reference_template,source-buffer-checked; anatomical-review-pending,CC-BY-4.0,7
UBERON:0001430|left,bodyparts3d,True,male,TARO,reference_template,source-buffer-checked; anatomical-review-pending,CC-BY-4.0,7
UBERON:0001431|left,bodyparts3d,True,male,TARO,reference_template,source-buffer-checked; anatomical-review-pending,CC-BY-4.0,7
UBERON:0002445|left,bodyparts3d,True,male,TARO,reference_template,source-buffer-checked; anatomical-review-pending,CC-BY-4.0,7
UBERON:0001424|left,bodyparts3d,True,male,TARO,reference_template,source-buffer-checked; anatomical-review-pending,CC-BY-4.0,7
UBERON:0001683|left,bodyparts3d,True,male,TARO,reference_template,source-buffer-checked; anatomical-review-pending,CC-BY-4.0,7
UBERON:0001272|left,bodyparts3d,True,male,TARO,reference_template,source-buffer-checked; anatomical-review-pending,CC-BY-4.0,7
FMA:52748,bodyparts3d,True,male,TARO,reference_template,source-buffer-checked; anatomical-review-pending,CC-BY-4.0,7
FMA:7486,bodyparts3d,True,male,TARO,reference_template,source-buffer-checked; anatomical-review-pending,CC-BY-4.0,7
UBERON:0004322|left,bodyparts3d,True,male,TARO,reference_template,source-buffer-checked; anatomical-review-pending,CC-BY-4.0,7
UBERON:0004322|right,bodyparts3d,True,male,TARO,reference_template,source-buffer-checked; anatomical-review-pending,CC-BY-4.0,7
UBERON:0004324|left,bodyparts3d,True,male,TARO,reference_template,source-buffer-checked; anatomical-review-pending,CC-BY-4.0,7
UBERON:0004325|left,bodyparts3d,True,male,TARO,reference_template,source-buffer-checked; anatomical-review-pending,CC-BY-4.0,7
UBERON:0004326|left,bodyparts3d,True,male,TARO,reference_template,source-buffer-checked; anatomical-review-pending,CC-BY-4.0,7
UBERON:0004320|left,bodyparts3d,True,male,TARO,reference_template,source-buffer-checked; anatomical-review-pending,CC-BY-4.0,7
UBERON:0004323|left,bodyparts3d,True,male,TARO,reference_template,source-buffer-checked; anatomical-review-pending,CC-BY-4.0,7
UBERON:0004327|left,bodyparts3d,True,male,TARO,reference_template,source-buffer-checked; anatomical-review-pending,CC-BY-4.0,7
UBERON:0004321|left,bodyparts3d,True,male,TARO,reference_template,source-buffer-checked; anatomical-review-pending,CC-BY-4.0,7
UBERON:0004324|right,bodyparts3d,True,male,TARO,reference_template,source-buffer-checked; anatomical-review-pending,CC-BY-4.0,7
UBERON:0004325|right,bodyparts3d,True,male,TARO,reference_template,source-buffer-checked; anatomical-review-pending,CC-BY-4.0,7
UBERON:0004326|right,bodyparts3d,True,male,TARO,reference_template,source-buffer-checked; anatomical-review-pending,CC-BY-4.0,7
UBERON:0004320|right,bodyparts3d,True,male,TARO,reference_template,source-buffer-checked; anatomical-review-pending,CC-BY-4.0,7
UBERON:0004323|right,bodyparts3d,True,male,TARO,reference_template,source-buffer-checked; anatomical-review-pending,CC-BY-4.0,7
UBERON:0004327|right,bodyparts3d,True,male,TARO,reference_template,source-buffer-checked; anatomical-review-pending,CC-BY-4.0,7
UBERON:0004321|right,bodyparts3d,True,male,TARO,reference_template,source-buffer-checked; anatomical-review-pending,CC-BY-4.0,7
UBERON:0001451|left,bodyparts3d,True,male,TARO,reference_template,source-buffer-checked; anatomical-review-pending,CC-BY-4.0,7
UBERON:0001451|right,bodyparts3d,True,male,TARO,reference_template,source-buffer-checked; anatomical-review-pending,CC-BY-4.0,7
FMA:52735,bodyparts3d,True,male,TARO,reference_template,source-buffer-checked; anatomical-review-pending,CC-BY-4.0,7
UBERON:0004332|right,bodyparts3d,True,male,TARO,reference_template,source-buffer-checked; anatomical-review-pending,CC-BY-4.0,7
UBERON:0004334|left,bodyparts3d,True,male,TARO,reference_template,source-buffer-checked; anatomical-review-pending,CC-BY-4.0,7
UBERON:0004335|left,bodyparts3d,True,male,TARO,reference_template,source-buffer-checked; anatomical-review-pending,CC-BY-4.0,7
UBERON:0004328|left,bodyparts3d,True,male,TARO,reference_template,source-buffer-checked; anatomical-review-pending,CC-BY-4.0,7
UBERON:0004331|left,bodyparts3d,True,male,TARO,reference_template,source-buffer-checked; anatomical-review-pending,CC-BY-4.0,7
UBERON:0004336|left,bodyparts3d,True,male,TARO,reference_template,source-buffer-checked; anatomical-review-pending,CC-BY-4.0,7
UBERON:0004329|left,bodyparts3d,True,male,TARO,reference_template,source-buffer-checked; anatomical-review-pending,CC-BY-4.0,7
UBERON:0004330|left,bodyparts3d,True,male,TARO,reference_template,source-buffer-checked; anatomical-review-pending,CC-BY-4.0,7
UBERON:0004338|left,bodyparts3d,True,male,TARO,reference_template,source-buffer-checked; anatomical-review-pending,CC-BY-4.0,7
UBERON:0004333|right,bodyparts3d,True,male,TARO,reference_template,source-buffer-checked; anatomical-review-pending,CC-BY-4.0,7
UBERON:0004334|right,bodyparts3d,True,male,TARO,reference_template,source-buffer-checked; anatomical-review-pending,CC-BY-4.0,7
UBERON:0004335|right,bodyparts3d,True,male,TARO,reference_template,source-buffer-checked; anatomical-review-pending,CC-BY-4.0,7
UBERON:0004328|right,bodyparts3d,True,male,TARO,reference_template,source-buffer-checked; anatomical-review-pending,CC-BY-4.0,7
UBERON:0004331|right,bodyparts3d,True,male,TARO,reference_template,source-buffer-checked; anatomical-review-pending,CC-BY-4.0,7
UBERON:0004336|right,bodyparts3d,True,male,TARO,reference_template,source-buffer-checked; anatomical-review-pending,CC-BY-4.0,7
UBERON:0004329|right,bodyparts3d,True,male,TARO,reference_template,source-buffer-checked; anatomical-review-pending,CC-BY-4.0,7
UBERON:0004330|right,bodyparts3d,True,male,TARO,reference_template,source-buffer-checked; anatomical-review-pending,CC-BY-4.0,7
UBERON:0004338|right,bodyparts3d,True,male,TARO,reference_template,source-buffer-checked; anatomical-review-pending,CC-BY-4.0,7
UBERON:0004333|left,bodyparts3d,True,male,TARO,reference_template,source-buffer-checked; anatomical-review-pending,CC-BY-4.0,7
UBERON:0004332|left,bodyparts3d,True,male,TARO,reference_template,source-buffer-checked; anatomical-review-pending,CC-BY-4.0,7
UBERON:0004609|right,bodyparts3d,True,male,TARO,reference_template,source-buffer-checked; anatomical-review-pending,CC-BY-4.0,7
UBERON:0004610|right,bodyparts3d,True,male,TARO,reference_template,source-buffer-checked; anatomical-review-pending,CC-BY-4.0,7
UBERON:0004611|right,bodyparts3d,True,male,TARO,reference_template,source-buffer-checked; anatomical-review-pending,CC-BY-4.0,7
FMA:7603|right,bodyparts3d,True,male,TARO,reference_template,source-buffer-checked; anatomical-review-pending,CC-BY-4.0,7
UBERON:0004601|right,bodyparts3d,True,male,TARO,reference_template,source-buffer-checked; anatomical-review-pending,CC-BY-4.0,7
FMA:7703|right,bodyparts3d,True,male,TARO,reference_template,source-buffer-checked; anatomical-review-pending,CC-BY-4.0,7
UBERON:0004602|right,bodyparts3d,True,male,TARO,reference_template,source-buffer-checked; anatomical-review-pending,CC-BY-4.0,7
FMA:7741|right,bodyparts3d,True,male,TARO,reference_template,source-buffer-checked; anatomical-review-pending,CC-BY-4.0,7
UBERON:0004603|right,bodyparts3d,True,male,TARO,reference_template,source-buffer-checked; anatomical-review-pending,CC-BY-4.0,7
FMA:7768|right,bodyparts3d,True,male,TARO,reference_template,source-buffer-checked; anatomical-review-pending,CC-BY-4.0,7
UBERON:0004604|right,bodyparts3d,True,male,TARO,reference_template,source-buffer-checked; anatomical-review-pending,CC-BY-4.0,7
FMA:7795|right,bodyparts3d,True,male,TARO,reference_template,source-buffer-checked; anatomical-review-pending,CC-BY-4.0,7
UBERON:0004605|right,bodyparts3d,True,male,TARO,reference_template,source-buffer-checked; anatomical-review-pending,CC-BY-4.0,7
FMA:7822|right,bodyparts3d,True,male,TARO,reference_template,source-buffer-checked; anatomical-review-pending,CC-BY-4.0,7
UBERON:0004606|right,bodyparts3d,True,male,TARO,reference_template,source-buffer-checked; anatomical-review-pending,CC-BY-4.0,7
FMA:7849|right,bodyparts3d,True,male,TARO,reference_template,source-buffer-checked; anatomical-review-pending,CC-BY-4.0,7
UBERON:0004607|right,bodyparts3d,True,male,TARO,reference_template,source-buffer-checked; anatomical-review-pending,CC-BY-4.0,7
UBERON:0010757|right,bodyparts3d,True,male,TARO,reference_template,source-buffer-checked; anatomical-review-pending,CC-BY-4.0,7
UBERON:0004608|right,bodyparts3d,True,male,TARO,reference_template,source-buffer-checked; anatomical-review-pending,CC-BY-4.0,7
UBERON:0001423|right,bodyparts3d,True,male,TARO,reference_template,source-buffer-checked; anatomical-review-pending,CC-BY-4.0,7
UBERON:0003645|right,bodyparts3d,True,male,TARO,reference_template,source-buffer-checked; anatomical-review-pending,CC-BY-4.0,7
UBERON:0003650|right,bodyparts3d,True,male,TARO,reference_template,source-buffer-checked; anatomical-review-pending,CC-BY-4.0,7
UBERON:0003646|right,bodyparts3d,True,male,TARO,reference_template,source-buffer-checked; anatomical-review-pending,CC-BY-4.0,7
UBERON:0003651|right,bodyparts3d,True,male,TARO,reference_template,source-buffer-checked; anatomical-review-pending,CC-BY-4.0,7
UBERON:0003647|right,bodyparts3d,True,male,TARO,reference_template,source-buffer-checked; anatomical-review-pending,CC-BY-4.0,7
UBERON:0003652|right,bodyparts3d,True,male,TARO,reference_template,source-buffer-checked; anatomical-review-pending,CC-BY-4.0,7
UBERON:0003648|right,bodyparts3d,True,male,TARO,reference_template,source-buffer-checked; anatomical-review-pending,CC-BY-4.0,7
UBERON:0003653|right,bodyparts3d,True,male,TARO,reference_template,source-buffer-checked; anatomical-review-pending,CC-BY-4.0,7
UBERON:0003649|right,bodyparts3d,True,male,TARO,reference_template,source-buffer-checked; anatomical-review-pending,CC-BY-4.0,7
UBERON:0003654|right,bodyparts3d,True,male,TARO,reference_template,source-buffer-checked; anatomical-review-pending,CC-BY-4.0,7
UBERON:0001450|right,bodyparts3d,True,male,TARO,reference_template,source-buffer-checked; anatomical-review-pending,CC-BY-4.0,7
UBERON:0001432|right,bodyparts3d,True,male,TARO,reference_template,source-buffer-checked; anatomical-review-pending,CC-BY-4.0,7
UBERON:0001105|right,bodyparts3d,True,male,TARO,reference_template,source-buffer-checked; anatomical-review-pending,CC-BY-4.0,7
UBERON:0001455|right,bodyparts3d,True,male,TARO,reference_template,source-buffer-checked; anatomical-review-pending,CC-BY-4.0,7
UBERON:0000981|right,bodyparts3d,True,male,TARO,reference_template,source-buffer-checked; anatomical-review-pending,CC-BY-4.0,7
UBERON:0001446|right,bodyparts3d,True,male,TARO,reference_template,source-buffer-checked; anatomical-review-pending,CC-BY-4.0,7
UBERON:0001433|right,bodyparts3d,True,male,TARO,reference_template,source-buffer-checked; anatomical-review-pending,CC-BY-4.0,7
UBERON:0000976|right,bodyparts3d,True,male,TARO,reference_template,source-buffer-checked; anatomical-review-pending,CC-BY-4.0,7
UBERON:0005922|right,bodyparts3d,True,male,TARO,reference_template,source-buffer-checked; anatomical-review-pending,CC-BY-4.0,7
UBERON:0001453|right,bodyparts3d,True,male,TARO,reference_template,source-buffer-checked; anatomical-review-pending,CC-BY-4.0,7
UBERON:0001680|right,bodyparts3d,True,male,TARO,reference_template,source-buffer-checked; anatomical-review-pending,CC-BY-4.0,7
UBERON:0008000|right,bodyparts3d,True,male,TARO,reference_template,source-buffer-checked; anatomical-review-pending,CC-BY-4.0,7
UBERON:0001454|right,bodyparts3d,True,male,TARO,reference_template,source-buffer-checked; anatomical-review-pending,CC-BY-4.0,7
UBERON:0001428|right,bodyparts3d,True,male,TARO,reference_template,source-buffer-checked; anatomical-review-pending,CC-BY-4.0,7
UBERON:0002397|right,bodyparts3d,True,male,TARO,reference_template,source-buffer-checked; anatomical-review-pending,CC-BY-4.0,7
UBERON:0008000|right,bodyparts3d,True,male,TARO,reference_template,source-buffer-checked; anatomical-review-pending,CC-BY-4.0,7
UBERON:0001452|right,bodyparts3d,True,male,TARO,reference_template,source-buffer-checked; anatomical-review-pending,CC-BY-4.0,7
UBERON:0001681|right,bodyparts3d,True,male,TARO,reference_template,source-buffer-checked; anatomical-review-pending,CC-BY-4.0,7
UBERON:0001682|right,bodyparts3d,True,male,TARO,reference_template,source-buffer-checked; anatomical-review-pending,CC-BY-4.0,7
UBERON:0000210|right,bodyparts3d,True,male,TARO,reference_template,source-buffer-checked; anatomical-review-pending,CC-BY-4.0,7
UBERON:0002446|right,bodyparts3d,True,male,TARO,reference_template,source-buffer-checked; anatomical-review-pending,CC-BY-4.0,7
UBERON:0001429|right,bodyparts3d,True,male,TARO,reference_template,source-buffer-checked; anatomical-review-pending,CC-BY-4.0,7
UBERON:0001427|right,bodyparts3d,True,male,TARO,reference_template,source-buffer-checked; anatomical-review-pending,CC-BY-4.0,7
UBERON:0006849|right,bodyparts3d,True,male,TARO,reference_template,source-buffer-checked; anatomical-review-pending,CC-BY-4.0,7
UBERON:0002395|right,bodyparts3d,True,male,TARO,reference_template,source-buffer-checked; anatomical-review-pending,CC-BY-4.0,7
UBERON:0001678|right,bodyparts3d,True,male,TARO,reference_template,source-buffer-checked; anatomical-review-pending,CC-BY-4.0,7
UBERON:0000979|right,bodyparts3d,True,male,TARO,reference_template,source-buffer-checked; anatomical-review-pending,CC-BY-4.0,7
UBERON:0001430|right,bodyparts3d,True,male,TARO,reference_template,source-buffer-checked; anatomical-review-pending,CC-BY-4.0,7
UBERON:0001431|right,bodyparts3d,True,male,TARO,reference_template,source-buffer-checked; anatomical-review-pending,CC-BY-4.0,7
UBERON:0002445|right,bodyparts3d,True,male,TARO,reference_template,source-buffer-checked; anatomical-review-pending,CC-BY-4.0,7
UBERON:0001424|right,bodyparts3d,True,male,TARO,reference_template,source-buffer-checked; anatomical-review-pending,CC-BY-4.0,7
UBERON:0001683|right,bodyparts3d,True,male,TARO,reference_template,source-buffer-checked; anatomical-review-pending,CC-BY-4.0,7
FMA:16202,bodyparts3d,True,male,TARO,reference_template,source-buffer-checked; anatomical-review-pending,CC-BY-4.0,7
FMA:52736,bodyparts3d,True,male,TARO,reference_template,source-buffer-checked; anatomical-review-pending,CC-BY-4.0,7
FMA:9710,bodyparts3d,True,male,TARO,reference_template,source-buffer-checked; anatomical-review-pending,CC-BY-4.0,7
FMA:14643,bodyparts3d,True,male,TARO,reference_template,source-buffer-checked; anatomical-review-pending,CC-BY-4.0,7
FMA:16549,bodyparts3d,True,male,TARO,reference_template,source-buffer-checked; anatomical-review-pending,CC-BY-4.0,7
FMA:14647,bodyparts3d,True,male,TARO,reference_template,source-buffer-checked; anatomical-review-pending,CC-BY-4.0,7
FMA:14828|left,bodyparts3d,True,male,TARO,reference_template,source-buffer-checked; anatomical-review-pending,CC-BY-4.0,7
FMA:15394|left,bodyparts3d,True,male,TARO,reference_template,source-buffer-checked; anatomical-review-pending,CC-BY-4.0,7
FMA:70479,bodyparts3d,True,male,TARO,reference_template,source-buffer-checked; anatomical-review-pending,CC-BY-4.0,7
FMA:14816,bodyparts3d,True,male,TARO,reference_template,source-buffer-checked; anatomical-review-pending,CC-BY-4.0,7
FMA:14782,bodyparts3d,True,male,TARO,reference_template,source-buffer-checked; anatomical-review-pending,CC-BY-4.0,7
FMA:14818,bodyparts3d,True,male,TARO,reference_template,source-buffer-checked; anatomical-review-pending,CC-BY-4.0,7
FMA:3768,bodyparts3d,True,male,TARO,reference_template,source-buffer-checked; anatomical-review-pending,CC-BY-4.0,7
FMA:3736,bodyparts3d,True,male,TARO,reference_template,source-buffer-checked; anatomical-review-pending,CC-BY-4.0,7
FMA:14820,bodyparts3d,True,male,TARO,reference_template,source-buffer-checked; anatomical-review-pending,CC-BY-4.0,7
FMA:15408,bodyparts3d,True,male,TARO,reference_template,source-buffer-checked; anatomical-review-pending,CC-BY-4.0,7
FMA:4838,bodyparts3d,True,male,TARO,reference_template,source-buffer-checked; anatomical-review-pending,CC-BY-4.0,7
FMA:3932,bodyparts3d,True,male,TARO,reference_template,source-buffer-checked; anatomical-review-pending,CC-BY-4.0,7
FMA:14177,bodyparts3d,True,male,TARO,reference_template,source-buffer-checked; anatomical-review-pending,CC-BY-4.0,7
FMA:14793,bodyparts3d,True,male,TARO,reference_template,source-buffer-checked; anatomical-review-pending,CC-BY-4.0,7
FMA:14773,bodyparts3d,True,male,TARO,reference_template,source-buffer-checked; anatomical-review-pending,CC-BY-4.0,7
FMA:14812,bodyparts3d,True,male,TARO,reference_template,source-buffer-checked; anatomical-review-pending,CC-BY-4.0,7
UBERON:0039421|left,bodyparts3d,True,male,TARO,reference_template,source-buffer-checked; anatomical-review-pending,CC-BY-4.0,7
FMA:3784,bodyparts3d,True,male,TARO,reference_template,source-buffer-checked; anatomical-review-pending,CC-BY-4.0,7
FMA:14829|left,bodyparts3d,True,male,TARO,reference_template,source-buffer-checked; anatomical-review-pending,CC-BY-4.0,7
FMA:15394|left,bodyparts3d,True,male,TARO,reference_template,source-buffer-checked; anatomical-review-pending,CC-BY-4.0,7
FMA:14787,bodyparts3d,True,male,TARO,reference_template,source-buffer-checked; anatomical-review-pending,CC-BY-4.0,7
FMA:71537,bodyparts3d,True,male,TARO,reference_template,source-buffer-checked; anatomical-review-pending,CC-BY-4.0,7
FMA:76574,bodyparts3d,True,male,TARO,reference_template,source-buffer-checked; anatomical-review-pending,CC-BY-4.0,7
FMA:14792,bodyparts3d,True,male,TARO,reference_template,source-buffer-checked; anatomical-review-pending,CC-BY-4.0,7
FMA:4944,bodyparts3d,True,male,TARO,reference_template,source-buffer-checked; anatomical-review-pending,CC-BY-4.0,7
FMA:14809,bodyparts3d,True,male,TARO,reference_template,source-buffer-checked; anatomical-review-pending,CC-BY-4.0,7
FMA:15405,bodyparts3d,True,male,TARO,reference_template,source-buffer-checked; anatomical-review-pending,CC-BY-4.0,7
FMA:14815,bodyparts3d,True,male,TARO,reference_template,source-buffer-checked; anatomical-review-pending,CC-BY-4.0,7
FMA:15408,bodyparts3d,True,male,TARO,reference_template,source-buffer-checked; anatomical-review-pending,CC-BY-4.0,7
FMA:10951,bodyparts3d,True,male,TARO,reference_template,source-buffer-checked; anatomical-review-pending,CC-BY-4.0,7
FMA:14750,bodyparts3d,True,male,TARO,reference_template,source-buffer-checked; anatomical-review-pending,CC-BY-4.0,7
FMA:15391,bodyparts3d,True,male,TARO,reference_template,source-buffer-checked; anatomical-review-pending,CC-BY-4.0,7
FMA:14790,bodyparts3d,True,male,TARO,reference_template,source-buffer-checked; anatomical-review-pending,CC-BY-4.0,7
FMA:14805,bodyparts3d,True,male,TARO,reference_template,source-buffer-checked; anatomical-review-pending,CC-BY-4.0,7
FMA:68068,bodyparts3d,True,male,TARO,reference_template,source-buffer-checked; anatomical-review-pending,CC-BY-4.0,7
FMA:68068,bodyparts3d,True,male,TARO,reference_template,source-buffer-checked; anatomical-review-pending,CC-BY-4.0,7
FMA:68068,bodyparts3d,True,male,TARO,reference_template,source-buffer-checked; anatomical-review-pending,CC-BY-4.0,7
FMA:68068,bodyparts3d,True,male,TARO,reference_template,source-buffer-checked; anatomical-review-pending,CC-BY-4.0,7
FMA:68068,bodyparts3d,True,male,TARO,reference_template,source-buffer-checked; anatomical-review-pending,CC-BY-4.0,7
FMA:68068,bodyparts3d,True,male,TARO,reference_template,source-buffer-checked; anatomical-review-pending,CC-BY-4.0,7
FMA:70485|left,bodyparts3d,True,male,TARO,reference_template,source-buffer-checked; anatomical-review-pending,CC-BY-4.0,7
FMA:70485|left,bodyparts3d,True,male,TARO,reference_template,source-buffer-checked; anatomical-review-pending,CC-BY-4.0,7
FMA:70485|left,bodyparts3d,True,male,TARO,reference_template,source-buffer-checked; anatomical-review-pending,CC-BY-4.0,7
FMA:70485|left,bodyparts3d,True,male,TARO,reference_template,source-buffer-checked; anatomical-review-pending,CC-BY-4.0,7
FMA:70485|left,bodyparts3d,True,male,TARO,reference_template,source-buffer-checked; anatomical-review-pending,CC-BY-4.0,7
FMA:70485|left,bodyparts3d,True,male,TARO,reference_template,source-buffer-checked; anatomical-review-pending,CC-BY-4.0,7
UBERON:0001191|left,bodyparts3d,True,male,TARO,reference_template,source-buffer-checked; anatomical-review-pending,CC-BY-4.0,7
UBERON:0001139|left,bodyparts3d,True,male,TARO,reference_template,source-buffer-checked; anatomical-review-pending,CC-BY-4.0,7
UBERON:0001308|left,bodyparts3d,True,male,TARO,reference_template,source-buffer-checked; anatomical-review-pending,CC-BY-4.0,7
UBERON:0002056|left,bodyparts3d,True,male,TARO,reference_template,source-buffer-checked; anatomical-review-pending,CC-BY-4.0,7
UBERON:0001309|left,bodyparts3d,True,male,TARO,reference_template,source-buffer-checked; anatomical-review-pending,CC-BY-4.0,7
UBERON:0001317|left,bodyparts3d,True,male,TARO,reference_template,source-buffer-checked; anatomical-review-pending,CC-BY-4.0,7
UBERON:0001317|left,bodyparts3d,True,male,TARO,reference_template,source-buffer-checked; anatomical-review-pending,CC-BY-4.0,7
UBERON:0001317|left,bodyparts3d,True,male,TARO,reference_template,source-buffer-checked; anatomical-review-pending,CC-BY-4.0,7
UBERON:0012173|left,bodyparts3d,True,male,TARO,reference_template,source-buffer-checked; anatomical-review-pending,CC-BY-4.0,7
FMA:70488|left,bodyparts3d,True,male,TARO,reference_template,source-buffer-checked; anatomical-review-pending,CC-BY-4.0,7
FMA:70488|left,bodyparts3d,True,male,TARO,reference_template,source-buffer-checked; anatomical-review-pending,CC-BY-4.0,7
FMA:70488|left,bodyparts3d,True,male,TARO,reference_template,source-buffer-checked; anatomical-review-pending,CC-BY-4.0,7
FMA:66362|left,bodyparts3d,True,male,TARO,reference_template,source-buffer-checked; anatomical-review-pending,CC-BY-4.0,7
UBERON:0001140|left,bodyparts3d,True,male,TARO,reference_template,source-buffer-checked; anatomical-review-pending,CC-BY-4.0,7
UBERON:0001140|left,bodyparts3d,True,male,TARO,reference_template,source-buffer-checked; anatomical-review-pending,CC-BY-4.0,7
UBERON:0001533|left,bodyparts3d,True,male,TARO,reference_template,source-buffer-checked; anatomical-review-pending,CC-BY-4.0,7
UBERON:0001146|left,bodyparts3d,True,male,TARO,reference_template,source-buffer-checked; anatomical-review-pending,CC-BY-4.0,7
UBERON:0003468|left,bodyparts3d,True,male,TARO,reference_template,source-buffer-checked; anatomical-review-pending,CC-BY-4.0,7
UBERON:0003711|left,bodyparts3d,True,male,TARO,reference_template,source-buffer-checked; anatomical-review-pending,CC-BY-4.0,7
UBERON:0001530|left,bodyparts3d,True,male,TARO,reference_template,source-buffer-checked; anatomical-review-pending,CC-BY-4.0,7
UBERON:0001316|left,bodyparts3d,True,male,TARO,reference_template,source-buffer-checked; anatomical-review-pending,CC-BY-4.0,7
UBERON:0001586|left,bodyparts3d,True,male,TARO,reference_template,source-buffer-checked; anatomical-review-pending,CC-BY-4.0,7
UBERON:0001587|left,bodyparts3d,True,male,TARO,reference_template,source-buffer-checked; anatomical-review-pending,CC-BY-4.0,7
FMA:12858|left,bodyparts3d,True,male,TARO,reference_template,source-buffer-checked; anatomical-review-pending,CC-BY-4.0,7
FMA:14826|left,bodyparts3d,True,male,TARO,reference_template,source-buffer-checked; anatomical-review-pending,CC-BY-4.0,7
FMA:15394|left,bodyparts3d,True,male,TARO,reference_template,source-buffer-checked; anatomical-review-pending,CC-BY-4.0,7
UBERON:0001340|left,bodyparts3d,True,male,TARO,reference_template,source-buffer-checked; anatomical-review-pending,CC-BY-4.0,7
UBERON:0001340|left,bodyparts3d,True,male,TARO,reference_template,source-buffer-checked; anatomical-review-pending,CC-BY-4.0,7
FMA:14768|left,bodyparts3d,True,male,TARO,reference_template,source-buffer-checked; anatomical-review-pending,CC-BY-4.0,7
FMA:15399|left,bodyparts3d,True,male,TARO,reference_template,source-buffer-checked; anatomical-review-pending,CC-BY-4.0,7
FMA:14796|left,bodyparts3d,True,male,TARO,reference_template,source-buffer-checked; anatomical-review-pending,CC-BY-4.0,7
FMA:15390|left,bodyparts3d,True,male,TARO,reference_template,source-buffer-checked; anatomical-review-pending,CC-BY-4.0,7
UBERON:0001320|left,bodyparts3d,True,male,TARO,reference_template,source-buffer-checked; anatomical-review-pending,CC-BY-4.0,7
UBERON:0001354|left,bodyparts3d,True,male,TARO,reference_template,source-buffer-checked; anatomical-review-pending,CC-BY-4.0,7
UBERON:0007154|left,bodyparts3d,True,male,TARO,reference_template,source-buffer-checked; anatomical-review-pending,CC-BY-4.0,7
FMA:18911|left,bodyparts3d,True,male,TARO,reference_template,source-buffer-checked; anatomical-review-pending,CC-BY-4.0,7
UBERON:0012255|left,bodyparts3d,True,male,TARO,reference_template,source-buffer-checked; anatomical-review-pending,CC-BY-4.0,7
UBERON:0012255|left,bodyparts3d,True,male,TARO,reference_template,source-buffer-checked; anatomical-review-pending,CC-BY-4.0,7
UBERON:0012255|left,bodyparts3d,True,male,TARO,reference_template,source-buffer-checked; anatomical-review-pending,CC-BY-4.0,7
UBERON:0012255|left,bodyparts3d,True,male,TARO,reference_template,source-buffer-checked; anatomical-review-pending,CC-BY-4.0,7
UBERON:0012255|left,bodyparts3d,True,male,TARO,reference_template,source-buffer-checked; anatomical-review-pending,CC-BY-4.0,7
UBERON:0012255|left,bodyparts3d,True,male,TARO,reference_template,source-buffer-checked; anatomical-review-pending,CC-BY-4.0,7
UBERON:0012255|left,bodyparts3d,True,male,TARO,reference_template,source-buffer-checked; anatomical-review-pending,CC-BY-4.0,7
UBERON:0001316|left,bodyparts3d,True,male,TARO,reference_template,source-buffer-checked; anatomical-review-pending,CC-BY-4.0,7
UBERON:0001316|left,bodyparts3d,True,male,TARO,reference_template,source-buffer-checked; anatomical-review-pending,CC-BY-4.0,7
UBERON:0001316|left,bodyparts3d,True,male,TARO,reference_template,source-buffer-checked; anatomical-review-pending,CC-BY-4.0,7
UBERON:0018252|left,bodyparts3d,True,male,TARO,reference_template,source-buffer-checked; anatomical-review-pending,CC-BY-4.0,7
UBERON:8600056|left,bodyparts3d,True,male,TARO,reference_template,source-buffer-checked; anatomical-review-pending,CC-BY-4.0,7
UBERON:0001321|left,bodyparts3d,True,male,TARO,reference_template,source-buffer-checked; anatomical-review-pending,CC-BY-4.0,7
UBERON:0034964|left,bodyparts3d,True,male,TARO,reference_template,source-buffer-checked; anatomical-review-pending,CC-BY-4.0,7
UBERON:0007155|left,bodyparts3d,True,male,TARO,reference_template,source-buffer-checked; anatomical-review-pending,CC-BY-4.0,7
FMA:18908|left,bodyparts3d,True,male,TARO,reference_template,source-buffer-checked; anatomical-review-pending,CC-BY-4.0,7
UBERON:0001187|left,bodyparts3d,True,male,TARO,reference_template,source-buffer-checked; anatomical-review-pending,CC-BY-4.0,7
UBERON:0001144|left,bodyparts3d,True,male,TARO,reference_template,source-buffer-checked; anatomical-review-pending,CC-BY-4.0,7
FMA:14831,bodyparts3d,True,male,TARO,reference_template,source-buffer-checked; anatomical-review-pending,CC-BY-4.0,7
FMA:77168,bodyparts3d,True,male,TARO,reference_template,source-buffer-checked; anatomical-review-pending,CC-BY-4.0,7
FMA:14810,bodyparts3d,True,male,TARO,reference_template,source-buffer-checked; anatomical-review-pending,CC-BY-4.0,7
FMA:15406,bodyparts3d,True,male,TARO,reference_template,source-buffer-checked; anatomical-review-pending,CC-BY-4.0,7
FMA:14773,bodyparts3d,True,male,TARO,reference_template,source-buffer-checked; anatomical-review-pending,CC-BY-4.0,7
FMA:15398,bodyparts3d,True,male,TARO,reference_template,source-buffer-checked; anatomical-review-pending,CC-BY-4.0,7
FMA:70480,bodyparts3d,True,male,TARO,reference_template,source-buffer-checked; anatomical-review-pending,CC-BY-4.0,7
FMA:14817,bodyparts3d,True,male,TARO,reference_template,source-buffer-checked; anatomical-review-pending,CC-BY-4.0,7
FMA:14784,bodyparts3d,True,male,TARO,reference_template,source-buffer-checked; anatomical-review-pending,CC-BY-4.0,7
FMA:70485|right,bodyparts3d,True,male,TARO,reference_template,source-buffer-checked; anatomical-review-pending,CC-BY-4.0,7
FMA:70485|right,bodyparts3d,True,male,TARO,reference_template,source-buffer-checked; anatomical-review-pending,CC-BY-4.0,7
FMA:70485|right,bodyparts3d,True,male,TARO,reference_template,source-buffer-checked; anatomical-review-pending,CC-BY-4.0,7
FMA:70485|right,bodyparts3d,True,male,TARO,reference_template,source-buffer-checked; anatomical-review-pending,CC-BY-4.0,7
FMA:70485|right,bodyparts3d,True,male,TARO,reference_template,source-buffer-checked; anatomical-review-pending,CC-BY-4.0,7
FMA:70485|right,bodyparts3d,True,male,TARO,reference_template,source-buffer-checked; anatomical-review-pending,CC-BY-4.0,7
UBERON:0001530|right,bodyparts3d,True,male,TARO,reference_template,source-buffer-checked; anatomical-review-pending,CC-BY-4.0,7
UBERON:0001191|right,bodyparts3d,True,male,TARO,reference_template,source-buffer-checked; anatomical-review-pending,CC-BY-4.0,7
UBERON:0001139|right,bodyparts3d,True,male,TARO,reference_template,source-buffer-checked; anatomical-review-pending,CC-BY-4.0,7
UBERON:0001308|right,bodyparts3d,True,male,TARO,reference_template,source-buffer-checked; anatomical-review-pending,CC-BY-4.0,7
UBERON:0001316|right,bodyparts3d,True,male,TARO,reference_template,source-buffer-checked; anatomical-review-pending,CC-BY-4.0,7
UBERON:0001309|right,bodyparts3d,True,male,TARO,reference_template,source-buffer-checked; anatomical-review-pending,CC-BY-4.0,7
UBERON:0001317|right,bodyparts3d,True,male,TARO,reference_template,source-buffer-checked; anatomical-review-pending,CC-BY-4.0,7
UBERON:0001317|right,bodyparts3d,True,male,TARO,reference_template,source-buffer-checked; anatomical-review-pending,CC-BY-4.0,7
UBERON:0001317|right,bodyparts3d,True,male,TARO,reference_template,source-buffer-checked; anatomical-review-pending,CC-BY-4.0,7
FMA:70488|right,bodyparts3d,True,male,TARO,reference_template,source-buffer-checked; anatomical-review-pending,CC-BY-4.0,7
FMA:70488|right,bodyparts3d,True,male,TARO,reference_template,source-buffer-checked; anatomical-review-pending,CC-BY-4.0,7
FMA:70488|right,bodyparts3d,True,male,TARO,reference_template,source-buffer-checked; anatomical-review-pending,CC-BY-4.0,7
FMA:66362|right,bodyparts3d,True,male,TARO,reference_template,source-buffer-checked; anatomical-review-pending,CC-BY-4.0,7
UBERON:0001140|right,bodyparts3d,True,male,TARO,reference_template,source-buffer-checked; anatomical-review-pending,CC-BY-4.0,7
UBERON:0001140|right,bodyparts3d,True,male,TARO,reference_template,source-buffer-checked; anatomical-review-pending,CC-BY-4.0,7
UBERON:0001533|right,bodyparts3d,True,male,TARO,reference_template,source-buffer-checked; anatomical-review-pending,CC-BY-4.0,7
UBERON:0001146|right,bodyparts3d,True,male,TARO,reference_template,source-buffer-checked; anatomical-review-pending,CC-BY-4.0,7
UBERON:0003468|right,bodyparts3d,True,male,TARO,reference_template,source-buffer-checked; anatomical-review-pending,CC-BY-4.0,7
UBERON:0003468|right,bodyparts3d,True,male,TARO,reference_template,source-buffer-checked; anatomical-review-pending,CC-BY-4.0,7
UBERON:0003711|right,bodyparts3d,True,male,TARO,reference_template,source-buffer-checked; anatomical-review-pending,CC-BY-4.0,7
UBERON:0002056|right,bodyparts3d,True,male,TARO,reference_template,source-buffer-checked; anatomical-review-pending,CC-BY-4.0,7
UBERON:0001586|right,bodyparts3d,True,male,TARO,reference_template,source-buffer-checked; anatomical-review-pending,CC-BY-4.0,7
UBERON:0012173|right,bodyparts3d,True,male,TARO,reference_template,source-buffer-checked; anatomical-review-pending,CC-BY-4.0,7
UBERON:0001587|right,bodyparts3d,True,male,TARO,reference_template,source-buffer-checked; anatomical-review-pending,CC-BY-4.0,7
FMA:12858|right,bodyparts3d,True,male,TARO,reference_template,source-buffer-checked; anatomical-review-pending,CC-BY-4.0,7
FMA:14811|right,bodyparts3d,True,male,TARO,reference_template,source-buffer-checked; anatomical-review-pending,CC-BY-4.0,7
FMA:15407|right,bodyparts3d,True,male,TARO,reference_template,source-buffer-checked; anatomical-review-pending,CC-BY-4.0,7
UBERON:0001340|right,bodyparts3d,True,male,TARO,reference_template,source-buffer-checked; anatomical-review-pending,CC-BY-4.0,7
UBERON:0001340|right,bodyparts3d,True,male,TARO,reference_template,source-buffer-checked; anatomical-review-pending,CC-BY-4.0,7
FMA:14776|right,bodyparts3d,True,male,TARO,reference_template,source-buffer-checked; anatomical-review-pending,CC-BY-4.0,7
FMA:15400|right,bodyparts3d,True,male,TARO,reference_template,source-buffer-checked; anatomical-review-pending,CC-BY-4.0,7
FMA:14781|right,bodyparts3d,True,male,TARO,reference_template,source-buffer-checked; anatomical-review-pending,CC-BY-4.0,7
FMA:15397|right,bodyparts3d,True,male,TARO,reference_template,source-buffer-checked; anatomical-review-pending,CC-BY-4.0,7
UBERON:0001320|right,bodyparts3d,True,male,TARO,reference_template,source-buffer-checked; anatomical-review-pending,CC-BY-4.0,7
UBERON:0001354|right,bodyparts3d,True,male,TARO,reference_template,source-buffer-checked; anatomical-review-pending,CC-BY-4.0,7
UBERON:0007154|right,bodyparts3d,True,male,TARO,reference_template,source-buffer-checked; anatomical-review-pending,CC-BY-4.0,7
FMA:18911|right,bodyparts3d,True,male,TARO,reference_template,source-buffer-checked; anatomical-review-pending,CC-BY-4.0,7
UBERON:0001317|right,bodyparts3d,True,male,TARO,reference_template,source-buffer-checked; anatomical-review-pending,CC-BY-4.0,7
UBERON:0001317|right,bodyparts3d,True,male,TARO,reference_template,source-buffer-checked; anatomical-review-pending,CC-BY-4.0,7
UBERON:0001317|right,bodyparts3d,True,male,TARO,reference_template,source-buffer-checked; anatomical-review-pending,CC-BY-4.0,7
UBERON:0018252|right,bodyparts3d,True,male,TARO,reference_template,source-buffer-checked; anatomical-review-pending,CC-BY-4.0,7
UBERON:8600056|right,bodyparts3d,True,male,TARO,reference_template,source-buffer-checked; anatomical-review-pending,CC-BY-4.0,7
UBERON:0001321|right,bodyparts3d,True,male,TARO,reference_template,source-buffer-checked; anatomical-review-pending,CC-BY-4.0,7
UBERON:0034964|right,bodyparts3d,True,male,TARO,reference_template,source-buffer-checked; anatomical-review-pending,CC-BY-4.0,7
UBERON:0007155|right,bodyparts3d,True,male,TARO,reference_template,source-buffer-checked; anatomical-review-pending,CC-BY-4.0,7
FMA:18908|right,bodyparts3d,True,male,TARO,reference_template,source-buffer-checked; anatomical-review-pending,CC-BY-4.0,7
UBERON:0001187|right,bodyparts3d,True,male,TARO,reference_template,source-buffer-checked; anatomical-review-pending,CC-BY-4.0,7
UBERON:0001144|right,bodyparts3d,True,male,TARO,reference_template,source-buffer-checked; anatomical-review-pending,CC-BY-4.0,7
UBERON:0012255|right,bodyparts3d,True,male,TARO,reference_template,source-buffer-checked; anatomical-review-pending,CC-BY-4.0,7
UBERON:0012255|right,bodyparts3d,True,male,TARO,reference_template,source-buffer-checked; anatomical-review-pending,CC-BY-4.0,7
UBERON:0012255|right,bodyparts3d,True,male,TARO,reference_template,source-buffer-checked; anatomical-review-pending,CC-BY-4.0,7
UBERON:0012255|right,bodyparts3d,True,male,TARO,reference_template,source-buffer-checked; anatomical-review-pending,CC-BY-4.0,7
UBERON:0012255|right,bodyparts3d,True,male,TARO,reference_template,source-buffer-checked; anatomical-review-pending,CC-BY-4.0,7
UBERON:0012255|right,bodyparts3d,True,male,TARO,reference_template,source-buffer-checked; anatomical-review-pending,CC-BY-4.0,7
UBERON:0012255|right,bodyparts3d,True,male,TARO,reference_template,source-buffer-checked; anatomical-review-pending,CC-BY-4.0,7
UBERON:0012255|right,bodyparts3d,True,male,TARO,reference_template,source-buffer-checked; anatomical-review-pending,CC-BY-4.0,7
FMA:15370,bodyparts3d,True,male,TARO,reference_template,source-buffer-checked; anatomical-review-pending,CC-BY-4.0,7
FMA:14735,bodyparts3d,True,male,TARO,reference_template,source-buffer-checked; anatomical-review-pending,CC-BY-4.0,7
FMA:15370,bodyparts3d,True,male,TARO,reference_template,source-buffer-checked; anatomical-review-pending,CC-BY-4.0,7
FMA:14735,bodyparts3d,True,male,TARO,reference_template,source-buffer-checked; anatomical-review-pending,CC-BY-4.0,7
UBERON:0039421|right,bodyparts3d,True,male,TARO,reference_template,source-buffer-checked; anatomical-review-pending,CC-BY-4.0,7
FMA:14830,bodyparts3d,True,male,TARO,reference_template,source-buffer-checked; anatomical-review-pending,CC-BY-4.0,7
FMA:15395,bodyparts3d,True,male,TARO,reference_template,source-buffer-checked; anatomical-review-pending,CC-BY-4.0,7
FMA:14773,bodyparts3d,True,male,TARO,reference_template,source-buffer-checked; anatomical-review-pending,CC-BY-4.0,7
FMA:14331,bodyparts3d,True,male,TARO,reference_template,source-buffer-checked; anatomical-review-pending,CC-BY-4.0,7
FMA:66358,bodyparts3d,True,male,TARO,reference_template,source-buffer-checked; anatomical-review-pending,CC-BY-4.0,7
FMA:4720,bodyparts3d,True,male,TARO,reference_template,source-buffer-checked; anatomical-review-pending,CC-BY-4.0,7
FMA:15398,bodyparts3d,True,male,TARO,reference_template,source-buffer-checked; anatomical-review-pending,CC-BY-4.0,7
FMA:14332,bodyparts3d,True,male,TARO,reference_template,source-buffer-checked; anatomical-review-pending,CC-BY-4.0,7
FMA:78121,bodyparts3d,True,male,TARO,reference_template,source-buffer-checked; anatomical-review-pending,CC-BY-4.0,7
FMA:78121,bodyparts3d,True,male,TARO,reference_template,source-buffer-checked; anatomical-review-pending,CC-BY-4.0,7
FMA:78121,bodyparts3d,True,male,TARO,reference_template,source-buffer-checked; anatomical-review-pending,CC-BY-4.0,7
FMA:78121,bodyparts3d,True,male,TARO,reference_template,source-buffer-checked; anatomical-review-pending,CC-BY-4.0,7
FMA:78121,bodyparts3d,True,male,TARO,reference_template,source-buffer-checked; anatomical-review-pending,CC-BY-4.0,7
FMA:78121,bodyparts3d,True,male,TARO,reference_template,source-buffer-checked; anatomical-review-pending,CC-BY-4.0,7
FMA:78121,bodyparts3d,True,male,TARO,reference_template,source-buffer-checked; anatomical-review-pending,CC-BY-4.0,7
FMA:15398,bodyparts3d,True,male,TARO,reference_template,source-buffer-checked; anatomical-review-pending,CC-BY-4.0,7
FMA:14832,bodyparts3d,True,male,TARO,reference_template,source-buffer-checked; anatomical-review-pending,CC-BY-4.0,7
FMA:15393,bodyparts3d,True,male,TARO,reference_template,source-buffer-checked; anatomical-review-pending,CC-BY-4.0,7
FMA:12858,bodyparts3d,True,male,TARO,reference_template,source-buffer-checked; anatomical-review-pending,CC-BY-4.0,7
FMA:10951,bodyparts3d,True,male,TARO,reference_template,source-buffer-checked; anatomical-review-pending,CC-BY-4.0,7
UBERON:0002369,tcia,True,female,Healthy-Total-Body-CTs-003,automatic_segmentation,source-buffer-checked; anatomical-review-pending,CC-BY-4.0,3
UBERON:0000947,tcia,True,female,Healthy-Total-Body-CTs-003,automatic_segmentation,source-buffer-checked; anatomical-review-pending,CC-BY-4.0,3
UBERON:0001255,tcia,True,female,Healthy-Total-Body-CTs-003,automatic_segmentation,source-buffer-checked; anatomical-review-pending,CC-BY-4.0,3
UBERON:0000955,tcia,True,female,Healthy-Total-Body-CTs-003,automatic_segmentation,source-buffer-checked; anatomical-review-pending,CC-BY-4.0,3
UBERON:0000948,tcia,True,female,Healthy-Total-Body-CTs-003,automatic_segmentation,source-buffer-checked; anatomical-review-pending,CC-BY-4.0,3
UBERON:0002113,tcia,True,female,Healthy-Total-Body-CTs-003,automatic_segmentation,source-buffer-checked; anatomical-review-pending,CC-BY-4.0,3
UBERON:0002107,tcia,True,female,Healthy-Total-Body-CTs-003,automatic_segmentation,source-buffer-checked; anatomical-review-pending,CC-BY-4.0,3
UBERON:0001264,tcia,True,female,Healthy-Total-Body-CTs-003,automatic_segmentation,source-buffer-checked; anatomical-review-pending,CC-BY-4.0,3
UBERON:0002106,tcia,True,female,Healthy-Total-Body-CTs-003,automatic_segmentation,source-buffer-checked; anatomical-review-pending,CC-BY-4.0,3
UBERON:0002046,tcia,True,female,Healthy-Total-Body-CTs-003,automatic_segmentation,source-buffer-checked; anatomical-review-pending,CC-BY-4.0,3
UBERON:0001072,tcia,True,female,Healthy-Total-Body-CTs-003,automatic_segmentation,source-buffer-checked; anatomical-review-pending,CC-BY-4.0,3
UBERON:0002048,tcia,True,female,Healthy-Total-Body-CTs-003,automatic_segmentation,source-buffer-checked; anatomical-review-pending,CC-BY-4.0,3
UBERON:0009880,tcia,True,female,Healthy-Total-Body-CTs-003,automatic_segmentation,source-buffer-checked; anatomical-review-pending,CC-BY-4.0,3
UBERON:0001105,tcia,True,female,Healthy-Total-Body-CTs-003,automatic_segmentation,source-buffer-checked; anatomical-review-pending,CC-BY-4.0,3
UBERON:0000981,tcia,True,female,Healthy-Total-Body-CTs-003,automatic_segmentation,source-buffer-checked; anatomical-review-pending,CC-BY-4.0,3
UBERON:0001446,tcia,True,female,Healthy-Total-Body-CTs-003,automatic_segmentation,source-buffer-checked; anatomical-review-pending,CC-BY-4.0,3
UBERON:0000976,tcia,True,female,Healthy-Total-Body-CTs-003,automatic_segmentation,source-buffer-checked; anatomical-review-pending,CC-BY-4.0,3
UBERON:0010544,tcia,True,female,Healthy-Total-Body-CTs-003,automatic_segmentation,source-buffer-checked; anatomical-review-pending,CC-BY-4.0,3
UBERON:0010545,tcia,True,female,Healthy-Total-Body-CTs-003,automatic_segmentation,source-buffer-checked; anatomical-review-pending,CC-BY-4.0,3
UBERON:0002446,tcia,True,female,Healthy-Total-Body-CTs-003,automatic_segmentation,source-buffer-checked; anatomical-review-pending,CC-BY-4.0,3
UBERON:0007832,tcia,True,female,Healthy-Total-Body-CTs-003,automatic_segmentation,source-buffer-checked; anatomical-review-pending,CC-BY-4.0,3
UBERON:0010688,tcia,True,female,Healthy-Total-Body-CTs-003,automatic_segmentation,source-buffer-checked; anatomical-review-pending,CC-BY-4.0,3
UBERON:0001423,tcia,True,female,Healthy-Total-Body-CTs-003,automatic_segmentation,source-buffer-checked; anatomical-review-pending,CC-BY-4.0,3
UBERON:0003252,tcia,True,female,Healthy-Total-Body-CTs-003,automatic_segmentation,source-buffer-checked; anatomical-review-pending,CC-BY-4.0,3
UBERON:0006849,tcia,True,female,Healthy-Total-Body-CTs-003,automatic_segmentation,source-buffer-checked; anatomical-review-pending,CC-BY-4.0,3
UBERON:0003129,tcia,True,female,Healthy-Total-Body-CTs-003,automatic_segmentation,source-buffer-checked; anatomical-review-pending,CC-BY-4.0,3
UBERON:0001130,tcia,True,female,Healthy-Total-Body-CTs-003,automatic_segmentation,source-buffer-checked; anatomical-review-pending,CC-BY-4.0,3
UBERON:0000975,tcia,True,female,Healthy-Total-Body-CTs-003,automatic_segmentation,source-buffer-checked; anatomical-review-pending,CC-BY-4.0,3
UBERON:0009879,tcia,True,female,Healthy-Total-Body-CTs-003,automatic_segmentation,source-buffer-checked; anatomical-review-pending,CC-BY-4.0,3
UBERON:0000979,tcia,True,female,Healthy-Total-Body-CTs-003,automatic_segmentation,source-buffer-checked; anatomical-review-pending,CC-BY-4.0,3
UBERON:0010696,tcia,True,female,Healthy-Total-Body-CTs-003,automatic_segmentation,source-buffer-checked; anatomical-review-pending,CC-BY-4.0,3
UBERON:0001424,tcia,True,female,Healthy-Total-Body-CTs-003,automatic_segmentation,source-buffer-checked; anatomical-review-pending,CC-BY-4.0,3
UBERON:0014892,tcia,True,female,Healthy-Total-Body-CTs-003,automatic_segmentation,source-buffer-checked; anatomical-review-pending,CC-BY-4.0,3
UBERON:0002190,tcia,True,female,Healthy-Total-Body-CTs-003,automatic_segmentation,source-buffer-checked; anatomical-review-pending,CC-BY-4.0,3
TCIA:003:label-35,tcia,True,female,Healthy-Total-Body-CTs-003,automatic_segmentation,source-buffer-checked; anatomical-review-pending,CC-BY-4.0,3
UBERON:0008450,tcia,True,female,Healthy-Total-Body-CTs-003,automatic_segmentation,source-buffer-checked; anatomical-review-pending,CC-BY-4.0,3
UBERON:0001450|left,denver-vhf,True,female,VHF,manual_segmentation,source-buffer-checked; anatomical-review-pending,CC-BY-4.0,1
UBERON:0001350,denver-vhf,True,female,VHF,manual_segmentation,source-buffer-checked; anatomical-review-pending,CC-BY-4.0,1
UBERON:0001455|left,denver-vhf,True,female,VHF,manual_segmentation,source-buffer-checked; anatomical-review-pending,CC-BY-4.0,1
UBERON:0000981|left,denver-vhf,True,female,VHF,manual_segmentation,source-buffer-checked; anatomical-review-pending,CC-BY-4.0,1
UBERON:0001446|left,denver-vhf,True,female,VHF,manual_segmentation,source-buffer-checked; anatomical-review-pending,CC-BY-4.0,1
UBERON:0001453|left,denver-vhf,True,female,VHF,manual_segmentation,source-buffer-checked; anatomical-review-pending,CC-BY-4.0,1
UBERON:0001454|left,denver-vhf,True,female,VHF,manual_segmentation,source-buffer-checked; anatomical-review-pending,CC-BY-4.0,1
UBERON:0001452|left,denver-vhf,True,female,VHF,manual_segmentation,source-buffer-checked; anatomical-review-pending,CC-BY-4.0,1
UBERON:0001451|left,denver-vhf,True,female,VHF,manual_segmentation,source-buffer-checked; anatomical-review-pending,CC-BY-4.0,1
UBERON:0002446|left,denver-vhf,True,female,VHF,manual_segmentation,source-buffer-checked; anatomical-review-pending,CC-BY-4.0,1
UBERON:0001272|left,denver-vhf,True,female,VHF,manual_segmentation,source-buffer-checked; anatomical-review-pending,CC-BY-4.0,1
UBERON:0010696|left,denver-vhf,True,female,VHF,manual_segmentation,source-buffer-checked; anatomical-review-pending,CC-BY-4.0,1
UBERON:0003690,denver-vhf,True,female,VHF,manual_segmentation,source-buffer-checked; anatomical-review-pending,CC-BY-4.0,1
UBERON:0002395|left,denver-vhf,True,female,VHF,manual_segmentation,source-buffer-checked; anatomical-review-pending,CC-BY-4.0,1
UBERON:0000979|left,denver-vhf,True,female,VHF,manual_segmentation,source-buffer-checked; anatomical-review-pending,CC-BY-4.0,1
FMA:33188|left,denver-vhf,True,female,VHF,manual_segmentation,source-buffer-checked; anatomical-review-pending,CC-BY-4.0,1
FMA:51604|left,denver-vhf,True,female,VHF,manual_segmentation,source-buffer-checked; anatomical-review-pending,CC-BY-4.0,1
FMA:43640|left,denver-vhf,True,female,VHF,manual_segmentation,source-buffer-checked; anatomical-review-pending,CC-BY-4.0,1
FMA:42855|left,denver-vhf,True,female,VHF,manual_segmentation,source-buffer-checked; anatomical-review-pending,CC-BY-4.0,1
FMA:44122|left,denver-vhf,True,female,VHF,manual_segmentation,source-buffer-checked; anatomical-review-pending,CC-BY-4.0,1
FMA:33931|left,denver-vhf,True,female,VHF,manual_segmentation,source-buffer-checked; anatomical-review-pending,CC-BY-4.0,1
FMA:311399|left,denver-vhf,True,female,VHF,manual_segmentation,source-buffer-checked; anatomical-review-pending,CC-BY-4.0,1
FMA:311392|left,denver-vhf,True,female,VHF,manual_segmentation,source-buffer-checked; anatomical-review-pending,CC-BY-4.0,1
UBERON:0003671|left,denver-vhf,True,female,VHF,manual_segmentation,source-buffer-checked; anatomical-review-pending,CC-BY-4.0,1
FMA:9660|left,denver-vhf,True,female,VHF,manual_segmentation,source-buffer-checked; anatomical-review-pending,CC-BY-4.0,1
FMA:44600|left,denver-vhf,True,female,VHF,manual_segmentation,source-buffer-checked; anatomical-review-pending,CC-BY-4.0,1
UBERON:0003680|left,denver-vhf,True,female,VHF,manual_segmentation,source-buffer-checked; anatomical-review-pending,CC-BY-4.0,1
UBERON:0000368|left,denver-vhf,True,female,VHF,manual_segmentation,source-buffer-checked; anatomical-review-pending,CC-BY-4.0,1
UBERON:0000303|left,denver-vhf,True,female,VHF,manual_segmentation,source-buffer-checked; anatomical-review-pending,CC-BY-4.0,1
UBERON:0000370|left,denver-vhf,True,female,VHF,manual_segmentation,source-buffer-checked; anatomical-review-pending,CC-BY-4.0,1
FMA:45887|left,denver-vhf,True,female,VHF,manual_segmentation,source-buffer-checked; anatomical-review-pending,CC-BY-4.0,1
FMA:45890|left,denver-vhf,True,female,VHF,manual_segmentation,source-buffer-checked; anatomical-review-pending,CC-BY-4.0,1
UBERON:0001386|left,denver-vhf,True,female,VHF,manual_segmentation,source-buffer-checked; anatomical-review-pending,CC-BY-4.0,1
FMA:22533|left,denver-vhf,True,female,VHF,manual_segmentation,source-buffer-checked; anatomical-review-pending,CC-BY-4.0,1
UBERON:0001666|left,denver-vhf,True,female,VHF,manual_segmentation,source-buffer-checked; anatomical-review-pending,CC-BY-4.0,1
UBERON:0001392|left,denver-vhf,True,female,VHF,manual_segmentation,source-buffer-checked; anatomical-review-pending,CC-BY-4.0,1
UBERON:0011908|left,denver-vhf,True,female,VHF,manual_segmentation,source-buffer-checked; anatomical-review-pending,CC-BY-4.0,1
UBERON:0011907|left,denver-vhf,True,female,VHF,manual_segmentation,source-buffer-checked; anatomical-review-pending,CC-BY-4.0,1
UBERON:0001370|left,denver-vhf,True,female,VHF,manual_segmentation,source-buffer-checked; anatomical-review-pending,CC-BY-4.0,1
UBERON:0001371|left,denver-vhf,True,female,VHF,manual_segmentation,source-buffer-checked; anatomical-review-pending,CC-BY-4.0,1
UBERON:0008521|left,denver-vhf,True,female,VHF,manual_segmentation,source-buffer-checked; anatomical-review-pending,CC-BY-4.0,1
UBERON:0000950|left,denver-vhf,True,female,VHF,manual_segmentation,source-buffer-checked; anatomical-review-pending,CC-BY-4.0,1
UBERON:0001369|left,denver-vhf,True,female,VHF,manual_segmentation,source-buffer-checked; anatomical-review-pending,CC-BY-4.0,1
UBERON:0019202|left,denver-vhf,True,female,VHF,manual_segmentation,source-buffer-checked; anatomical-review-pending,CC-BY-4.0,1
UBERON:0001368|left,denver-vhf,True,female,VHF,manual_segmentation,source-buffer-checked; anatomical-review-pending,CC-BY-4.0,1
UBERON:0011048|left,denver-vhf,True,female,VHF,manual_segmentation,source-buffer-checked; anatomical-review-pending,CC-BY-4.0,1
UBERON:0001382|left,denver-vhf,True,female,VHF,manual_segmentation,source-buffer-checked; anatomical-review-pending,CC-BY-4.0,1
UBERON:0001387|left,denver-vhf,True,female,VHF,manual_segmentation,source-buffer-checked; anatomical-review-pending,CC-BY-4.0,1
UBERON:0008529|left,denver-vhf,True,female,VHF,manual_segmentation,source-buffer-checked; anatomical-review-pending,CC-BY-4.0,1
UBERON:0011905|left,denver-vhf,True,female,VHF,manual_segmentation,source-buffer-checked; anatomical-review-pending,CC-BY-4.0,1
UBERON:0001391|left,denver-vhf,True,female,VHF,manual_segmentation,source-buffer-checked; anatomical-review-pending,CC-BY-4.0,1
UBERON:0001298|left,denver-vhf,True,female,VHF,manual_segmentation,source-buffer-checked; anatomical-review-pending,CC-BY-4.0,1
UBERON:0008537|left,denver-vhf,True,female,VHF,manual_segmentation,source-buffer-checked; anatomical-review-pending,CC-BY-4.0,1
UBERON:0001378|left,denver-vhf,True,female,VHF,manual_segmentation,source-buffer-checked; anatomical-review-pending,CC-BY-4.0,1
UBERON:0001373|left,denver-vhf,True,female,VHF,manual_segmentation,source-buffer-checked; anatomical-review-pending,CC-BY-4.0,1
UBERON:0001381|left,denver-vhf,True,female,VHF,manual_segmentation,source-buffer-checked; anatomical-review-pending,CC-BY-4.0,1
UBERON:0001375|left,denver-vhf,True,female,VHF,manual_segmentation,source-buffer-checked; anatomical-review-pending,CC-BY-4.0,1
UBERON:0001389|left,denver-vhf,True,female,VHF,manual_segmentation,source-buffer-checked; anatomical-review-pending,CC-BY-4.0,1
UBERON:0019203|left,denver-vhf,True,female,VHF,manual_segmentation,source-buffer-checked; anatomical-review-pending,CC-BY-4.0,1
UBERON:0001376|left,denver-vhf,True,female,VHF,manual_segmentation,source-buffer-checked; anatomical-review-pending,CC-BY-4.0,1
UBERON:0001385|left,denver-vhf,True,female,VHF,manual_segmentation,source-buffer-checked; anatomical-review-pending,CC-BY-4.0,1
UBERON:0001667|left,denver-vhf,True,female,VHF,manual_segmentation,source-buffer-checked; anatomical-review-pending,CC-BY-4.0,1
UBERON:0014847|left,denver-vhf,True,female,VHF,manual_segmentation,source-buffer-checked; anatomical-review-pending,CC-BY-4.0,1
UBERON:0001379|left,denver-vhf,True,female,VHF,manual_segmentation,source-buffer-checked; anatomical-review-pending,CC-BY-4.0,1
UBERON:0001380|left,denver-vhf,True,female,VHF,manual_segmentation,source-buffer-checked; anatomical-review-pending,CC-BY-4.0,1
UBERON:0001450|right,denver-vhf,True,female,VHF,manual_segmentation,source-buffer-checked; anatomical-review-pending,CC-BY-4.0,1
UBERON:0001455|right,denver-vhf,True,female,VHF,manual_segmentation,source-buffer-checked; anatomical-review-pending,CC-BY-4.0,1
UBERON:0000981|right,denver-vhf,True,female,VHF,manual_segmentation,source-buffer-checked; anatomical-review-pending,CC-BY-4.0,1
UBERON:0001446|right,denver-vhf,True,female,VHF,manual_segmentation,source-buffer-checked; anatomical-review-pending,CC-BY-4.0,1
UBERON:0001453|right,denver-vhf,True,female,VHF,manual_segmentation,source-buffer-checked; anatomical-review-pending,CC-BY-4.0,1
UBERON:0001454|right,denver-vhf,True,female,VHF,manual_segmentation,source-buffer-checked; anatomical-review-pending,CC-BY-4.0,1
UBERON:0001452|right,denver-vhf,True,female,VHF,manual_segmentation,source-buffer-checked; anatomical-review-pending,CC-BY-4.0,1
UBERON:0001451|right,denver-vhf,True,female,VHF,manual_segmentation,source-buffer-checked; anatomical-review-pending,CC-BY-4.0,1
UBERON:0002446|right,denver-vhf,True,female,VHF,manual_segmentation,source-buffer-checked; anatomical-review-pending,CC-BY-4.0,1
UBERON:0001272|right,denver-vhf,True,female,VHF,manual_segmentation,source-buffer-checked; anatomical-review-pending,CC-BY-4.0,1
UBERON:0010696|right,denver-vhf,True,female,VHF,manual_segmentation,source-buffer-checked; anatomical-review-pending,CC-BY-4.0,1
UBERON:0002395|right,denver-vhf,True,female,VHF,manual_segmentation,source-buffer-checked; anatomical-review-pending,CC-BY-4.0,1
UBERON:0000979|right,denver-vhf,True,female,VHF,manual_segmentation,source-buffer-checked; anatomical-review-pending,CC-BY-4.0,1
FMA:33188|right,denver-vhf,True,female,VHF,manual_segmentation,source-buffer-checked; anatomical-review-pending,CC-BY-4.0,1
FMA:51604|right,denver-vhf,True,female,VHF,manual_segmentation,source-buffer-checked; anatomical-review-pending,CC-BY-4.0,1
FMA:43640|right,denver-vhf,True,female,VHF,manual_segmentation,source-buffer-checked; anatomical-review-pending,CC-BY-4.0,1
FMA:42855|right,denver-vhf,True,female,VHF,manual_segmentation,source-buffer-checked; anatomical-review-pending,CC-BY-4.0,1
FMA:44122|right,denver-vhf,True,female,VHF,manual_segmentation,source-buffer-checked; anatomical-review-pending,CC-BY-4.0,1
FMA:33931|right,denver-vhf,True,female,VHF,manual_segmentation,source-buffer-checked; anatomical-review-pending,CC-BY-4.0,1
FMA:311399|right,denver-vhf,True,female,VHF,manual_segmentation,source-buffer-checked; anatomical-review-pending,CC-BY-4.0,1
FMA:311392|right,denver-vhf,True,female,VHF,manual_segmentation,source-buffer-checked; anatomical-review-pending,CC-BY-4.0,1
UBERON:0003671|right,denver-vhf,True,female,VHF,manual_segmentation,source-buffer-checked; anatomical-review-pending,CC-BY-4.0,1
FMA:9660|right,denver-vhf,True,female,VHF,manual_segmentation,source-buffer-checked; anatomical-review-pending,CC-BY-4.0,1
FMA:44600|right,denver-vhf,True,female,VHF,manual_segmentation,source-buffer-checked; anatomical-review-pending,CC-BY-4.0,1
UBERON:0003680|right,denver-vhf,True,female,VHF,manual_segmentation,source-buffer-checked; anatomical-review-pending,CC-BY-4.0,1
UBERON:0000368|right,denver-vhf,True,female,VHF,manual_segmentation,source-buffer-checked; anatomical-review-pending,CC-BY-4.0,1
UBERON:0000303|right,denver-vhf,True,female,VHF,manual_segmentation,source-buffer-checked; anatomical-review-pending,CC-BY-4.0,1
UBERON:0000370|right,denver-vhf,True,female,VHF,manual_segmentation,source-buffer-checked; anatomical-review-pending,CC-BY-4.0,1
FMA:45887|right,denver-vhf,True,female,VHF,manual_segmentation,source-buffer-checked; anatomical-review-pending,CC-BY-4.0,1
FMA:45890|right,denver-vhf,True,female,VHF,manual_segmentation,source-buffer-checked; anatomical-review-pending,CC-BY-4.0,1
UBERON:0001386|right,denver-vhf,True,female,VHF,manual_segmentation,source-buffer-checked; anatomical-review-pending,CC-BY-4.0,1
FMA:22533|right,denver-vhf,True,female,VHF,manual_segmentation,source-buffer-checked; anatomical-review-pending,CC-BY-4.0,1
UBERON:0001666|right,denver-vhf,True,female,VHF,manual_segmentation,source-buffer-checked; anatomical-review-pending,CC-BY-4.0,1
UBERON:0001392|right,denver-vhf,True,female,VHF,manual_segmentation,source-buffer-checked; anatomical-review-pending,CC-BY-4.0,1
UBERON:0011908|right,denver-vhf,True,female,VHF,manual_segmentation,source-buffer-checked; anatomical-review-pending,CC-BY-4.0,1
UBERON:0011907|right,denver-vhf,True,female,VHF,manual_segmentation,source-buffer-checked; anatomical-review-pending,CC-BY-4.0,1
UBERON:0001370|right,denver-vhf,True,female,VHF,manual_segmentation,source-buffer-checked; anatomical-review-pending,CC-BY-4.0,1
UBERON:0001371|right,denver-vhf,True,female,VHF,manual_segmentation,source-buffer-checked; anatomical-review-pending,CC-BY-4.0,1
UBERON:0008521|right,denver-vhf,True,female,VHF,manual_segmentation,source-buffer-checked; anatomical-review-pending,CC-BY-4.0,1
UBERON:0000950|right,denver-vhf,True,female,VHF,manual_segmentation,source-buffer-checked; anatomical-review-pending,CC-BY-4.0,1
UBERON:0001369|right,denver-vhf,True,female,VHF,manual_segmentation,source-buffer-checked; anatomical-review-pending,CC-BY-4.0,1
UBERON:0019202|right,denver-vhf,True,female,VHF,manual_segmentation,source-buffer-checked; anatomical-review-pending,CC-BY-4.0,1
UBERON:0001368|right,denver-vhf,True,female,VHF,manual_segmentation,source-buffer-checked; anatomical-review-pending,CC-BY-4.0,1
UBERON:0011048|right,denver-vhf,True,female,VHF,manual_segmentation,source-buffer-checked; anatomical-review-pending,CC-BY-4.0,1
UBERON:0001382|right,denver-vhf,True,female,VHF,manual_segmentation,source-buffer-checked; anatomical-review-pending,CC-BY-4.0,1
UBERON:0001387|right,denver-vhf,True,female,VHF,manual_segmentation,source-buffer-checked; anatomical-review-pending,CC-BY-4.0,1
UBERON:0008529|right,denver-vhf,True,female,VHF,manual_segmentation,source-buffer-checked; anatomical-review-pending,CC-BY-4.0,1
UBERON:0011905|right,denver-vhf,True,female,VHF,manual_segmentation,source-buffer-checked; anatomical-review-pending,CC-BY-4.0,1
UBERON:0001391|right,denver-vhf,True,female,VHF,manual_segmentation,source-buffer-checked; anatomical-review-pending,CC-BY-4.0,1
UBERON:0001298|right,denver-vhf,True,female,VHF,manual_segmentation,source-buffer-checked; anatomical-review-pending,CC-BY-4.0,1
UBERON:0008537|right,denver-vhf,True,female,VHF,manual_segmentation,source-buffer-checked; anatomical-review-pending,CC-BY-4.0,1
UBERON:0001378|right,denver-vhf,True,female,VHF,manual_segmentation,source-buffer-checked; anatomical-review-pending,CC-BY-4.0,1
UBERON:0001373|right,denver-vhf,True,female,VHF,manual_segmentation,source-buffer-checked; anatomical-review-pending,CC-BY-4.0,1
UBERON:0001381|right,denver-vhf,True,female,VHF,manual_segmentation,source-buffer-checked; anatomical-review-pending,CC-BY-4.0,1
UBERON:0001375|right,denver-vhf,True,female,VHF,manual_segmentation,source-buffer-checked; anatomical-review-pending,CC-BY-4.0,1
UBERON:0001389|right,denver-vhf,True,female,VHF,manual_segmentation,source-buffer-checked; anatomical-review-pending,CC-BY-4.0,1
UBERON:0019203|right,denver-vhf,True,female,VHF,manual_segmentation,source-buffer-checked; anatomical-review-pending,CC-BY-4.0,1
UBERON:0001376|right,denver-vhf,True,female,VHF,manual_segmentation,source-buffer-checked; anatomical-review-pending,CC-BY-4.0,1
UBERON:0001385|right,denver-vhf,True,female,VHF,manual_segmentation,source-buffer-checked; anatomical-review-pending,CC-BY-4.0,1
UBERON:0001667|right,denver-vhf,True,female,VHF,manual_segmentation,source-buffer-checked; anatomical-review-pending,CC-BY-4.0,1
UBERON:0014847|right,denver-vhf,True,female,VHF,manual_segmentation,source-buffer-checked; anatomical-review-pending,CC-BY-4.0,1
UBERON:0001379|right,denver-vhf,True,female,VHF,manual_segmentation,source-buffer-checked; anatomical-review-pending,CC-BY-4.0,1
UBERON:0001380|right,denver-vhf,True,female,VHF,manual_segmentation,source-buffer-checked; anatomical-review-pending,CC-BY-4.0,1
UBERON:0002106,nlm-vhf-ct,True,female,VHF,automatic_segmentation,source-buffer-checked; anatomical-review-pending,NLM-Terms-and-Conditions,2
UBERON:0002113|right,nlm-vhf-ct,True,female,VHF,automatic_segmentation,source-buffer-checked; anatomical-review-pending,NLM-Terms-and-Conditions,2
UBERON:0002113|left,nlm-vhf-ct,True,female,VHF,automatic_segmentation,source-buffer-checked; anatomical-review-pending,NLM-Terms-and-Conditions,2
UBERON:0002110,nlm-vhf-ct,True,female,VHF,automatic_segmentation,source-buffer-checked; anatomical-review-pending,NLM-Terms-and-Conditions,2
UBERON:0002107,nlm-vhf-ct,True,female,VHF,automatic_segmentation,source-buffer-checked; anatomical-review-pending,NLM-Terms-and-Conditions,2
UBERON:0000945,nlm-vhf-ct,True,female,VHF,automatic_segmentation,source-buffer-checked; anatomical-review-pending,NLM-Terms-and-Conditions,2
UBERON:0001264,nlm-vhf-ct,True,female,VHF,automatic_segmentation,source-buffer-checked; anatomical-review-pending,NLM-Terms-and-Conditions,2
UBERON:0002369|right,nlm-vhf-ct,True,female,VHF,automatic_segmentation,source-buffer-checked; anatomical-review-pending,NLM-Terms-and-Conditions,2
UBERON:0002369|left,nlm-vhf-ct,True,female,VHF,automatic_segmentation,source-buffer-checked; anatomical-review-pending,NLM-Terms-and-Conditions,2
UBERON:0008952|left,nlm-vhf-ct,True,female,VHF,automatic_segmentation,source-buffer-checked; anatomical-review-pending,NLM-Terms-and-Conditions,2
UBERON:0008953|left,nlm-vhf-ct,True,female,VHF,automatic_segmentation,source-buffer-checked; anatomical-review-pending,NLM-Terms-and-Conditions,2
UBERON:0002170|right,nlm-vhf-ct,True,female,VHF,automatic_segmentation,source-buffer-checked; anatomical-review-pending,NLM-Terms-and-Conditions,2
UBERON:0002174|right,nlm-vhf-ct,True,female,VHF,automatic_segmentation,source-buffer-checked; anatomical-review-pending,NLM-Terms-and-Conditions,2
UBERON:0002171|right,nlm-vhf-ct,True,female,VHF,automatic_segmentation,source-buffer-checked; anatomical-review-pending,NLM-Terms-and-Conditions,2
UBERON:0001043,nlm-vhf-ct,True,female,VHF,automatic_segmentation,source-buffer-checked; anatomical-review-pending,NLM-Terms-and-Conditions,2
UBERON:0003126,nlm-vhf-ct,True,female,VHF,automatic_segmentation,source-buffer-checked; anatomical-review-pending,NLM-Terms-and-Conditions,2
UBERON:0002046,nlm-vhf-ct,True,female,VHF,automatic_segmentation,source-buffer-checked; anatomical-review-pending,NLM-Terms-and-Conditions,2
UBERON:0002108,nlm-vhf-ct,True,female,VHF,automatic_segmentation,source-buffer-checked; anatomical-review-pending,NLM-Terms-and-Conditions,2
UBERON:0002114,nlm-vhf-ct,True,female,VHF,automatic_segmentation,source-buffer-checked; anatomical-review-pending,NLM-Terms-and-Conditions,2
UBERON:0001155,nlm-vhf-ct,True,female,VHF,automatic_segmentation,source-buffer-checked; anatomical-review-pending,NLM-Terms-and-Conditions,2
UBERON:0001255,nlm-vhf-ct,True,female,VHF,automatic_segmentation,source-buffer-checked; anatomical-review-pending,NLM-Terms-and-Conditions,2
UBERON:0003690,nlm-vhf-ct,True,female,VHF,automatic_segmentation,source-buffer-checked; anatomical-review-pending,NLM-Terms-and-Conditions,2
UBERON:0004622,nlm-vhf-ct,True,female,VHF,automatic_segmentation,source-buffer-checked; anatomical-review-pending,NLM-Terms-and-Conditions,2
UBERON:0004621,nlm-vhf-ct,True,female,VHF,automatic_segmentation,source-buffer-checked; anatomical-review-pending,NLM-Terms-and-Conditions,2
UBERON:0004620,nlm-vhf-ct,True,female,VHF,automatic_segmentation,source-buffer-checked; anatomical-review-pending,NLM-Terms-and-Conditions,2
UBERON:0004619,nlm-vhf-ct,True,female,VHF,automatic_segmentation,source-buffer-checked; anatomical-review-pending,NLM-Terms-and-Conditions,2
UBERON:0004618,nlm-vhf-ct,True,female,VHF,automatic_segmentation,source-buffer-checked; anatomical-review-pending,NLM-Terms-and-Conditions,2
UBERON:0004617,nlm-vhf-ct,True,female,VHF,automatic_segmentation,source-buffer-checked; anatomical-review-pending,NLM-Terms-and-Conditions,2
UBERON:0004636,nlm-vhf-ct,True,female,VHF,automatic_segmentation,source-buffer-checked; anatomical-review-pending,NLM-Terms-and-Conditions,2
UBERON:0004635,nlm-vhf-ct,True,female,VHF,automatic_segmentation,source-buffer-checked; anatomical-review-pending,NLM-Terms-and-Conditions,2
UBERON:0004634,nlm-vhf-ct,True,female,VHF,automatic_segmentation,source-buffer-checked; anatomical-review-pending,NLM-Terms-and-Conditions,2
UBERON:0004633,nlm-vhf-ct,True,female,VHF,automatic_segmentation,source-buffer-checked; anatomical-review-pending,NLM-Terms-and-Conditions,2
UBERON:0011050,nlm-vhf-ct,True,female,VHF,automatic_segmentation,source-buffer-checked; anatomical-review-pending,NLM-Terms-and-Conditions,2
UBERON:0004632,nlm-vhf-ct,True,female,VHF,automatic_segmentation,source-buffer-checked; anatomical-review-pending,NLM-Terms-and-Conditions,2
UBERON:0004631,nlm-vhf-ct,True,female,VHF,automatic_segmentation,source-buffer-checked; anatomical-review-pending,NLM-Terms-and-Conditions,2
UBERON:0004630,nlm-vhf-ct,True,female,VHF,automatic_segmentation,source-buffer-checked; anatomical-review-pending,NLM-Terms-and-Conditions,2
UBERON:0004629,nlm-vhf-ct,True,female,VHF,automatic_segmentation,source-buffer-checked; anatomical-review-pending,NLM-Terms-and-Conditions,2
UBERON:0004628,nlm-vhf-ct,True,female,VHF,automatic_segmentation,source-buffer-checked; anatomical-review-pending,NLM-Terms-and-Conditions,2
UBERON:0004627,nlm-vhf-ct,True,female,VHF,automatic_segmentation,source-buffer-checked; anatomical-review-pending,NLM-Terms-and-Conditions,2
UBERON:0004626,nlm-vhf-ct,True,female,VHF,automatic_segmentation,source-buffer-checked; anatomical-review-pending,NLM-Terms-and-Conditions,2
UBERON:0004616,nlm-vhf-ct,True,female,VHF,automatic_segmentation,source-buffer-checked; anatomical-review-pending,NLM-Terms-and-Conditions,2
UBERON:0004615,nlm-vhf-ct,True,female,VHF,automatic_segmentation,source-buffer-checked; anatomical-review-pending,NLM-Terms-and-Conditions,2
UBERON:0004614,nlm-vhf-ct,True,female,VHF,automatic_segmentation,source-buffer-checked; anatomical-review-pending,NLM-Terms-and-Conditions,2
UBERON:0004613,nlm-vhf-ct,True,female,VHF,automatic_segmentation,source-buffer-checked; anatomical-review-pending,NLM-Terms-and-Conditions,2
UBERON:0004612,nlm-vhf-ct,True,female,VHF,automatic_segmentation,source-buffer-checked; anatomical-review-pending,NLM-Terms-and-Conditions,2
UBERON:0001093,nlm-vhf-ct,True,female,VHF,automatic_segmentation,source-buffer-checked; anatomical-review-pending,NLM-Terms-and-Conditions,2
UBERON:0001092,nlm-vhf-ct,True,female,VHF,automatic_segmentation,source-buffer-checked; anatomical-review-pending,NLM-Terms-and-Conditions,2
UBERON:0000948,nlm-vhf-ct,True,female,VHF,automatic_segmentation,source-buffer-checked; anatomical-review-pending,NLM-Terms-and-Conditions,2
UBERON:0000947,nlm-vhf-ct,True,female,VHF,automatic_segmentation,source-buffer-checked; anatomical-review-pending,NLM-Terms-and-Conditions,2
UBERON:0002016,nlm-vhf-ct,True,female,VHF,automatic_segmentation,source-buffer-checked; anatomical-review-pending,NLM-Terms-and-Conditions,2
UBERON:0001529,nlm-vhf-ct,True,female,VHF,automatic_segmentation,source-buffer-checked; anatomical-review-pending,NLM-Terms-and-Conditions,2
UBERON:0001533|right,nlm-vhf-ct,True,female,VHF,automatic_segmentation,source-buffer-checked; anatomical-review-pending,NLM-Terms-and-Conditions,2
UBERON:0001533|left,nlm-vhf-ct,True,female,VHF,automatic_segmentation,source-buffer-checked; anatomical-review-pending,NLM-Terms-and-Conditions,2
UBERON:0010197|right,nlm-vhf-ct,True,female,VHF,automatic_segmentation,source-buffer-checked; anatomical-review-pending,NLM-Terms-and-Conditions,2
UBERON:0010197|left,nlm-vhf-ct,True,female,VHF,automatic_segmentation,source-buffer-checked; anatomical-review-pending,NLM-Terms-and-Conditions,2
UBERON:0003711|left,nlm-vhf-ct,True,female,VHF,automatic_segmentation,source-buffer-checked; anatomical-review-pending,NLM-Terms-and-Conditions,2
UBERON:0003711|right,nlm-vhf-ct,True,female,VHF,automatic_segmentation,source-buffer-checked; anatomical-review-pending,NLM-Terms-and-Conditions,2
UBERON:0006630|left,nlm-vhf-ct,True,female,VHF,automatic_segmentation,source-buffer-checked; anatomical-review-pending,NLM-Terms-and-Conditions,2
UBERON:0001585,nlm-vhf-ct,True,female,VHF,automatic_segmentation,source-buffer-checked; anatomical-review-pending,NLM-Terms-and-Conditions,2
UBERON:0001072,nlm-vhf-ct,True,female,VHF,automatic_segmentation,source-buffer-checked; anatomical-review-pending,NLM-Terms-and-Conditions,2
NLMCT:VHF:portal_vein_and_splenic_vein,nlm-vhf-ct,True,female,VHF,automatic_segmentation,source-buffer-checked; anatomical-review-pending,NLM-Terms-and-Conditions,2
UBERON:0001191|left,nlm-vhf-ct,True,female,VHF,automatic_segmentation,source-buffer-checked; anatomical-review-pending,NLM-Terms-and-Conditions,2
UBERON:0001191|right,nlm-vhf-ct,True,female,VHF,automatic_segmentation,source-buffer-checked; anatomical-review-pending,NLM-Terms-and-Conditions,2
UBERON:0001139|left,nlm-vhf-ct,True,female,VHF,automatic_segmentation,source-buffer-checked; anatomical-review-pending,NLM-Terms-and-Conditions,2
UBERON:0001139|right,nlm-vhf-ct,True,female,VHF,automatic_segmentation,source-buffer-checked; anatomical-review-pending,NLM-Terms-and-Conditions,2
UBERON:0000976|left,nlm-vhf-ct,True,female,VHF,automatic_segmentation,source-buffer-checked; anatomical-review-pending,NLM-Terms-and-Conditions,2
UBERON:0000976|right,nlm-vhf-ct,True,female,VHF,automatic_segmentation,source-buffer-checked; anatomical-review-pending,NLM-Terms-and-Conditions,2
UBERON:0006849|left,nlm-vhf-ct,True,female,VHF,automatic_segmentation,source-buffer-checked; anatomical-review-pending,NLM-Terms-and-Conditions,2
UBERON:0006849|right,nlm-vhf-ct,True,female,VHF,automatic_segmentation,source-buffer-checked; anatomical-review-pending,NLM-Terms-and-Conditions,2
UBERON:0001105|left,nlm-vhf-ct,True,female,VHF,automatic_segmentation,source-buffer-checked; anatomical-review-pending,NLM-Terms-and-Conditions,2
UBERON:0001105|right,nlm-vhf-ct,True,female,VHF,automatic_segmentation,source-buffer-checked; anatomical-review-pending,NLM-Terms-and-Conditions,2
UBERON:0000981|left,nlm-vhf-ct,True,female,VHF,automatic_segmentation,source-buffer-checked; anatomical-review-pending,NLM-Terms-and-Conditions,2
UBERON:0000981|right,nlm-vhf-ct,True,female,VHF,automatic_segmentation,source-buffer-checked; anatomical-review-pending,NLM-Terms-and-Conditions,2
UBERON:0001272|left,nlm-vhf-ct,True,female,VHF,automatic_segmentation,source-buffer-checked; anatomical-review-pending,NLM-Terms-and-Conditions,2
UBERON:0001272|right,nlm-vhf-ct,True,female,VHF,automatic_segmentation,source-buffer-checked; anatomical-review-pending,NLM-Terms-and-Conditions,2
UBERON:0002240,nlm-vhf-ct,True,female,VHF,automatic_segmentation,source-buffer-checked; anatomical-review-pending,NLM-Terms-and-Conditions,2
UBERON:0001370|left,nlm-vhf-ct,True,female,VHF,automatic_segmentation,source-buffer-checked; anatomical-review-pending,NLM-Terms-and-Conditions,2
UBERON:0001370|right,nlm-vhf-ct,True,female,VHF,automatic_segmentation,source-buffer-checked; anatomical-review-pending,NLM-Terms-and-Conditions,2
UBERON:0001371|left,nlm-vhf-ct,True,female,VHF,automatic_segmentation,source-buffer-checked; anatomical-review-pending,NLM-Terms-and-Conditions,2
UBERON:0001371|right,nlm-vhf-ct,True,female,VHF,automatic_segmentation,source-buffer-checked; anatomical-review-pending,NLM-Terms-and-Conditions,2
UBERON:0008521|left,nlm-vhf-ct,True,female,VHF,automatic_segmentation,source-buffer-checked; anatomical-review-pending,NLM-Terms-and-Conditions,2
UBERON:0008521|right,nlm-vhf-ct,True,female,VHF,automatic_segmentation,source-buffer-checked; anatomical-review-pending,NLM-Terms-and-Conditions,2
UBERON:0002462|left,nlm-vhf-ct,True,female,VHF,automatic_segmentation,source-buffer-checked; anatomical-review-pending,NLM-Terms-and-Conditions,2
UBERON:0002462|right,nlm-vhf-ct,True,female,VHF,automatic_segmentation,source-buffer-checked; anatomical-review-pending,NLM-Terms-and-Conditions,2
UBERON:0001999|left,nlm-vhf-ct,True,female,VHF,automatic_segmentation,source-buffer-checked; anatomical-review-pending,NLM-Terms-and-Conditions,2
UBERON:0001999|right,nlm-vhf-ct,True,female,VHF,automatic_segmentation,source-buffer-checked; anatomical-review-pending,NLM-Terms-and-Conditions,2
UBERON:0000955,nlm-vhf-ct,True,female,VHF,automatic_segmentation,source-buffer-checked; anatomical-review-pending,NLM-Terms-and-Conditions,2
UBERON:0003129,nlm-vhf-ct,True,female,VHF,automatic_segmentation,source-buffer-checked; anatomical-review-pending,NLM-Terms-and-Conditions,2
UBERON:0004601|left,nlm-vhf-ct,True,female,VHF,automatic_segmentation,source-buffer-checked; anatomical-review-pending,NLM-Terms-and-Conditions,2
UBERON:0004602|left,nlm-vhf-ct,True,female,VHF,automatic_segmentation,source-buffer-checked; anatomical-review-pending,NLM-Terms-and-Conditions,2
UBERON:0004603|left,nlm-vhf-ct,True,female,VHF,automatic_segmentation,source-buffer-checked; anatomical-review-pending,NLM-Terms-and-Conditions,2
UBERON:0004604|left,nlm-vhf-ct,True,female,VHF,automatic_segmentation,source-buffer-checked; anatomical-review-pending,NLM-Terms-and-Conditions,2
UBERON:0004605|left,nlm-vhf-ct,True,female,VHF,automatic_segmentation,source-buffer-checked; anatomical-review-pending,NLM-Terms-and-Conditions,2
UBERON:0004606|left,nlm-vhf-ct,True,female,VHF,automatic_segmentation,source-buffer-checked; anatomical-review-pending,NLM-Terms-and-Conditions,2
UBERON:0004607|left,nlm-vhf-ct,True,female,VHF,automatic_segmentation,source-buffer-checked; anatomical-review-pending,NLM-Terms-and-Conditions,2
UBERON:0010757|left,nlm-vhf-ct,True,female,VHF,automatic_segmentation,source-buffer-checked; anatomical-review-pending,NLM-Terms-and-Conditions,2
UBERON:0004608|left,nlm-vhf-ct,True,female,VHF,automatic_segmentation,source-buffer-checked; anatomical-review-pending,NLM-Terms-and-Conditions,2
UBERON:0004609|left,nlm-vhf-ct,True,female,VHF,automatic_segmentation,source-buffer-checked; anatomical-review-pending,NLM-Terms-and-Conditions,2
UBERON:0004610|left,nlm-vhf-ct,True,female,VHF,automatic_segmentation,source-buffer-checked; anatomical-review-pending,NLM-Terms-and-Conditions,2
UBERON:0004611|left,nlm-vhf-ct,True,female,VHF,automatic_segmentation,source-buffer-checked; anatomical-review-pending,NLM-Terms-and-Conditions,2
UBERON:0004601|right,nlm-vhf-ct,True,female,VHF,automatic_segmentation,source-buffer-checked; anatomical-review-pending,NLM-Terms-and-Conditions,2
UBERON:0004602|right,nlm-vhf-ct,True,female,VHF,automatic_segmentation,source-buffer-checked; anatomical-review-pending,NLM-Terms-and-Conditions,2
UBERON:0004603|right,nlm-vhf-ct,True,female,VHF,automatic_segmentation,source-buffer-checked; anatomical-review-pending,NLM-Terms-and-Conditions,2
UBERON:0004604|right,nlm-vhf-ct,True,female,VHF,automatic_segmentation,source-buffer-checked; anatomical-review-pending,NLM-Terms-and-Conditions,2
UBERON:0004605|right,nlm-vhf-ct,True,female,VHF,automatic_segmentation,source-buffer-checked; anatomical-review-pending,NLM-Terms-and-Conditions,2
UBERON:0004606|right,nlm-vhf-ct,True,female,VHF,automatic_segmentation,source-buffer-checked; anatomical-review-pending,NLM-Terms-and-Conditions,2
UBERON:0004607|right,nlm-vhf-ct,True,female,VHF,automatic_segmentation,source-buffer-checked; anatomical-review-pending,NLM-Terms-and-Conditions,2
UBERON:0010757|right,nlm-vhf-ct,True,female,VHF,automatic_segmentation,source-buffer-checked; anatomical-review-pending,NLM-Terms-and-Conditions,2
UBERON:0004608|right,nlm-vhf-ct,True,female,VHF,automatic_segmentation,source-buffer-checked; anatomical-review-pending,NLM-Terms-and-Conditions,2
UBERON:0004609|right,nlm-vhf-ct,True,female,VHF,automatic_segmentation,source-buffer-checked; anatomical-review-pending,NLM-Terms-and-Conditions,2
UBERON:0004610|right,nlm-vhf-ct,True,female,VHF,automatic_segmentation,source-buffer-checked; anatomical-review-pending,NLM-Terms-and-Conditions,2
UBERON:0004611|right,nlm-vhf-ct,True,female,VHF,automatic_segmentation,source-buffer-checked; anatomical-review-pending,NLM-Terms-and-Conditions,2
UBERON:0000975,nlm-vhf-ct,True,female,VHF,automatic_segmentation,source-buffer-checked; anatomical-review-pending,NLM-Terms-and-Conditions,2
UBERON:0002236,nlm-vhf-ct,True,female,VHF,automatic_segmentation,source-buffer-checked; anatomical-review-pending,NLM-Terms-and-Conditions,2
