canonical_id,name,uberon,fma,ta2,system,laterality,scope
UBERON:0002097,skin of body,UBERON:0002097,,,integumentary,unspecified,direct-source-geometry
FMA:73166|left,Interlobar adipose tissue of left mammary gland,,FMA:73166,,integumentary,left,direct-source-geometry
UBERON:0011828,areolar tubercle,UBERON:0011828,,,integumentary,unspecified,direct-source-geometry
UBERON:0013772|left,left nipple,UBERON:0013772,,,integumentary,left,direct-source-geometry
FMA:223679|left,Left female areola,,FMA:223679,,integumentary,left,direct-source-geometry
UBERON:0018140,mammary lobe,UBERON:0018140,,,integumentary,unspecified,direct-source-geometry
UBERON:0015134,main lactiferous duct,UBERON:0015134,,,integumentary,unspecified,direct-source-geometry
FMA:58088,Lactiferous sinus,,FMA:58088,,integumentary,unspecified,direct-source-geometry
FMA:73119|left,Suspensory ligament of left breast,,FMA:73119,,integumentary,left,direct-source-geometry
FMA:73165|right,Interlobar adipose tissue of right mammary gland,,FMA:73165,,integumentary,right,direct-source-geometry
UBERON:0013773|right,right nipple,UBERON:0013773,,,integumentary,right,direct-source-geometry
FMA:223677|right,Right female areola,,FMA:223677,,integumentary,right,direct-source-geometry
FMA:73118|right,Suspensory ligament of right breast,,FMA:73118,,integumentary,right,direct-source-geometry
FMA:58302|right,Right retina,,FMA:58302,,sensory,right,direct-source-geometry
FMA:58661|right,Right fovea centralis,,FMA:58661,,sensory,right,direct-source-geometry
FMA:58638|right,Right macula lutea,,FMA:58638,,sensory,right,direct-source-geometry
FMA:58635|right,Right optic disc,,FMA:58635,,sensory,right,direct-source-geometry
FMA:223076|right,Palpebral conjunctiva of right upper eyelid,,FMA:223076,,sensory,right,direct-source-geometry
FMA:223074|right,Palpebral conjunctiva of right lower eyelid,,FMA:223074,,sensory,right,direct-source-geometry
FMA:58271|right,Right sclera,,FMA:58271,,sensory,right,direct-source-geometry
FMA:58299|right,Right choroid,,FMA:58299,,sensory,right,direct-source-geometry
UBERON:0010224|right,right pupil,UBERON:0010224,,,sensory,right,direct-source-geometry
UBERON:0010427,ciliary processes,UBERON:0010427,,,sensory,unspecified,direct-source-geometry
FMA:58839|right,Suspensory ligament of right lens,,FMA:58839,,sensory,right,direct-source-geometry
FMA:58601|right,Right ora serrata,,FMA:58601,,sensory,right,direct-source-geometry
FMA:58343|right,Right corneoscleral junction,,FMA:58343,,sensory,right,direct-source-geometry
FMA:58242|right,Right lens,,FMA:58242,,sensory,right,direct-source-geometry
FMA:51874|right,Right scleral venous sinus,,FMA:51874,,sensory,right,direct-source-geometry
FMA:58820|right,Aqueous humor of right eyeball,,FMA:58820,,sensory,right,direct-source-geometry
FMA:58296|right,Right ciliary body,,FMA:58296,,sensory,right,direct-source-geometry
FMA:49152|right,Right ciliary muscle,,FMA:49152,,sensory,right,direct-source-geometry
UBERON:0005969,eye trabecular meshwork,UBERON:0005969,,,sensory,unspecified,direct-source-geometry
FMA:58236|right,Right iris,,FMA:58236,,sensory,right,direct-source-geometry
FMA:59028|right,Right bulbar conjunctiva,,FMA:59028,,sensory,right,direct-source-geometry
FMA:58239|right,Right cornea,,FMA:58239,,sensory,right,direct-source-geometry
FMA:261236|right,Humor of right vitreous body,,FMA:261236,,sensory,right,direct-source-geometry
FMA:58303|left,Left retina,,FMA:58303,,sensory,left,direct-source-geometry
FMA:58663|left,Left fovea centralis,,FMA:58663,,sensory,left,direct-source-geometry
FMA:58639|left,Left macula lutea,,FMA:58639,,sensory,left,direct-source-geometry
FMA:58636|left,Left optic disc,,FMA:58636,,sensory,left,direct-source-geometry
FMA:223078|left,Palpebral conjunctiva of left upper eyelid,,FMA:223078,,sensory,left,direct-source-geometry
FMA:223075|left,Palpebral conjunctiva of left lower eyelid,,FMA:223075,,sensory,left,direct-source-geometry
FMA:261238|left,Humor of left vitreous body,,FMA:261238,,sensory,left,direct-source-geometry
FMA:58240|left,Left cornea,,FMA:58240,,sensory,left,direct-source-geometry
FMA:59029|left,Left bulbar conjunctiva,,FMA:59029,,sensory,left,direct-source-geometry
FMA:58237|left,Left iris,,FMA:58237,,sensory,left,direct-source-geometry
FMA:58297|left,Left ciliary body,,FMA:58297,,sensory,left,direct-source-geometry
FMA:49153|left,Left ciliary muscle,,FMA:49153,,sensory,left,direct-source-geometry
FMA:58821|left,Aqueous humor of left eyeball,,FMA:58821,,sensory,left,direct-source-geometry
FMA:51875|left,Left scleral venous sinus,,FMA:51875,,sensory,left,direct-source-geometry
FMA:58243|left,Left lens,,FMA:58243,,sensory,left,direct-source-geometry
FMA:58344|left,Left corneoscleral junction,,FMA:58344,,sensory,left,direct-source-geometry
FMA:58602|left,Left ora serrata,,FMA:58602,,sensory,left,direct-source-geometry
FMA:58840|left,Suspensory ligament of left lens,,FMA:58840,,sensory,left,direct-source-geometry
UBERON:0010223|left,left pupil,UBERON:0010223,,,sensory,left,direct-source-geometry
FMA:58300|left,Left choroid,,FMA:58300,,sensory,left,direct-source-geometry
FMA:58272|left,Left sclera,,FMA:58272,,sensory,left,direct-source-geometry
UBERON:0002363,dura mater,UBERON:0002363,,,sensory,unspecified,direct-source-geometry
FMA:50875|right,Right optic nerve,,FMA:50875,,sensory,right,direct-source-geometry
FMA:50878|left,Left optic nerve,,FMA:50878,,sensory,left,direct-source-geometry
UBERON:0000959,optic chiasma,UBERON:0000959,,,sensory,unspecified,direct-source-geometry
UBERON:0002264,olfactory bulb,UBERON:0002264,,,nervous,unspecified,direct-source-geometry
UBERON:0002266,anterior olfactory nucleus,UBERON:0002266,,,nervous,unspecified,direct-source-geometry
UBERON:0004725,piriform cortex,UBERON:0004725,,,nervous,unspecified,direct-source-geometry
HRA:Allen_frontal_agranular_insular_cortex_area_Fl_L|left,frontal agranular insular cortex area Fl (left),,,,nervous,left,direct-source-geometry
HRA:Allen_temporal_agranular_insular_cortex_area_Tl_L|left,temporal agranular insular cortex area Tl (left),,,,nervous,left,direct-source-geometry
HRA:Allen_head_of_caudate_L|left,head of caudate (left),,,,nervous,left,direct-source-geometry
HRA:Allen_body_of_caudate_L|left,body of caudate (left),,,,nervous,left,direct-source-geometry
HRA:Allen_tail_of_caudate_L|left,tail of caudate (left),,,,nervous,left,direct-source-geometry
UBERON:0008884|left,left putamen,UBERON:0008884,,,nervous,left,direct-source-geometry
HRA:Allen_nucleus_accumbens_L|left,nucleus accumbens (left),,,,nervous,left,direct-source-geometry
HRA:Allen_external_segment_of_globus_pallidus_L|left,external segment of globus pallidus (left),,,,nervous,left,direct-source-geometry
HRA:Allen_internal_segment_of_globus_pallidus_L|left,internal segment of globus pallidus (left),,,,nervous,left,direct-source-geometry
HRA:Allen_claustrum_L|left,claustrum (left),,,,nervous,left,direct-source-geometry
HRA:Allen_basal_forebrain_L|left,basal forebrain (left),,,,nervous,left,direct-source-geometry
HRA:Allen_septal_nuclei_L|left,septal nuclei (left),,,,nervous,left,direct-source-geometry
HRA:Allen_amygdaloid_complex_L|left,amygdaloid complex (left),,,,nervous,left,direct-source-geometry
HRA:Allen_anterior_amygdaloid_area_L|left,anterior amygdaloid area (left),,,,nervous,left,direct-source-geometry
HRA:Allen_central_nuclear_group_L|left,central nuclear group (left),,,,sensory,left,direct-source-geometry
HRA:Allen_lateral_nucleus_L|left,lateral nucleus (left),,,,nervous,left,direct-source-geometry
HRA:Allen_basolateral_nucleus_basal_nucleus_L|left,basolateral nucleus basal nucleus (left),,,,nervous,left,direct-source-geometry
HRA:Allen_basomedial_nucleus_accessory_basal_nucleus_L|left,basomedial nucleus accessory basal nucleus (left),,,,nervous,left,direct-source-geometry
HRA:Allen_anterior_cortical_nucleus_L|left,anterior cortical nucleus (left),,,,nervous,left,direct-source-geometry
HRA:Allen_posterior_cortical_nucleus_L|left,posterior cortical nucleus (left),,,,nervous,left,direct-source-geometry
HRA:Allen_medial_nucleus_L|left,medial nucleus (left),,,,nervous,left,direct-source-geometry
HRA:Allen_amygdalohippocampal_area_L|left,amygdalohippocampal area (left),,,,nervous,left,direct-source-geometry
HRA:Allen_bed_nucleus_of_stria_terminalis_L|left,bed nucleus of stria terminalis (left),,,,nervous,left,direct-source-geometry
HRA:Allen_thalamus_L|left,thalamus (left),,,,nervous,left,direct-source-geometry
HRA:Allen_anterior_nuclear_complex_of_thalamus_L|left,anterior nuclear complex of thalamus (left),,,,sensory,left,direct-source-geometry
HRA:Allen_lateral_dorsal_nucleus_of_thalamus_L|left,lateral dorsal nucleus of thalamus (left),,,,nervous,left,direct-source-geometry
HRA:Allen_mediodorsal_nucleus_of_thalamus_L|left,mediodorsal nucleus of thalamus (left),,,,nervous,left,direct-source-geometry
HRA:Allen_reuniens_nucleus_medioventral_nucleus_of_thalamus_L|left,reuniens nucleus medioventral nucleus of thalamus (left),,,,nervous,left,direct-source-geometry
HRA:Allen_lateral_posterior_nucleus_of_thalamus_L|left,lateral posterior nucleus of thalamus (left),,,,nervous,left,direct-source-geometry
HRA:Allen_pulvinar_of_thalamus_L|left,pulvinar of thalamus (left),,,,nervous,left,direct-source-geometry
HRA:Allen_ventral_anterior_nucleus_of_thalamus_L|left,ventral anterior nucleus of thalamus (left),,,,nervous,left,direct-source-geometry
HRA:Allen_ventral_lateral_nucleus_of_thalamus_L|left,ventral lateral nucleus of thalamus (left),,,,nervous,left,direct-source-geometry
HRA:Allen_ventral_posterior_lateral_nucleus_L|left,ventral posterior lateral nucleus (left),,,,nervous,left,direct-source-geometry
HRA:Allen_ventral_posterior_medial_nucleus_L|left,ventral posterior medial nucleus (left),,,,nervous,left,direct-source-geometry
HRA:Allen_dorsal_lateral_geniculate_nucleus_L|left,dorsal lateral geniculate nucleus (left),,,,nervous,left,direct-source-geometry
HRA:Allen_medial_geniculate_nuclei_L|left,medial geniculate nuclei (left),,,,nervous,left,direct-source-geometry
HRA:Allen_centromedian_nucleus_of_thalamus_L|left,centromedian nucleus of thalamus (left),,,,nervous,left,direct-source-geometry
HRA:Allen_parafascicular_nucleus_of_thalamus_L|left,parafascicular nucleus of thalamus (left),,,,nervous,left,direct-source-geometry
HRA:Allen_habenular_nuclei_L|left,habenular nuclei (left),,,,nervous,left,direct-source-geometry
UBERON:0001905,pineal body,UBERON:0001905,,,nervous,unspecified,direct-source-geometry
HRA:Allen_zona_incerta_L|left,zona incerta (left),,,,nervous,left,direct-source-geometry
HRA:Allen_supraoptic_region_of_HTH_L|left,supraoptic region of HTH (left),,,,sensory,left,direct-source-geometry
HRA:Allen_preoptic_region_of_HTH_L|left,preoptic region of HTH (left),,,,sensory,left,direct-source-geometry
HRA:Allen_tuberal_region_of_HTH_L|left,tuberal region of HTH (left),,,,nervous,left,direct-source-geometry
HRA:Allen_white_matter_of_forebrain_L|left,white matter of forebrain (left),,,,nervous,left,direct-source-geometry
UBERON:0000935,anterior commissure,UBERON:0000935,,,nervous,unspecified,direct-source-geometry
UBERON:0002336,corpus callosum,UBERON:0002336,,,nervous,unspecified,direct-source-geometry
UBERON:0000052,fornix of brain,UBERON:0000052,,,nervous,unspecified,direct-source-geometry
HRA:Allen_mammillothalamic_tract_L|left,mammillothalamic tract (left),,,,nervous,left,direct-source-geometry
UBERON:0001908,optic tract,UBERON:0001908,,,sensory,unspecified,direct-source-geometry
HRA:Allen_anterior_horn_of_lateral_ventricle_L|left,anterior horn of lateral ventricle (left),,,,nervous,left,direct-source-geometry
HRA:Allen_body_of_lateral_ventricle_L|left,body of lateral ventricle (left),,,,nervous,left,direct-source-geometry
HRA:Allen_posterior_horn_of_lateral_ventricle_L|left,posterior horn of lateral ventricle (left),,,,nervous,left,direct-source-geometry
HRA:Allen_inferior_horn_of_lateral_ventricle_L|left,inferior horn of lateral ventricle (left),,,,nervous,left,direct-source-geometry
HRA:Allen_third_ventricle_L|left,third ventricle (left),,,,nervous,left,direct-source-geometry
UBERON:0004720,cerebellar vermis,UBERON:0004720,,,nervous,unspecified,direct-source-geometry
HRA:Allen_cerebellar_deep_nuclei_L|left,cerebellar deep nuclei (left),,,,nervous,left,direct-source-geometry
HRA:Allen_white_matter_of_hindbrain_L|left,white matter of hindbrain (left),,,,nervous,left,direct-source-geometry
HRA:Allen_olfactory_tract_L|left,olfactory tract (left),,,,nervous,left,direct-source-geometry
UBERON:0002703,precentral gyrus,UBERON:0002703,,,nervous,unspecified,direct-source-geometry
UBERON:0002661,superior frontal gyrus,UBERON:0002661,,,nervous,unspecified,direct-source-geometry
UBERON:0002702,middle frontal gyrus,UBERON:0002702,,,nervous,unspecified,direct-source-geometry
UBERON:0002629,triangular part of inferior frontal gyrus,UBERON:0002629,,,nervous,unspecified,direct-source-geometry
UBERON:0002980,opercular part of inferior frontal gyrus,UBERON:0002980,,,nervous,unspecified,direct-source-geometry
UBERON:0004671,gyrus rectus,UBERON:0004671,,,nervous,unspecified,direct-source-geometry
UBERON:0002570,medial orbital gyrus,UBERON:0002570,,,nervous,unspecified,direct-source-geometry
UBERON:0002644,intermediate orbital gyrus,UBERON:0002644,,,nervous,unspecified,direct-source-geometry
UBERON:0002564,lateral orbital gyrus,UBERON:0002564,,,nervous,unspecified,direct-source-geometry
UBERON:0035932,anterior segment of paracentral lobule,UBERON:0035932,,,nervous,unspecified,direct-source-geometry
UBERON:0002947,frontal operculum,UBERON:0002947,,,nervous,unspecified,direct-source-geometry
UBERON:0002581,postcentral gyrus,UBERON:0002581,,,nervous,unspecified,direct-source-geometry
HRA:Allen_supraparietal_lobule_L|left,supraparietal lobule (left),,,,nervous,left,direct-source-geometry
HRA:Allen_supramarginal_gyrus_L|left,supramarginal gyrus (left),,,,nervous,left,direct-source-geometry
HRA:Allen_angular_gyrus_L|left,angular gyrus (left),,,,nervous,left,direct-source-geometry
UBERON:0006093,precuneus cortex,UBERON:0006093,,,nervous,unspecified,direct-source-geometry
HRA:Allen_paracentral_lobule_caudal_part_L|left,paracentral lobule caudal part (left),,,,nervous,left,direct-source-geometry
UBERON:0002769,superior temporal gyrus,UBERON:0002769,,,nervous,unspecified,direct-source-geometry
UBERON:0002771,middle temporal gyrus,UBERON:0002771,,,nervous,unspecified,direct-source-geometry
UBERON:0002751,inferior temporal gyrus,UBERON:0002751,,,nervous,unspecified,direct-source-geometry
HRA:Allen_occipitotemporal_fusiform_gyrus_temporal_part_L|left,occipitotemporal fusiform gyrus temporal part (left),,,,nervous,left,direct-source-geometry
HRA:Allen_transverse_temporal_gyrus_Heschls_gyrus_L|left,transverse temporal gyrus Heschls gyrus (left),,,,nervous,left,direct-source-geometry
UBERON:0022268,planum temporale,UBERON:0022268,,,nervous,unspecified,direct-source-geometry
UBERON:0002576,temporal pole,UBERON:0002576,,,nervous,unspecified,direct-source-geometry
UBERON:0023861,planum polare,UBERON:0023861,,,nervous,unspecified,direct-source-geometry
UBERON:0002902,occipital pole,UBERON:0002902,,,nervous,unspecified,direct-source-geometry
UBERON:0006092,cuneus cortex,UBERON:0006092,,,nervous,unspecified,direct-source-geometry
UBERON:0002943,lingual gyrus,UBERON:0002943,,,nervous,unspecified,direct-source-geometry
UBERON:0022364,occipital fusiform gyrus,UBERON:0022364,,,nervous,unspecified,direct-source-geometry
UBERON:0014608,inferior occipital gyrus,UBERON:0014608,,,nervous,unspecified,direct-source-geometry
UBERON:0002948,superior occipital gyrus,UBERON:0002948,,,nervous,unspecified,direct-source-geometry
UBERON:0002756,anterior cingulate gyrus,UBERON:0002756,,,nervous,unspecified,direct-source-geometry
UBERON:0002740,posterior cingulate gyrus,UBERON:0002740,,,nervous,unspecified,direct-source-geometry
UBERON:0002738,isthmus of cingulate gyrus,UBERON:0002738,,,nervous,unspecified,direct-source-geometry
UBERON:0003020,subcallosal area,UBERON:0003020,,,nervous,unspecified,direct-source-geometry
UBERON:0022383,anterior parahippocampal gyrus,UBERON:0022383,,,nervous,unspecified,direct-source-geometry
UBERON:0002657,posterior parahippocampal gyrus,UBERON:0002657,,,nervous,unspecified,direct-source-geometry
HRA:Allen_gyrus_ambiens_L|left,gyrus ambiens (left),,,,nervous,left,direct-source-geometry
HRA:Allen_head_of_hippocampus_L|left,head of hippocampus (left),,,,nervous,left,direct-source-geometry
HRA:Allen_body_of_hippocampus_L|left,body of hippocampus (left),,,,nervous,left,direct-source-geometry
HRA:Allen_tail_of_hippocampus_L|left,tail of hippocampus (left),,,,nervous,left,direct-source-geometry
HRA:Allen_long_insular_gyri_L|left,long insular gyri (left),,,,nervous,left,direct-source-geometry
HRA:Allen_short_insular_gyri_L|left,short insular gyri (left),,,,nervous,left,direct-source-geometry
HRA:Allen_limen_insula_L|left,limen insula (left),,,,nervous,left,direct-source-geometry
HRA:Allen_pretectal_region_L|left,pretectal region (left),,,,nervous,left,direct-source-geometry
UBERON:0002038,substantia nigra,UBERON:0002038,,,nervous,unspecified,direct-source-geometry
UBERON:0001945,superior colliculus,UBERON:0001945,,,nervous,unspecified,direct-source-geometry
UBERON:0002623,cerebral peduncle,UBERON:0002623,,,nervous,unspecified,direct-source-geometry
HRA:Allen_superior_cerebellar_peduncle_brachium_conjunctivum_L|left,superior cerebellar peduncle brachium conjunctivum (left),,,,nervous,left,direct-source-geometry
HRA:Allen_cerebral_aqueduct_L|left,cerebral aqueduct (left),,,,nervous,left,direct-source-geometry
HRA:Allen_paravermis_of_cerebellum_L|left,paravermis of cerebellum (left),,,,nervous,left,direct-source-geometry
HRA:Allen_lateral_hemisphere_of_cerebellum_L|left,lateral hemisphere of cerebellum (left),,,,nervous,left,direct-source-geometry
UBERON:0002151,pontine nuclear group,UBERON:0002151,,,sensory,unspecified,direct-source-geometry
UBERON:0003023,pontine tegmentum,UBERON:0003023,,,nervous,unspecified,direct-source-geometry
HRA:Allen_pyramidal_part_of_medulla_oblongata_L|left,pyramidal part of medulla oblongata (left),,,,nervous,left,direct-source-geometry
HRA:Allen_tegmentum_of_medulla_oblongata_L|left,tegmentum of medulla oblongata (left),,,,nervous,left,direct-source-geometry
HRA:Allen_inferior_olive_L|left,inferior olive (left),,,,nervous,left,direct-source-geometry
HRA:Allen_middle_cerebellar_peduncle_L|left,middle cerebellar peduncle (left),,,,nervous,left,direct-source-geometry
UBERON:0002422,fourth ventricle,UBERON:0002422,,,nervous,unspecified,direct-source-geometry
HRA:Allen_central_canal_of_medulla_oblongata_L|left,central canal of medulla oblongata (left),,,,nervous,left,direct-source-geometry
HRA:Allen_midline_nuclear_complex_L|left,midline nuclear complex (left),,,,sensory,left,direct-source-geometry
HRA:Allen_lateral_olfactory_gyrus_L|left,lateral olfactory gyrus (left),,,,nervous,left,direct-source-geometry
UBERON:0002911,parietal operculum,UBERON:0002911,,,nervous,unspecified,direct-source-geometry
UBERON:0022264,optic radiation,UBERON:0022264,,,sensory,unspecified,direct-source-geometry
HRA:Allen_posteroventral_putamen_L|left,posteroventral putamen (left),,,,nervous,left,direct-source-geometry
HRA:Allen_atrium_of_lateral_ventricle_L|left,atrium of lateral ventricle (left),,,,nervous,left,direct-source-geometry
HRA:Allen_paracingulate_gyrus_L|left,paracingulate gyrus (left),,,,nervous,left,direct-source-geometry
HRA:Allen_rostral_gyrus_L|left,rostral gyrus (left),,,,nervous,left,direct-source-geometry
HRA:Allen_frontomarginal_gyrus_L|left,frontomarginal gyrus (left),,,,nervous,left,direct-source-geometry
HRA:Allen_frontal_pole_L|left,frontal pole (left),,,,nervous,left,direct-source-geometry
HRA:Allen_inferior_cerebellar_peduncle_L|left,inferior cerebellar peduncle (left),,,,nervous,left,direct-source-geometry
HRA:Allen_perirhinal_gyrus_rostral_part_of_FuGt_L|left,perirhinal gyrus rostral part of FuGt (left),,,,nervous,left,direct-source-geometry
HRA:Allen_olfactory_bulb_R|right,olfactory bulb (right),,,,nervous,right,direct-source-geometry
HRA:Allen_anterior_olfactory_nucleus_R|right,anterior olfactory nucleus (right),,,,nervous,right,direct-source-geometry
HRA:Allen_piriform_region_R|right,piriform region (right),,,,nervous,right,direct-source-geometry
HRA:Allen_frontal_agranular_insular_cortex_area_Fl_R|right,frontal agranular insular cortex area Fl (right),,,,nervous,right,direct-source-geometry
HRA:Allen_temporal_agranular_insular_cortex_area_Tl_R|right,temporal agranular insular cortex area Tl (right),,,,nervous,right,direct-source-geometry
HRA:Allen_head_of_caudate_R|right,head of caudate (right),,,,nervous,right,direct-source-geometry
HRA:Allen_body_of_caudate_R|right,body of caudate (right),,,,nervous,right,direct-source-geometry
HRA:Allen_tail_of_caudate_R|right,tail of caudate (right),,,,nervous,right,direct-source-geometry
UBERON:0008885|right,right putamen,UBERON:0008885,,,nervous,right,direct-source-geometry
HRA:Allen_nucleus_accumbens_R|right,nucleus accumbens (right),,,,nervous,right,direct-source-geometry
HRA:Allen_external_segment_of_globus_pallidus_R|right,external segment of globus pallidus (right),,,,nervous,right,direct-source-geometry
HRA:Allen_internal_segment_of_globus_pallidus_R|right,internal segment of globus pallidus (right),,,,nervous,right,direct-source-geometry
HRA:Allen_claustrum_R|right,claustrum (right),,,,nervous,right,direct-source-geometry
HRA:Allen_basal_forebrain_R|right,basal forebrain (right),,,,nervous,right,direct-source-geometry
HRA:Allen_septal_nuclei_R|right,septal nuclei (right),,,,nervous,right,direct-source-geometry
HRA:Allen_amygdaloid_complex_R|right,amygdaloid complex (right),,,,nervous,right,direct-source-geometry
HRA:Allen_anterior_amygdaloid_area_R|right,anterior amygdaloid area (right),,,,nervous,right,direct-source-geometry
HRA:Allen_central_nuclear_group_R|right,central nuclear group (right),,,,sensory,right,direct-source-geometry
HRA:Allen_lateral_nucleus_R|right,lateral nucleus (right),,,,nervous,right,direct-source-geometry
HRA:Allen_basolateral_nucleus_basal_nucleus_R|right,basolateral nucleus basal nucleus (right),,,,nervous,right,direct-source-geometry
HRA:Allen_basomedial_nucleus_accessory_basal_nucleus_R|right,basomedial nucleus accessory basal nucleus (right),,,,nervous,right,direct-source-geometry
HRA:Allen_anterior_cortical_nucleus_R|right,anterior cortical nucleus (right),,,,nervous,right,direct-source-geometry
HRA:Allen_posterior_cortical_nucleus_R|right,posterior cortical nucleus (right),,,,nervous,right,direct-source-geometry
HRA:Allen_medial_nucleus_R|right,medial nucleus (right),,,,nervous,right,direct-source-geometry
HRA:Allen_amygdalohippocampal_area_R|right,amygdalohippocampal area (right),,,,nervous,right,direct-source-geometry
HRA:Allen_bed_nucleus_of_stria_terminalis_R|right,bed nucleus of stria terminalis (right),,,,nervous,right,direct-source-geometry
HRA:Allen_thalamus_R|right,thalamus (right),,,,nervous,right,direct-source-geometry
HRA:Allen_anterior_nuclear_complex_of_thalamus_R|right,anterior nuclear complex of thalamus (right),,,,sensory,right,direct-source-geometry
HRA:Allen_lateral_dorsal_nucleus_of_thalamus_R|right,lateral dorsal nucleus of thalamus (right),,,,nervous,right,direct-source-geometry
HRA:Allen_mediodorsal_nucleus_of_thalamus_R|right,mediodorsal nucleus of thalamus (right),,,,nervous,right,direct-source-geometry
HRA:Allen_reuniens_nucleus_medioventral_nucleus_of_thalamus_R|right,reuniens nucleus medioventral nucleus of thalamus (right),,,,nervous,right,direct-source-geometry
HRA:Allen_lateral_posterior_nucleus_of_thalamus_R|right,lateral posterior nucleus of thalamus (right),,,,nervous,right,direct-source-geometry
HRA:Allen_pulvinar_of_thalamus_R|right,pulvinar of thalamus (right),,,,nervous,right,direct-source-geometry
HRA:Allen_ventral_anterior_nucleus_of_thalamus_R|right,ventral anterior nucleus of thalamus (right),,,,nervous,right,direct-source-geometry
HRA:Allen_ventral_lateral_nucleus_of_thalamus_R|right,ventral lateral nucleus of thalamus (right),,,,nervous,right,direct-source-geometry
HRA:Allen_ventral_posterior_lateral_nucleus_R|right,ventral posterior lateral nucleus (right),,,,nervous,right,direct-source-geometry
HRA:Allen_ventral_posterior_medial_nucleus_R|right,ventral posterior medial nucleus (right),,,,nervous,right,direct-source-geometry
HRA:Allen_dorsal_lateral_geniculate_nucleus_R|right,dorsal lateral geniculate nucleus (right),,,,nervous,right,direct-source-geometry
HRA:Allen_medial_geniculate_nuclei_R|right,medial geniculate nuclei (right),,,,nervous,right,direct-source-geometry
HRA:Allen_centromedian_nucleus_of_thalamus_R|right,centromedian nucleus of thalamus (right),,,,nervous,right,direct-source-geometry
HRA:Allen_parafascicular_nucleus_of_thalamus_R|right,parafascicular nucleus of thalamus (right),,,,nervous,right,direct-source-geometry
HRA:Allen_habenular_nuclei_R|right,habenular nuclei (right),,,,nervous,right,direct-source-geometry
HRA:Allen_zona_incerta_R|right,zona incerta (right),,,,nervous,right,direct-source-geometry
HRA:Allen_supraoptic_region_of_HTH_R|right,supraoptic region of HTH (right),,,,sensory,right,direct-source-geometry
HRA:Allen_white_matter_of_forebrain_R|right,white matter of forebrain (right),,,,nervous,right,direct-source-geometry
HRA:Allen_mammillothalamic_tract_R|right,mammillothalamic tract (right),,,,nervous,right,direct-source-geometry
HRA:Allen_anterior_horn_of_lateral_ventricle_R|right,anterior horn of lateral ventricle (right),,,,nervous,right,direct-source-geometry
HRA:Allen_body_of_lateral_ventricle_R|right,body of lateral ventricle (right),,,,nervous,right,direct-source-geometry
HRA:Allen_posterior_horn_of_lateral_ventricle_R|right,posterior horn of lateral ventricle (right),,,,nervous,right,direct-source-geometry
HRA:Allen_inferior_horn_of_lateral_ventricle_R|right,inferior horn of lateral ventricle (right),,,,nervous,right,direct-source-geometry
HRA:Allen_third_ventricle_R|right,third ventricle (right),,,,nervous,right,direct-source-geometry
HRA:Allen_cerebellar_vermis_R|right,cerebellar vermis (right),,,,nervous,right,direct-source-geometry
HRA:Allen_cerebellar_deep_nuclei_R|right,cerebellar deep nuclei (right),,,,nervous,right,direct-source-geometry
HRA:Allen_white_matter_of_hindbrain_R|right,white matter of hindbrain (right),,,,nervous,right,direct-source-geometry
HRA:Allen_olfactory_tract_R|right,olfactory tract (right),,,,nervous,right,direct-source-geometry
HRA:Allen_supraparietal_lobule_R|right,supraparietal lobule (right),,,,nervous,right,direct-source-geometry
HRA:Allen_supramarginal_gyrus_R|right,supramarginal gyrus (right),,,,nervous,right,direct-source-geometry
HRA:Allen_angular_gyrus_R|right,angular gyrus (right),,,,nervous,right,direct-source-geometry
HRA:Allen_paracentral_lobule_caudal_part_R|right,paracentral lobule caudal part (right),,,,nervous,right,direct-source-geometry
HRA:Allen_occipitotemporal_fusiform_gyrus_temporal_part_R|right,occipitotemporal fusiform gyrus temporal part (right),,,,nervous,right,direct-source-geometry
HRA:Allen_transverse_temporal_gyrus_Heschls_gyrus_R|right,transverse temporal gyrus Heschls gyrus (right),,,,nervous,right,direct-source-geometry
HRA:Allen_gyrus_ambiens_R|right,gyrus ambiens (right),,,,nervous,right,direct-source-geometry
HRA:Allen_head_of_hippocampus_R|right,head of hippocampus (right),,,,nervous,right,direct-source-geometry
HRA:Allen_body_of_hippocampus_R|right,body of hippocampus (right),,,,nervous,right,direct-source-geometry
HRA:Allen_tail_of_hippocampus_R|right,tail of hippocampus (right),,,,nervous,right,direct-source-geometry
HRA:Allen_long_insular_gyri_R|right,long insular gyri (right),,,,nervous,right,direct-source-geometry
HRA:Allen_short_insular_gyri_R|right,short insular gyri (right),,,,nervous,right,direct-source-geometry
HRA:Allen_limen_insula_R|right,limen insula (right),,,,nervous,right,direct-source-geometry
HRA:Allen_pretectal_region_R|right,pretectal region (right),,,,nervous,right,direct-source-geometry
UBERON:0001947,red nucleus,UBERON:0001947,,,nervous,unspecified,direct-source-geometry
UBERON:0001946,inferior colliculus,UBERON:0001946,,,nervous,unspecified,direct-source-geometry
HRA:Allen_superior_cerebellar_peduncle_brachium_conjunctivum_R|right,superior cerebellar peduncle brachium conjunctivum (right),,,,nervous,right,direct-source-geometry
HRA:Allen_cerebral_aqueduct_R|right,cerebral aqueduct (right),,,,nervous,right,direct-source-geometry
HRA:Allen_paravermis_of_cerebellum_R|right,paravermis of cerebellum (right),,,,nervous,right,direct-source-geometry
HRA:Allen_lateral_hemisphere_of_cerebellum_R|right,lateral hemisphere of cerebellum (right),,,,nervous,right,direct-source-geometry
HRA:Allen_pyramidal_part_of_medulla_oblongata_R|right,pyramidal part of medulla oblongata (right),,,,nervous,right,direct-source-geometry
HRA:Allen_tegmentum_of_medulla_oblongata_R|right,tegmentum of medulla oblongata (right),,,,nervous,right,direct-source-geometry
HRA:Allen_inferior_olive_R|right,inferior olive (right),,,,nervous,right,direct-source-geometry
HRA:Allen_inferior_cerebellar_peduncle_R|right,inferior cerebellar peduncle (right),,,,nervous,right,direct-source-geometry
HRA:Allen_middle_cerebellar_peduncle_R|right,middle cerebellar peduncle (right),,,,nervous,right,direct-source-geometry
HRA:Allen_central_canal_of_medulla_oblongata_R|right,central canal of medulla oblongata (right),,,,nervous,right,direct-source-geometry
HRA:Allen_midline_nuclear_complex_R|right,midline nuclear complex (right),,,,sensory,right,direct-source-geometry
HRA:Allen_lateral_olfactory_gyrus_R|right,lateral olfactory gyrus (right),,,,nervous,right,direct-source-geometry
HRA:Allen_posteroventral_putamen_R|right,posteroventral putamen (right),,,,nervous,right,direct-source-geometry
HRA:Allen_atrium_of_lateral_ventricle_R|right,atrium of lateral ventricle (right),,,,nervous,right,direct-source-geometry
HRA:Allen_paracingulate_gyrus_R|right,paracingulate gyrus (right),,,,nervous,right,direct-source-geometry
HRA:Allen_rostral_gyrus_R|right,rostral gyrus (right),,,,nervous,right,direct-source-geometry
HRA:Allen_frontomarginal_gyrus_R|right,frontomarginal gyrus (right),,,,nervous,right,direct-source-geometry
HRA:Allen_frontal_pole_R|right,frontal pole (right),,,,nervous,right,direct-source-geometry
HRA:Allen_perirhinal_gyrus_rostral_part_of_FuGt_R|right,perirhinal gyrus rostral part of FuGt (right),,,,nervous,right,direct-source-geometry
UBERON:0001898,hypothalamus,UBERON:0001898,,,nervous,unspecified,direct-source-geometry
HRA:Allen_subthalamic_nucleus_R|right,subthalamic nucleus (right),,,,nervous,right,direct-source-geometry
HRA:Allen_mammillary_region_of_HTH_R|right,mammillary region of HTH (right),,,,nervous,right,direct-source-geometry
HRA:Allen_midbrain_tegmentum_R|right,midbrain tegmentum (right),,,,nervous,right,direct-source-geometry
HRA:Allen_tuberal_region_of_HTH_R|right,tuberal region of HTH (right),,,,nervous,right,direct-source-geometry
HRA:Allen_preoptic_region_of_HTH_R|right,preoptic region of HTH (right),,,,sensory,right,direct-source-geometry
HRA:Allen_midbrain_tegmentum_L|left,midbrain tegmentum (left),,,,nervous,left,direct-source-geometry
HRA:Allen_mammillary_region_of_HTH_L|left,mammillary region of HTH (left),,,,nervous,left,direct-source-geometry
HRA:Allen_subthalamic_nucleus_L|left,subthalamic nucleus (left),,,,nervous,left,direct-source-geometry
UBERON:0006469,C1 segment of cervical spinal cord,UBERON:0006469,,,nervous,unspecified,direct-source-geometry
UBERON:0006489,C2 segment of cervical spinal cord,UBERON:0006489,,,nervous,unspecified,direct-source-geometry
UBERON:0006488,C3 segment of cervical spinal cord,UBERON:0006488,,,nervous,unspecified,direct-source-geometry
UBERON:0006490,C4 segment of cervical spinal cord,UBERON:0006490,,,nervous,unspecified,direct-source-geometry
UBERON:0006491,C5 segment of cervical spinal cord,UBERON:0006491,,,nervous,unspecified,direct-source-geometry
UBERON:0006492,C6 segment of cervical spinal cord,UBERON:0006492,,,nervous,unspecified,direct-source-geometry
UBERON:0006493,C7 segment of cervical spinal cord,UBERON:0006493,,,nervous,unspecified,direct-source-geometry
UBERON:0006470,C8 segment of cervical spinal cord,UBERON:0006470,,,nervous,unspecified,direct-source-geometry
UBERON:0006457,first thoracic spinal cord segment,UBERON:0006457,,,nervous,unspecified,direct-source-geometry
UBERON:0006458,second thoracic spinal cord segment,UBERON:0006458,,,nervous,unspecified,direct-source-geometry
UBERON:0006459,third thoracic spinal cord segment,UBERON:0006459,,,nervous,unspecified,direct-source-geometry
UBERON:0006452,fourth thoracic spinal cord segment,UBERON:0006452,,,nervous,unspecified,direct-source-geometry
UBERON:0006453,fifth thoracic spinal cord segment,UBERON:0006453,,,nervous,unspecified,direct-source-geometry
UBERON:0006455,seventh thoracic spinal cord segment,UBERON:0006455,,,nervous,unspecified,direct-source-geometry
UBERON:0006456,eighth thoracic spinal cord segment,UBERON:0006456,,,nervous,unspecified,direct-source-geometry
UBERON:0006454,sixth thoracic spinal cord segment,UBERON:0006454,,,nervous,unspecified,direct-source-geometry
UBERON:0006465,ninth thoracic spinal cord segment,UBERON:0006465,,,nervous,unspecified,direct-source-geometry
UBERON:0006466,tenth thoracic spinal cord segment,UBERON:0006466,,,nervous,unspecified,direct-source-geometry
UBERON:0006467,eleventh thoracic spinal cord segment,UBERON:0006467,,,nervous,unspecified,direct-source-geometry
UBERON:0006468,twelfth thoracic spinal cord segment,UBERON:0006468,,,nervous,unspecified,direct-source-geometry
UBERON:0006448,first lumbar spinal cord segment,UBERON:0006448,,,nervous,unspecified,direct-source-geometry
UBERON:0006450,second lumbar spinal cord segment,UBERON:0006450,,,nervous,unspecified,direct-source-geometry
UBERON:0006449,third lumbar spinal cord segment,UBERON:0006449,,,nervous,unspecified,direct-source-geometry
UBERON:0006451,fourth lumbar spinal cord segment,UBERON:0006451,,,nervous,unspecified,direct-source-geometry
UBERON:0006447,fifth lumbar spinal cord segment,UBERON:0006447,,,nervous,unspecified,direct-source-geometry
UBERON:0006460,first sacral spinal cord segment,UBERON:0006460,,,nervous,unspecified,direct-source-geometry
UBERON:0006461,second sacral spinal cord segment,UBERON:0006461,,,nervous,unspecified,direct-source-geometry
UBERON:0006462,third sacral spinal cord segment,UBERON:0006462,,,nervous,unspecified,direct-source-geometry
UBERON:0006463,fourth sacral spinal cord segment,UBERON:0006463,,,nervous,unspecified,direct-source-geometry
FMA:49057|left,Left medial rectus,,FMA:49057,,muscular,left,direct-source-geometry
FMA:49047|left,Left inferior rectus,,FMA:49047,,muscular,left,direct-source-geometry
FMA:49045|left,Left superior rectus,,FMA:49045,,muscular,left,direct-source-geometry
FMA:49051|left,Left inferior oblique,,FMA:49051,,muscular,left,direct-source-geometry
FMA:49055|left,Left lateral rectus,,FMA:49055,,muscular,left,direct-source-geometry
FMA:49053|left,Left superior oblique,,FMA:49053,,muscular,left,direct-source-geometry
FMA:49056|right,Right medial rectus,,FMA:49056,,muscular,right,direct-source-geometry
FMA:49046|right,Right inferior rectus,,FMA:49046,,muscular,right,direct-source-geometry
FMA:49044|right,Right superior rectus,,FMA:49044,,muscular,right,direct-source-geometry
FMA:49050|right,Right inferior oblique,,FMA:49050,,muscular,right,direct-source-geometry
FMA:49054|right,Right lateral rectus,,FMA:49054,,muscular,right,direct-source-geometry
FMA:49052|right,Right superior oblique,,FMA:49052,,muscular,right,direct-source-geometry
FMA:38929|left,Left rectus femoris,,FMA:38929,,muscular,left,direct-source-geometry
FMA:46902|left,Tendon of left quadriceps femoris,,FMA:46902,,muscular,left,direct-source-geometry
FMA:38928|right,Right rectus femoris,,FMA:38928,,muscular,right,direct-source-geometry
FMA:46901|right,Tendon of right quadriceps femoris,,FMA:46901,,muscular,right,direct-source-geometry
HRA:VH_F_basal_plate,basal plate,,,,pregnancy,unspecified,direct-source-geometry
UBERON:0004027,chorionic plate,UBERON:0004027,,,pregnancy,unspecified,direct-source-geometry
HRA:VH_F_placenta_vessels,placenta vessels,,,,pregnancy,unspecified,direct-source-geometry
UBERON:0000305,amnion,UBERON:0000305,,,pregnancy,unspecified,direct-source-geometry
UBERON:0002331,umbilical cord,UBERON:0002331,,,pregnancy,unspecified,direct-source-geometry
UBERON:0001310,umbilical artery,UBERON:0001310,,,pregnancy,unspecified,direct-source-geometry
UBERON:0002066,umbilical vein,UBERON:0002066,,,pregnancy,unspecified,direct-source-geometry
UBERON:0000996,vagina,UBERON:0000996,,,reproductive,unspecified,direct-source-geometry
HRA:VH_F_cervicovaginal_junction,cervicovaginal junction,,,,reproductive,unspecified,direct-source-geometry
FMA:18491|right,Ampulla of right uterine tube,,FMA:18491,,reproductive,right,direct-source-geometry
FMA:18493|right,Isthmus of right uterine tube,,FMA:18493,,reproductive,right,direct-source-geometry
FMA:18497|right,Fimbria of right uterine tube,,FMA:18497,,reproductive,right,direct-source-geometry
FMA:18489|right,Infundibulum of right uterine tube,,FMA:18489,,reproductive,right,direct-source-geometry
FMA:18490|left,Infundibulum of left uterine tube,,FMA:18490,,reproductive,left,direct-source-geometry
FMA:18498|left,Fimbria of left uterine tube,,FMA:18498,,reproductive,left,direct-source-geometry
FMA:18494|left,Isthmus of left uterine tube,,FMA:18494,,reproductive,left,direct-source-geometry
FMA:18492|left,Ampulla of left uterine tube,,FMA:18492,,reproductive,left,direct-source-geometry
FMA:14729,Uterovesical pouch,,FMA:14729,,reproductive,unspecified,direct-source-geometry
FMA:57789|right,Right round ligament of uterus,,FMA:57789,,reproductive,right,direct-source-geometry
FMA:57790|left,Left round ligament of uterus,,FMA:57790,,reproductive,left,direct-source-geometry
FMA:19119|right,Right uterosacral ligament,,FMA:19119,,reproductive,right,direct-source-geometry
FMA:19120|left,Left uterosacral ligament,,FMA:19120,,reproductive,left,direct-source-geometry
FMA:77064,Cardinal ligament,,FMA:77064,,reproductive,unspecified,direct-source-geometry
FMA:19823|right,Suspensory ligament of right ovary,,FMA:19823,,reproductive,right,direct-source-geometry
FMA:19824|left,Suspensory ligament of left ovary,,FMA:19824,,reproductive,left,direct-source-geometry
FMA:55424|left,Left ovarian ligament,,FMA:55424,,reproductive,left,direct-source-geometry
FMA:55423|right,Right ovarian ligament,,FMA:55423,,reproductive,right,direct-source-geometry
UBERON:0012332,broad ligament of uterus,UBERON:0012332,,,reproductive,unspecified,direct-source-geometry
FMA:19810|left,Left mesosalpinx,,FMA:19810,,reproductive,left,direct-source-geometry
FMA:19809|right,Right mesosalpinx,,FMA:19809,,reproductive,right,direct-source-geometry
FMA:19817|right,Right mesovarium,,FMA:19817,,reproductive,right,direct-source-geometry
FMA:19818|left,Left mesovarium,,FMA:19818,,reproductive,left,direct-source-geometry
FMA:7214|left,Left ovary,,FMA:7214,,reproductive,left,direct-source-geometry
FMA:7213|right,Right ovary,,FMA:7213,,reproductive,right,direct-source-geometry
FMA:77049,Abdominal ostium of uterine tube,,FMA:77049,,reproductive,unspecified,direct-source-geometry
UBERON:0009853,body of uterus,UBERON:0009853,,,reproductive,unspecified,direct-source-geometry
FMA:17561,Fundus of uterus,,FMA:17561,,reproductive,unspecified,direct-source-geometry
HRA:VH_F_cornua,cornua,,,,reproductive,unspecified,direct-source-geometry
FMA:17752,Lower uterine segment,,FMA:17752,,reproductive,unspecified,direct-source-geometry
FMA:224878,Posterior wall of uterus,,FMA:224878,,reproductive,unspecified,direct-source-geometry
FMA:224876,Anterior wall of uterus,,FMA:224876,,reproductive,unspecified,direct-source-geometry
UBERON:0000002,uterine cervix,UBERON:0000002,,,reproductive,unspecified,direct-source-geometry
UBERON:0013759,internal cervical os,UBERON:0013759,,,reproductive,unspecified,direct-source-geometry
UBERON:0013760,external cervical os,UBERON:0013760,,,reproductive,unspecified,direct-source-geometry
FMA:54974|left,left palatine tonsil,,FMA:54974,,digestive,left,direct-source-geometry
FMA:54973|right,right palatine tonsil,,FMA:54973,,digestive,right,direct-source-geometry
UBERON:0022277,hepatic flexure of colon,UBERON:0022277,,,digestive,unspecified,direct-source-geometry
UBERON:0001157,transverse colon,UBERON:0001157,,,digestive,unspecified,direct-source-geometry
UBERON:0001156,ascending colon,UBERON:0001156,,,digestive,unspecified,direct-source-geometry
UBERON:0001154,vermiform appendix,UBERON:0001154,,,digestive,unspecified,direct-source-geometry
UBERON:0001158,descending colon,UBERON:0001158,,,digestive,unspecified,direct-source-geometry
UBERON:0000569,ileocecal valve,UBERON:0000569,,,digestive,unspecified,direct-source-geometry
UBERON:0001153,caecum,UBERON:0001153,,,digestive,unspecified,direct-source-geometry
UBERON:0001052,rectum,UBERON:0001052,,,digestive,unspecified,direct-source-geometry
UBERON:0001159,sigmoid colon,UBERON:0001159,,,digestive,unspecified,direct-source-geometry
UBERON:0022276,splenic flexure of colon,UBERON:0022276,,,digestive,unspecified,direct-source-geometry
FMA:7206,superior part of duodenum,,FMA:7206,,digestive,unspecified,direct-source-geometry
UBERON:0013644,duodenal ampulla,UBERON:0013644,,,digestive,unspecified,direct-source-geometry
FMA:14928,descending part of duodenum,,FMA:14928,,digestive,unspecified,direct-source-geometry
FMA:15077,Sphincter of hepatopancreatic ampulla,,FMA:15077,,digestive,unspecified,direct-source-geometry
FMA:14930,ascending part of duodenum,,FMA:14930,,digestive,unspecified,direct-source-geometry
FMA:14929,horizontal part of duodenum,,FMA:14929,,digestive,unspecified,direct-source-geometry
UBERON:0002115,jejunum,UBERON:0002115,,,digestive,unspecified,direct-source-geometry
UBERON:0002116,ileum,UBERON:0002116,,,digestive,unspecified,direct-source-geometry
FMA:14966,distal part of ileum,,FMA:14966,,digestive,unspecified,direct-source-geometry
UBERON:0001176|right,right hepatic duct,UBERON:0001176,,,digestive,right,direct-source-geometry
UBERON:0001177|left,left hepatic duct,UBERON:0001177,,,digestive,left,direct-source-geometry
UBERON:0001175,common hepatic duct,UBERON:0001175,,,digestive,unspecified,direct-source-geometry
UBERON:0004913,hepatopancreatic ampulla,UBERON:0004913,,,digestive,unspecified,direct-source-geometry
UBERON:0005429,dorsal pancreatic duct,UBERON:0005429,,,digestive,unspecified,direct-source-geometry
UBERON:0001174,common bile duct,UBERON:0001174,,,digestive,unspecified,direct-source-geometry
UBERON:0001064,Ventral pancreatic duct,UBERON:0001064,,,digestive,unspecified,direct-source-geometry
UBERON:0001152,cystic duct,UBERON:0001152,,,digestive,unspecified,direct-source-geometry
FMA:14487,gastric impression of liver,,FMA:14487,,digestive,unspecified,direct-source-geometry
FMA:14489,Suprarenal impression of liver,,FMA:14489,,digestive,unspecified,direct-source-geometry
FMA:14488,renal impression of liver,,FMA:14488,,digestive,unspecified,direct-source-geometry
FMA:14485,duodenal impression of liver,,FMA:14485,,digestive,unspecified,direct-source-geometry
FMA:14486,esophageal impression of liver,,FMA:14486,,digestive,unspecified,direct-source-geometry
FMA:15758,porta hepatis,,FMA:15758,,digestive,unspecified,direct-source-geometry
FMA:14484,colic impression of liver,,FMA:14484,,digestive,unspecified,direct-source-geometry
UBERON:0016479,capsule of the liver,UBERON:0016479,,,digestive,unspecified,direct-source-geometry
UBERON:0001149,bare area of liver,UBERON:0001149,,,digestive,unspecified,direct-source-geometry
FMA:15729,diaphragmatic surface of liver,,FMA:15729,,digestive,unspecified,direct-source-geometry
HRA:VH_F_left_anterolateral_segment|left,left anterolateral segment,,,,digestive,left,direct-source-geometry
HRA:VH_F_left_superomedial_segment|left,left superomedial segment,,,,digestive,left,direct-source-geometry
HRA:VH_F_left_superomedial_segment1|left,left superomedial segment1,,,,digestive,left,direct-source-geometry
HRA:VH_F_left_inferomedial_segment|left,left inferomedial segment,,,,digestive,left,direct-source-geometry
UBERON:0001116,quadrate lobe of liver,UBERON:0001116,,,digestive,unspecified,direct-source-geometry
HRA:VH_F_right_anterosuperior_segment|right,right anterosuperior segment,,,,digestive,right,direct-source-geometry
HRA:VH_F_right_posteroinferior_segment|right,right posteroinferior segment,,,,digestive,right,direct-source-geometry
HRA:VH_F_right_posterosuperior_segment|right,right posterosuperior segment,,,,digestive,right,direct-source-geometry
HRA:VH_F_right_anteroinferior_segment|right,right anteroinferior segment,,,,digestive,right,direct-source-geometry
UBERON:0001117,caudate lobe of liver,UBERON:0001117,,,digestive,unspecified,direct-source-geometry
UBERON:0013138,coronary ligament of liver,UBERON:0013138,,,digestive,unspecified,direct-source-geometry
UBERON:0001247,falciform ligament,UBERON:0001247,,,digestive,unspecified,direct-source-geometry
UBERON:0035444,triangular ligament of liver,UBERON:0035444,,,digestive,unspecified,direct-source-geometry
UBERON:0006587,ligamentum venosum,UBERON:0006587,,,digestive,unspecified,direct-source-geometry
UBERON:0006588,round ligament of liver,UBERON:0006588,,,digestive,unspecified,direct-source-geometry
UBERON:0012472,hepatoduodenal ligament,UBERON:0012472,,,digestive,unspecified,direct-source-geometry
UBERON:0001151,tail of pancreas,UBERON:0001151,,,digestive,unspecified,direct-source-geometry
UBERON:0001150,body of pancreas,UBERON:0001150,,,digestive,unspecified,direct-source-geometry
UBERON:0010373,uncinate process of pancreas,UBERON:0010373,,,digestive,unspecified,direct-source-geometry
UBERON:0001069,head of pancreas,UBERON:0001069,,,digestive,unspecified,direct-source-geometry
FMA:14517,Neck of pancreas,,FMA:14517,,digestive,unspecified,direct-source-geometry
UBERON:0002110,gallbladder,UBERON:0002110,,,digestive,unspecified,direct-source-geometry
UBERON:0002015,kidney capsule,UBERON:0002015,,,urinary,unspecified,direct-source-geometry
UBERON:0008716,hilum of kidney,UBERON:0008716,,,urinary,unspecified,direct-source-geometry
UBERON:0001228,renal papilla,UBERON:0001228,,,urinary,unspecified,direct-source-geometry
UBERON:0004200,renal pyramid,UBERON:0004200,,,urinary,unspecified,direct-source-geometry
UBERON:0001284,renal column,UBERON:0001284,,,urinary,unspecified,direct-source-geometry
UBERON:0002189,outer cortex of kidney,UBERON:0002189,,,urinary,unspecified,direct-source-geometry
UBERON:0001227,minor calyx,UBERON:0001227,,,urinary,unspecified,direct-source-geometry
UBERON:0001226,major calyx,UBERON:0001226,,,urinary,unspecified,direct-source-geometry
UBERON:0001224,renal pelvis,UBERON:0001224,,,urinary,unspecified,direct-source-geometry
UBERON:0001222|right,right ureter,UBERON:0001222,,,urinary,right,direct-source-geometry
UBERON:0001223|left,left ureter,UBERON:0001223,,,urinary,left,direct-source-geometry
UBERON:0006082,fundus of urinary bladder,UBERON:0006082,,,urinary,unspecified,direct-source-geometry
UBERON:0004230,urinary bladder neck smooth muscle,UBERON:0004230,,,urinary,unspecified,direct-source-geometry
UBERON:0001257,trigone of urinary bladder,UBERON:0001257,,,urinary,unspecified,direct-source-geometry
FMA:15939|right,Right ureteral orifice,,FMA:15939,,urinary,right,direct-source-geometry
FMA:15940|left,Left ureteral orifice,,FMA:15940,,urinary,left,direct-source-geometry
UBERON:0002094,interventricular septum,UBERON:0002094,,,cardiac,unspecified,direct-source-geometry
UBERON:0002079|left,left cardiac atrium,UBERON:0002079,,,cardiac,left,direct-source-geometry
UBERON:0002084|left,heart left ventricle,UBERON:0002084,,,cardiac,left,direct-source-geometry
UBERON:0002078|right,right cardiac atrium,UBERON:0002078,,,cardiac,right,direct-source-geometry
UBERON:0002080|right,heart right ventricle,UBERON:0002080,,,cardiac,right,direct-source-geometry
FMA:7264|left,Anterior papillary muscle of left ventricle,,FMA:7264,,cardiac,left,direct-source-geometry
FMA:7265|left,Anterolateral head of lateral papillary muscle of left ventricle,,FMA:7265,,cardiac,left,direct-source-geometry
FMA:7262|right,Septal papillary muscle of right ventricle,,FMA:7262,,cardiac,right,direct-source-geometry
FMA:7261|right,Posterior papillary muscle of right ventricle,,FMA:7261,,cardiac,right,direct-source-geometry
FMA:7267|left,Posteromedial head of posterior papillary muscle of left ventricle,,FMA:7267,,cardiac,left,direct-source-geometry
UBERON:0002137,aortic valve,UBERON:0002137,,,cardiac,unspecified,direct-source-geometry
UBERON:0002146,pulmonary valve,UBERON:0002146,,,cardiac,unspecified,direct-source-geometry
UBERON:0002135,mitral valve,UBERON:0002135,,,cardiac,unspecified,direct-source-geometry
UBERON:0002134,tricuspid valve,UBERON:0002134,,,cardiac,unspecified,direct-source-geometry
FMA:18831|left,Left uterine artery,,FMA:18831,,arterial,left,direct-source-geometry
FMA:18830|right,Right uterine artery,,FMA:18830,,arterial,right,direct-source-geometry
FMA:18898|left,Left uterine vein,,FMA:18898,,venous,left,direct-source-geometry
FMA:18897|right,Right uterine vein,,FMA:18897,,venous,right,direct-source-geometry
UBERON:0011191,ophthalmic vein,UBERON:0011191,,,venous,unspecified,direct-source-geometry
FMA:51249|left,Left superior ophthalmic vein,,FMA:51249,,venous,left,direct-source-geometry
FMA:51251|left,Left inferior ophthalmic vein,,FMA:51251,,venous,left,direct-source-geometry
FMA:51885|left,Left central retinal vein,,FMA:51885,,venous,left,direct-source-geometry
FMA:51248|right,Right superior ophthalmic vein,,FMA:51248,,venous,right,direct-source-geometry
FMA:51250|right,Right inferior ophthalmic vein,,FMA:51250,,venous,right,direct-source-geometry
FMA:51884|right,Right central retinal vein,,FMA:51884,,venous,right,direct-source-geometry
FMA:49958|left,Left long posterior ciliary artery,,FMA:49958,,arterial,left,direct-source-geometry
UBERON:0001619,ophthalmic artery,UBERON:0001619,,,arterial,unspecified,direct-source-geometry
FMA:49881|left,Left central retinal artery,,FMA:49881,,arterial,left,direct-source-geometry
FMA:49957|right,Right long posterior ciliary artery,,FMA:49957,,arterial,right,direct-source-geometry
FMA:49880|right,Right central retinal artery,,FMA:49880,,arterial,right,direct-source-geometry
UBERON:0001185|right,right renal artery,UBERON:0001185,,,arterial,right,direct-source-geometry
UBERON:0001186|left,left renal artery,UBERON:0001186,,,arterial,left,direct-source-geometry
UBERON:0001142|left,left renal vein,UBERON:0001142,,,venous,left,direct-source-geometry
UBERON:0001141|right,right renal vein,UBERON:0001141,,,venous,right,direct-source-geometry
UBERON:0001138,superior mesenteric vein,UBERON:0001138,,,venous,unspecified,direct-source-geometry
UBERON:0035040,superior rectal artery,UBERON:0035040,,,venous,unspecified,direct-source-geometry
FMA:21388|left,Left common iliac vein,,FMA:21388,,venous,left,direct-source-geometry
FMA:21387|right,Right common iliac vein,,FMA:21387,,venous,right,direct-source-geometry
FMA:15394|left,Left colic vein,,FMA:15394,,venous,left,direct-source-geometry
FMA:15407|right,Right colic vein,,FMA:15407,,venous,right,direct-source-geometry
UBERON:0001219,ileocolic vein,UBERON:0001219,,,venous,unspecified,direct-source-geometry
UBERON:0001218,middle colic vein,UBERON:0001218,,,venous,unspecified,direct-source-geometry
FMA:21242,Inferior rectal vein,,FMA:21242,,venous,unspecified,direct-source-geometry
UBERON:0001317,internal iliac vein,UBERON:0001317,,,venous,unspecified,direct-source-geometry
UBERON:0018252,internal pudendal vein,UBERON:0018252,,,venous,unspecified,direct-source-geometry
FMA:18895|left,Left middle rectal vein,,FMA:18895,,venous,left,direct-source-geometry
FMA:18894|right,Right middle rectal vein,,FMA:18894,,venous,right,direct-source-geometry
FMA:15395,sigmoid vein,,FMA:15395,,venous,unspecified,direct-source-geometry
UBERON:0006687,median sacral vein,UBERON:0006687,,,venous,unspecified,direct-source-geometry
FMA:0329299,Inferior pancreaticoduodenal vein,,FMA:0329299,,venous,unspecified,direct-source-geometry
UBERON:0001182,superior mesenteric artery,UBERON:0001182,,,venous,unspecified,direct-source-geometry
FMA:14826|left,Left colic artery,,FMA:14826,,arterial,left,direct-source-geometry
FMA:14811|right,Right colic artery,,FMA:14811,,arterial,right,direct-source-geometry
UBERON:0035548,ileocolic artery,UBERON:0035548,,,arterial,unspecified,direct-source-geometry
UBERON:0001196,middle colic artery,UBERON:0001196,,,arterial,unspecified,direct-source-geometry
FMA:14812,Celiac trunk,,FMA:14812,,arterial,unspecified,direct-source-geometry
UBERON:0001183,inferior mesenteric artery,UBERON:0001183,,,arterial,unspecified,direct-source-geometry
FMA:14824,marginal colic artery,,FMA:14824,,arterial,unspecified,direct-source-geometry
UBERON:0035180,sigmoid artery,UBERON:0035180,,,arterial,unspecified,direct-source-geometry
UBERON:0001194,splenic artery,UBERON:0001194,,,arterial,unspecified,direct-source-geometry
UBERON:0003713,splenic vein,UBERON:0003713,,,venous,unspecified,direct-source-geometry
UBERON:0039222,cystic artery,UBERON:0039222,,,arterial,unspecified,direct-source-geometry
UBERON:0035392,cystic vein,UBERON:0035392,,,venous,unspecified,direct-source-geometry
HRA:VH_F_middle_hepatic_artery_branch_of_left_hepatic_artery|left,middle hepatic artery branch of left hepatic artery,,,,arterial,left,direct-source-geometry
FMA:14772,Hepatic artery proper,,FMA:14772,,arterial,unspecified,direct-source-geometry
FMA:14778|right,Right hepatic artery,,FMA:14778,,arterial,right,direct-source-geometry
UBERON:0005436,common hepatic artery,UBERON:0005436,,,arterial,unspecified,direct-source-geometry
HRA:VH_F_posterior_segmental_right_hepatic_artery|right,posterior segmental right hepatic artery,,,,arterial,right,direct-source-geometry
HRA:VH_F_anterior_segmental_right_hepatic_artery|right,anterior segmental right hepatic artery,,,,arterial,right,direct-source-geometry
FMA:14779|left,Left hepatic artery,,FMA:14779,,arterial,left,direct-source-geometry
UBERON:0001639,hepatic portal vein,UBERON:0001639,,,venous,unspecified,direct-source-geometry
FMA:14340,Middle hepatic vein,,FMA:14340,,venous,unspecified,direct-source-geometry
FMA:14339|left,Left hepatic vein,,FMA:14339,,venous,left,direct-source-geometry
FMA:14338|right,Right hepatic vein,,FMA:14338,,venous,right,direct-source-geometry
HRA:VH_F_right_branch_of_portal_vein|right,right branch of portal vein,,,,venous,right,direct-source-geometry
HRA:VH_F_left_branch_of_portal_vein|left,left branch of portal vein,,,,venous,left,direct-source-geometry
FMA:49916|left,left superior pulmonary vein,,FMA:49916,,venous,left,direct-source-geometry
FMA:49913|left,left inferior pulmonary vein,,FMA:49913,,venous,left,direct-source-geometry
FMA:49914|right,right superior pulmonary vein,,FMA:49914,,venous,right,direct-source-geometry
FMA:49911|right,right inferior pulmonary vein,,FMA:49911,,venous,right,direct-source-geometry
UBERON:0005438,coronary sinus,UBERON:0005438,,,venous,unspecified,direct-source-geometry
UBERON:0006958,great vein of heart,UBERON:0006958,,,venous,unspecified,direct-source-geometry
UBERON:0009687,middle cardiac vein,UBERON:0009687,,,venous,unspecified,direct-source-geometry
FMA:4715|left,Oblique vein of left atrium,,FMA:4715,,venous,left,direct-source-geometry
FMA:4708|left,left marginal vein,,FMA:4708,,venous,left,direct-source-geometry
FMA:4712|left,Posterior vein of left ventricle,,FMA:4712,,venous,left,direct-source-geometry
FMA:76767,Anterior cardiac vein,,FMA:76767,,venous,unspecified,direct-source-geometry
UBERON:0035374,small cardiac vein,UBERON:0035374,,,venous,unspecified,direct-source-geometry
FMA:4720,superior vena cava,,FMA:4720,,venous,unspecified,direct-source-geometry
FMA:10951,inferior vena cava,,FMA:10951,,venous,unspecified,direct-source-geometry
FMA:8636|left,Anterior descending branch of left pulmonary artery,,FMA:8636,,cardiac,left,direct-source-geometry
UBERON:0035422|left,circumflex branch of left coronary artery,UBERON:0035422,,,cardiac,left,direct-source-geometry
FMA:3860|left,Diagonal branch of anterior descending branch of left coronary artery,,FMA:3860,,cardiac,left,direct-source-geometry
UBERON:0001626|left,left coronary artery,UBERON:0001626,,,cardiac,left,direct-source-geometry
FMA:3902|left,Left marginal artery,,FMA:3902,,cardiac,left,direct-source-geometry
FMA:322904|left,left posterior descending branch of circumflex branch of left coronary artery,,FMA:322904,,cardiac,left,direct-source-geometry
FMA:13905,Posterior ventricular branch of circumflex coronary artery,,FMA:13905,,cardiac,unspecified,direct-source-geometry
UBERON:0001625|right,right coronary artery,UBERON:0001625,,,cardiac,right,direct-source-geometry
FMA:3818|right,marginal branch of right coronary artery,,FMA:3818,,cardiac,right,direct-source-geometry
UBERON:0001652|left,left pulmonary artery,UBERON:0001652,,,cardiac,left,direct-source-geometry
UBERON:0002333,pulmonary trunk,UBERON:0002333,,,cardiac,unspecified,direct-source-geometry
UBERON:0001651|right,right pulmonary artery,UBERON:0001651,,,cardiac,right,direct-source-geometry
UBERON:0001508,arch of aorta,UBERON:0001508,,,cardiac,unspecified,direct-source-geometry
UBERON:0001496,ascending aorta,UBERON:0001496,,,cardiac,unspecified,direct-source-geometry
UBERON:0001514,descending aorta,UBERON:0001514,,,cardiac,unspecified,direct-source-geometry
UBERON:0001536|left,left common carotid artery plus branches,UBERON:0001536,,,cardiac,left,direct-source-geometry
UBERON:0001584|left,left subclavian artery,UBERON:0001584,,,cardiac,left,direct-source-geometry
UBERON:0001529,brachiocephalic artery,UBERON:0001529,,,cardiac,unspecified,direct-source-geometry
UBERON:0004887|left,left lung hilus,UBERON:0004887,,,respiratory,left,direct-source-geometry
FMA:7374,Superior lingular bronchopulmonary segment,,FMA:7374,,respiratory,unspecified,direct-source-geometry
FMA:7373|left,Left Anterior Bronchopulmonary Segment,,FMA:7373,,respiratory,left,direct-source-geometry
FMA:7385|left,Left apical bronchopulmonary segment,,FMA:7385,,respiratory,left,direct-source-geometry
FMA:7386|left,Left posterior bronchopulmonary segment,,FMA:7386,,respiratory,left,direct-source-geometry
FMA:7375,Inferior lingular bronchopulmonary segment,,FMA:7375,,respiratory,unspecified,direct-source-geometry
FMA:7376|left,Left superior bronchopulmonary segment,,FMA:7376,,respiratory,left,direct-source-geometry
FMA:7380|left,Left posterior basal bronchopulmonary segment,,FMA:7380,,respiratory,left,direct-source-geometry
FMA:7378|left,left anterior basal bronchopulmonary segment,,FMA:7378,,respiratory,left,direct-source-geometry
FMA:7379|left,left Lateral Basal Bronchopulmonary Segment,,FMA:7379,,respiratory,left,direct-source-geometry
FMA:7377|left,Left Medial Basal Bronchopulmonary Segment,,FMA:7377,,respiratory,left,direct-source-geometry
UBERON:0004888|right,right lung hilus,UBERON:0004888,,,respiratory,right,direct-source-geometry
FMA:7365|right,Right Medial Basal Bronchopulmonary Segment,,FMA:7365,,respiratory,right,direct-source-geometry
FMA:7362|right,Right Posterior Basal Bronchopulmonary Segment,,FMA:7362,,respiratory,right,direct-source-geometry
FMA:7364|right,Right anterior basal bronchopulmonary segment,,FMA:7364,,respiratory,right,direct-source-geometry
FMA:7363|right,Right Lateral Basal Bronchopulmonary Segment,,FMA:7363,,respiratory,right,direct-source-geometry
FMA:7366|right,Right Superior Bronchopulmonary Segment,,FMA:7366,,respiratory,right,direct-source-geometry
FMA:7360|right,Right Medial Bronchopulmonary Segment,,FMA:7360,,respiratory,right,direct-source-geometry
FMA:7361|right,Right Lateral Bronchopulmonary Segment,,FMA:7361,,respiratory,right,direct-source-geometry
FMA:7359|right,Right Anterior Bronchopulmonary Segment,,FMA:7359,,respiratory,right,direct-source-geometry
FMA:7338|right,Right Apical Bronchopulmonary Segment,,FMA:7338,,respiratory,right,direct-source-geometry
FMA:7339|right,Right Posterior Bronchopulmonary Segment,,FMA:7339,,respiratory,right,direct-source-geometry
FMA:55113|right,Right arytenoid cartilage,,FMA:55113,,respiratory,right,direct-source-geometry
FMA:55114|left,Left arytenoid cartilage,,FMA:55114,,respiratory,left,direct-source-geometry
UBERON:0001742,epiglottic cartilage,UBERON:0001742,,,respiratory,unspecified,direct-source-geometry
UBERON:0002375,cricoid cartilage,UBERON:0002375,,,respiratory,unspecified,direct-source-geometry
UBERON:0001738,thyroid cartilage,UBERON:0001738,,,respiratory,unspecified,direct-source-geometry
FMA:55116|left,Left corniculate cartilage,,FMA:55116,,respiratory,left,direct-source-geometry
FMA:55115|right,Right corniculate cartilage,,FMA:55115,,respiratory,right,direct-source-geometry
UBERON:0003126,trachea,UBERON:0003126,,,respiratory,unspecified,direct-source-geometry
UBERON:0003604,trachea cartilage,UBERON:0003604,,,respiratory,unspecified,direct-source-geometry
UBERON:0006679,carina of trachea,UBERON:0006679,,,respiratory,unspecified,direct-source-geometry
UBERON:0002177|right,Right Main Bronchus,UBERON:0002177,,,respiratory,right,direct-source-geometry
FMA:13143|right,Cartilage of right main bronchus,,FMA:13143,,respiratory,right,direct-source-geometry
UBERON:0002178|left,Left Main Bronchus,UBERON:0002178,,,respiratory,left,direct-source-geometry
FMA:13144|left,Cartilage of left main bronchus,,FMA:13144,,respiratory,left,direct-source-geometry
FMA:62659,Cartilage of lobar bronchus,,FMA:62659,,respiratory,unspecified,direct-source-geometry
FMA:62662,Cartilage of segmental bronchus,,FMA:62662,,respiratory,unspecified,direct-source-geometry
UBERON:0012065|left,lobar bronchus of left lung upper lobe,UBERON:0012065,,,respiratory,left,direct-source-geometry
UBERON:0012066|left,lobar bronchus of left lung lower lobe,UBERON:0012066,,,respiratory,left,direct-source-geometry
FMA:7506|left,Left anterior basal segmental bronchus,,FMA:7506,,respiratory,left,direct-source-geometry
FMA:7430,Superior lingular bronchus,,FMA:7430,,respiratory,unspecified,direct-source-geometry
FMA:7426|left,Left apical segmental bronchus,,FMA:7426,,respiratory,left,direct-source-geometry
FMA:7508|left,Left posterior basal segmental bronchus,,FMA:7508,,respiratory,left,direct-source-geometry
FMA:7505|left,Left medial basal segmental bronchus,,FMA:7505,,respiratory,left,direct-source-geometry
FMA:7504|left,Left superior segmental bronchus,,FMA:7504,,respiratory,left,direct-source-geometry
FMA:7428|left,Left anterior segmental bronchus,,FMA:7428,,respiratory,left,direct-source-geometry
FMA:7427|left,Left posterior segmental bronchus,,FMA:7427,,respiratory,left,direct-source-geometry
FMA:7507|left,Left lateral basal segmental bronchus,,FMA:7507,,respiratory,left,direct-source-geometry
FMA:7431,Inferior lingular bronchus,,FMA:7431,,respiratory,unspecified,direct-source-geometry
FMA:7401,Middle lobar bronchus,,FMA:7401,,respiratory,unspecified,direct-source-geometry
FMA:7397|right,Right superior lobar bronchus,,FMA:7397,,respiratory,right,direct-source-geometry
FMA:7404|right,Right inferior lobar bronchus,,FMA:7404,,respiratory,right,direct-source-geometry
FMA:7400|right,Right anterior segmental bronchus,,FMA:7400,,respiratory,right,direct-source-geometry
FMA:7419|right,Right lateral basal segmental bronchus,,FMA:7419,,respiratory,right,direct-source-geometry
FMA:7402,Lateral segmental bronchus,,FMA:7402,,respiratory,unspecified,direct-source-geometry
FMA:7403,Medial segmental bronchus,,FMA:7403,,respiratory,unspecified,direct-source-geometry
FMA:7417|right,Right medial basal segmental bronchus,,FMA:7417,,respiratory,right,direct-source-geometry
FMA:7420|right,Right posterior basal segmental bronchus,,FMA:7420,,respiratory,right,direct-source-geometry
FMA:7399|right,Right posterior segmental bronchus,,FMA:7399,,respiratory,right,direct-source-geometry
FMA:7416|right,Right superior segmental bronchus,,FMA:7416,,respiratory,right,direct-source-geometry
FMA:7398|right,Right apical segmental bronchus,,FMA:7398,,respiratory,right,direct-source-geometry
FMA:7418|right,Right anterior basal segmental bronchus,,FMA:7418,,respiratory,right,direct-source-geometry
FMA:15837,gastric surface of spleen,,FMA:15837,,lymphatic,unspecified,direct-source-geometry
FMA:15828,diaphragmatic surface of spleen,,FMA:15828,,lymphatic,unspecified,direct-source-geometry
FMA:15838,colic surface of spleen,,FMA:15838,,lymphatic,unspecified,direct-source-geometry
UBERON:0001248,hilum of spleen,UBERON:0001248,,,lymphatic,unspecified,direct-source-geometry
FMA:15839,renal surface of spleen,,FMA:15839,,lymphatic,unspecified,direct-source-geometry
UBERON:0005457|left,left thymus lobe,UBERON:0005457,,,lymphatic,left,direct-source-geometry
UBERON:0005469|right,right thymus lobe,UBERON:0005469,,,lymphatic,right,direct-source-geometry
UBERON:0010396,afferent lymphatic vessel,UBERON:0010396,,,lymphatic,unspecified,direct-source-geometry
UBERON:0002194,capsule of lymph node,UBERON:0002194,,,lymphatic,unspecified,direct-source-geometry
UBERON:0010748,lymph node follicle,UBERON:0010748,,,lymphatic,unspecified,direct-source-geometry
UBERON:0010397,efferent lymphatic vessel,UBERON:0010397,,,lymphatic,unspecified,direct-source-geometry
UBERON:0002007,medulla of lymph node,UBERON:0002007,,,lymphatic,unspecified,direct-source-geometry
UBERON:0010417,lymph node T cell domain,UBERON:0010417,,,lymphatic,unspecified,direct-source-geometry
UBERON:0004536,Lymph vasculature,UBERON:0004536,,,lymphatic,unspecified,direct-source-geometry
UBERON:0003690,fused sacrum,UBERON:0003690,,,skeletal,unspecified,direct-source-geometry
UBERON:0001350,coccyx,UBERON:0001350,,,skeletal,unspecified,direct-source-geometry
UBERON:0002483,trabecular bone tissue,UBERON:0002483,,,skeletal,unspecified,direct-source-geometry
UBERON:0001439,compact bone tissue,UBERON:0001439,,,skeletal,unspecified,direct-source-geometry
FMA:44601|right,Right tibial collateral ligament,,FMA:44601,,skeletal,right,direct-source-geometry
FMA:44615|right,Right anterior cruciate ligament,,FMA:44615,,skeletal,right,direct-source-geometry
FMA:44618|right,Right posterior cruciate ligament,,FMA:44618,,skeletal,right,direct-source-geometry
UBERON:0014899,anterolateral ligament of knee,UBERON:0014899,,,skeletal,unspecified,direct-source-geometry
FMA:44609|right,Right fibular collateral ligament,,FMA:44609,,skeletal,right,direct-source-geometry
FMA:44585|right,Right patellar ligament,,FMA:44585,,skeletal,right,direct-source-geometry
FMA:64019,Articular disk of knee joint,,FMA:64019,,skeletal,unspecified,direct-source-geometry
FMA:24474|right,Right femur,,FMA:24474,,skeletal,right,direct-source-geometry
FMA:43746|right,Patellar surface of right femur,,FMA:43746,,skeletal,right,direct-source-geometry
HRA:VH_F_medial_perichondular_surface_R|right,medial perichondular surface (right),,,,skeletal,right,direct-source-geometry
FMA:33189|right,Articular cartilage of distal epiphysis of right femur,,FMA:33189,,skeletal,right,direct-source-geometry
FMA:32862|right,Medial condyle of right femur,,FMA:32862,,skeletal,right,direct-source-geometry
FMA:32860|right,Lateral condyle of right femur,,FMA:32860,,skeletal,right,direct-source-geometry
UBERON:7500033,distal-most point of medial condyle of femur,UBERON:7500033,,,skeletal,unspecified,direct-source-geometry
FMA:43749|right,Intercondylar fossa of right femur,,FMA:43749,,skeletal,right,direct-source-geometry
HRA:VH_F_posterior_cruciate_enthesis_R|right,posterior cruciate enthesis (right),,,,skeletal,right,direct-source-geometry
HRA:VH_F_anterior_cruciate_enthesis_R|right,anterior cruciate enthesis (right),,,,skeletal,right,direct-source-geometry
HRA:VH_F_lateral_perichondular_surface_R|right,lateral perichondular surface (right),,,,skeletal,right,direct-source-geometry
HRA:VH_F_lateral_epicondylar_enthesis_R|right,lateral epicondylar enthesis (right),,,,skeletal,right,direct-source-geometry
HRA:VH_F_medial_epicondylar_enthesis_R|right,medial epicondylar enthesis (right),,,,skeletal,right,direct-source-geometry
FMA:24477|right,Right tibia,,FMA:24477,,skeletal,right,direct-source-geometry
FMA:24480|right,Right fibula,,FMA:24480,,skeletal,right,direct-source-geometry
FMA:24486|right,Right patella,,FMA:24486,,skeletal,right,direct-source-geometry
FMA:44610|left,Left fibular collateral ligament,,FMA:44610,,skeletal,left,direct-source-geometry
FMA:44586|left,Left patellar ligament,,FMA:44586,,skeletal,left,direct-source-geometry
FMA:44602|left,Left tibial collateral ligament,,FMA:44602,,skeletal,left,direct-source-geometry
FMA:44616|left,Left anterior cruciate ligament,,FMA:44616,,skeletal,left,direct-source-geometry
FMA:44619|left,Left posterior cruciate ligament,,FMA:44619,,skeletal,left,direct-source-geometry
FMA:24475|left,Left femur,,FMA:24475,,skeletal,left,direct-source-geometry
FMA:43750|left,Intercondylar fossa of left femur,,FMA:43750,,skeletal,left,direct-source-geometry
HRA:VH_F_anterior_cruciate_enthesis_L|left,anterior cruciate enthesis (left),,,,skeletal,left,direct-source-geometry
HRA:VH_F_posterior_cruciate_enthesis_L|left,posterior cruciate enthesis (left),,,,skeletal,left,direct-source-geometry
HRA:VH_F_lateral_perichondular_surface_L|left,lateral perichondular surface (left),,,,skeletal,left,direct-source-geometry
HRA:VH_F_lateral_epicondylar_enthesis_L|left,lateral epicondylar enthesis (left),,,,skeletal,left,direct-source-geometry
HRA:VH_F_medial_epicondylar_enthesis_L|left,medial epicondylar enthesis (left),,,,skeletal,left,direct-source-geometry
FMA:43747|left,Patellar surface of left femur,,FMA:43747,,skeletal,left,direct-source-geometry
HRA:VH_F_medial_perichondular_surface_L|left,medial perichondular surface (left),,,,skeletal,left,direct-source-geometry
FMA:33190|left,Articular cartilage of distal epiphysis of left femur,,FMA:33190,,skeletal,left,direct-source-geometry
FMA:32863|left,Medial condyle of left femur,,FMA:32863,,skeletal,left,direct-source-geometry
FMA:32861|left,Lateral condyle of left femur,,FMA:32861,,skeletal,left,direct-source-geometry
FMA:24487|left,Left patella,,FMA:24487,,skeletal,left,direct-source-geometry
FMA:24478|left,Left tibia,,FMA:24478,,skeletal,left,direct-source-geometry
FMA:24481|left,Left fibula,,FMA:24481,,skeletal,left,direct-source-geometry
UBERON:0004617,lumbar vertebra 1,UBERON:0004617,,,skeletal,unspecified,direct-source-geometry
UBERON:0004618,lumbar vertebra 2,UBERON:0004618,,,skeletal,unspecified,direct-source-geometry
UBERON:0004619,lumbar vertebra 3,UBERON:0004619,,,skeletal,unspecified,direct-source-geometry
UBERON:0004620,lumbar vertebra 4,UBERON:0004620,,,skeletal,unspecified,direct-source-geometry
UBERON:0004621,lumbar vertebra 5,UBERON:0004621,,,skeletal,unspecified,direct-source-geometry
HRA:VH_F_lumbar_vertebra_6,lumbar vertebra 6,,,,skeletal,unspecified,direct-source-geometry
UBERON:0004626,thoracic vertebra 1,UBERON:0004626,,,skeletal,unspecified,direct-source-geometry
UBERON:0004627,thoracic vertebra 2,UBERON:0004627,,,skeletal,unspecified,direct-source-geometry
UBERON:0004628,thoracic vertebra 3,UBERON:0004628,,,skeletal,unspecified,direct-source-geometry
UBERON:0004629,thoracic vertebra 4,UBERON:0004629,,,skeletal,unspecified,direct-source-geometry
UBERON:0004630,thoracic vertebra 5,UBERON:0004630,,,skeletal,unspecified,direct-source-geometry
UBERON:0004631,thoracic vertebra 6,UBERON:0004631,,,skeletal,unspecified,direct-source-geometry
UBERON:0004632,thoracic vertebra 7,UBERON:0004632,,,skeletal,unspecified,direct-source-geometry
UBERON:0011050,thoracic vertebra 8,UBERON:0011050,,,skeletal,unspecified,direct-source-geometry
UBERON:0004633,thoracic vertebra 9,UBERON:0004633,,,skeletal,unspecified,direct-source-geometry
UBERON:0004634,thoracic vertebra 10,UBERON:0004634,,,skeletal,unspecified,direct-source-geometry
UBERON:0004635,thoracic vertebra 11,UBERON:0004635,,,skeletal,unspecified,direct-source-geometry
UBERON:0004636,thoracic vertebra 12,UBERON:0004636,,,skeletal,unspecified,direct-source-geometry
UBERON:0001092,vertebral bone 1,UBERON:0001092,,,skeletal,unspecified,direct-source-geometry
UBERON:0001093,vertebral bone 2,UBERON:0001093,,,skeletal,unspecified,direct-source-geometry
UBERON:0004612,mammalian cervical vertebra 3,UBERON:0004612,,,skeletal,unspecified,direct-source-geometry
UBERON:0004613,mammalian cervical vertebra 4,UBERON:0004613,,,skeletal,unspecified,direct-source-geometry
UBERON:0004614,mammalian cervical vertebra 5,UBERON:0004614,,,skeletal,unspecified,direct-source-geometry
UBERON:0004615,mammalian cervical vertebra 6,UBERON:0004615,,,skeletal,unspecified,direct-source-geometry
UBERON:0004616,mammalian cervical vertebra 7,UBERON:0004616,,,skeletal,unspecified,direct-source-geometry
FMA:59763,Gingiva of upper jaw,,FMA:59763,,skeletal,unspecified,direct-source-geometry
FMA:59764,Gingiva of lower jaw,,FMA:59764,,skeletal,unspecified,direct-source-geometry
FMA:55704|left,Left lower first secondary molar tooth,,FMA:55704,,skeletal,left,direct-source-geometry
FMA:55693|left,Left lower first secondary premolar tooth,,FMA:55693,,skeletal,left,direct-source-geometry
FMA:55703|left,Left lower second secondary molar tooth,,FMA:55703,,skeletal,left,direct-source-geometry
FMA:55692|left,Left lower second secondary premolar tooth,,FMA:55692,,skeletal,left,direct-source-geometry
FMA:57143|left,Left lower central secondary incisor tooth,,FMA:57143,,skeletal,left,direct-source-geometry
FMA:57141|left,Left lower lateral secondary incisor tooth,,FMA:57141,,skeletal,left,direct-source-geometry
FMA:55687|left,Left lower secondary canine tooth,,FMA:55687,,skeletal,left,direct-source-geometry
FMA:55699|left,Left upper first secondary molar tooth,,FMA:55699,,skeletal,left,direct-source-geometry
FMA:55690|left,Left upper first secondary premolar tooth,,FMA:55690,,skeletal,left,direct-source-geometry
FMA:55700|left,Left upper second secondary molar tooth,,FMA:55700,,skeletal,left,direct-source-geometry
FMA:55691|left,Left upper second secondary premolar tooth,,FMA:55691,,skeletal,left,direct-source-geometry
FMA:55682|left,Left upper central secondary incisor tooth,,FMA:55682,,skeletal,left,direct-source-geometry
FMA:55683|left,Left upper lateral secondary incisor tooth,,FMA:55683,,skeletal,left,direct-source-geometry
FMA:55799|left,Left upper secondary canine tooth,,FMA:55799,,skeletal,left,direct-source-geometry
FMA:55705|right,Right lower first secondary molar tooth,,FMA:55705,,skeletal,right,direct-source-geometry
FMA:55694|right,Right lower first secondary premolar tooth,,FMA:55694,,skeletal,right,direct-source-geometry
FMA:55706|right,Right lower second secondary molar tooth,,FMA:55706,,skeletal,right,direct-source-geometry
FMA:55695|right,Right lower second secondary premolar tooth,,FMA:55695,,skeletal,right,direct-source-geometry
FMA:57142|right,Right lower central secondary incisor tooth,,FMA:57142,,skeletal,right,direct-source-geometry
FMA:57140|right,Right lower lateral secondary incisor tooth,,FMA:57140,,skeletal,right,direct-source-geometry
FMA:55686|right,Right lower secondary canine tooth,,FMA:55686,,skeletal,right,direct-source-geometry
FMA:55697|right,Right upper second secondary molar tooth,,FMA:55697,,skeletal,right,direct-source-geometry
FMA:55698|right,Right upper first secondary molar tooth,,FMA:55698,,skeletal,right,direct-source-geometry
FMA:55689|right,Right upper first secondary premolar tooth,,FMA:55689,,skeletal,right,direct-source-geometry
FMA:55688|right,Right upper second secondary premolar tooth,,FMA:55688,,skeletal,right,direct-source-geometry
FMA:55681|right,Right upper central secondary incisor tooth,,FMA:55681,,skeletal,right,direct-source-geometry
FMA:55680|right,Right upper lateral secondary incisor tooth,,FMA:55680,,skeletal,right,direct-source-geometry
FMA:55798|right,Right upper secondary canine tooth,,FMA:55798,,skeletal,right,direct-source-geometry
FMA:58082|left,Anterior chamber of left eyeball,,FMA:58082,,sensory,left,direct-source-geometry
FMA:52677|left,Left anterior ethmoidal nerve,,FMA:52677,,nervous,left,direct-source-geometry
FMA:49145|left,Check ligament of left lateral rectus,,FMA:49145,,connective,left,direct-source-geometry
FMA:58484|left,Left corona ciliaris,,FMA:58484,,sensory,left,direct-source-geometry
FMA:53550|left,Left ciliary ganglion,,FMA:53550,,nervous,left,direct-source-geometry
FMA:52640|left,Left frontal nerve,,FMA:52640,,nervous,left,direct-source-geometry
FMA:49073|left,Left common tendinous ring,,FMA:49073,,sensory,left,direct-source-geometry
FMA:49148|left,Check ligament of left medial rectus,,FMA:49148,,connective,left,direct-source-geometry
FMA:52577|left,Inferior branch of left oculomotor nerve,,FMA:52577,,nervous,left,direct-source-geometry
FMA:52699|left,Left infratrochlear nerve,,FMA:52699,,nervous,left,direct-source-geometry
FMA:59583|left,Left lacrimal canaliculus,,FMA:59583,,sensory,left,direct-source-geometry
FMA:59103|left,Left lacrimal gland,,FMA:59103,,sensory,left,direct-source-geometry
FMA:52630|left,Left lacrimal nerve,,FMA:52630,,nervous,left,direct-source-geometry
FMA:59542|left,Left lacrimal lake,,FMA:59542,,sensory,left,direct-source-geometry
FMA:59556|left,Left nasolacrimal duct,,FMA:59556,,sensory,left,direct-source-geometry
FMA:49049|left,Left levator palpebrae superioris,,FMA:49049,,muscular,left,direct-source-geometry
FMA:59546|left,Left lacrimal sac,,FMA:59546,,sensory,left,direct-source-geometry
FMA:52670|left,Left nasociliary nerve,,FMA:52670,,nervous,left,direct-source-geometry
FMA:52674|left,Communicating branch of left nasociliary nerve with left ciliary ganglion,,FMA:52674,,nervous,left,direct-source-geometry
FMA:52623|left,Left ophthalmic nerve,,FMA:52623,,nervous,left,direct-source-geometry
FMA:52716|left,Left posterior ethmoidal nerve,,FMA:52716,,nervous,left,direct-source-geometry
FMA:58608|left,Optic part of left retina,,FMA:58608,,sensory,left,direct-source-geometry
FMA:82735|left,Left long ciliary nerve,,FMA:82735,,nervous,left,direct-source-geometry
FMA:7041,Short ciliary nerve,,FMA:7041,,nervous,unspecified,direct-source-geometry
FMA:52575|left,Superior branch of left oculomotor nerve,,FMA:52575,,nervous,left,direct-source-geometry
FMA:59092|left,Tarsal plate of left upper eyelid,,FMA:59092,,sensory,left,direct-source-geometry
FMA:52657|left,Left supra-orbital nerve,,FMA:52657,,nervous,left,direct-source-geometry
FMA:52644|left,Left supratrochlear nerve,,FMA:52644,,nervous,left,direct-source-geometry
FMA:59090|left,Tarsal plate of left lower eyelid,,FMA:59090,,sensory,left,direct-source-geometry
FMA:49068|left,Trochlea of left superior oblique,,FMA:49068,,connective,left,direct-source-geometry
FMA:50882|left,Left trochlear nerve,,FMA:50882,,nervous,left,direct-source-geometry
FMA:58829|left,Left vitreous body,,FMA:58829,,sensory,left,direct-source-geometry
FMA:58081|right,Anterior chamber of right eyeball,,FMA:58081,,sensory,right,direct-source-geometry
FMA:52676|right,Right anterior ethmoidal nerve,,FMA:52676,,nervous,right,direct-source-geometry
FMA:49144|right,Check ligament of right lateral rectus,,FMA:49144,,connective,right,direct-source-geometry
FMA:49147|right,Check ligament of right medial rectus,,FMA:49147,,connective,right,direct-source-geometry
FMA:58483|right,Right corona ciliaris,,FMA:58483,,sensory,right,direct-source-geometry
FMA:53549|right,Right ciliary ganglion,,FMA:53549,,nervous,right,direct-source-geometry
FMA:52639|right,Right frontal nerve,,FMA:52639,,nervous,right,direct-source-geometry
FMA:49072|right,Right common tendinous ring,,FMA:49072,,sensory,right,direct-source-geometry
FMA:54159|right,Tendon of right levator palpebrae superioris,,FMA:54159,,connective,right,direct-source-geometry
FMA:52576|right,Inferior branch of right oculomotor nerve,,FMA:52576,,nervous,right,direct-source-geometry
FMA:52698|right,Right infratrochlear nerve,,FMA:52698,,nervous,right,direct-source-geometry
FMA:59582|right,Right lacrimal canaliculus,,FMA:59582,,sensory,right,direct-source-geometry
FMA:59102|right,Right lacrimal gland,,FMA:59102,,sensory,right,direct-source-geometry
FMA:52629|right,Right lacrimal nerve,,FMA:52629,,nervous,right,direct-source-geometry
FMA:59541|right,Right lacrimal lake,,FMA:59541,,sensory,right,direct-source-geometry
FMA:59555|right,Right nasolacrimal duct,,FMA:59555,,sensory,right,direct-source-geometry
FMA:49048|right,Right levator palpebrae superioris,,FMA:49048,,muscular,right,direct-source-geometry
FMA:59545|right,Right lacrimal sac,,FMA:59545,,sensory,right,direct-source-geometry
FMA:52669|right,Right nasociliary nerve,,FMA:52669,,nervous,right,direct-source-geometry
FMA:52673|right,Communicating branch of right nasociliary nerve with right ciliary ganglion,,FMA:52673,,nervous,right,direct-source-geometry
FMA:52622|right,Right ophthalmic nerve,,FMA:52622,,nervous,right,direct-source-geometry
FMA:52715|right,Right posterior ethmoidal nerve,,FMA:52715,,nervous,right,direct-source-geometry
FMA:58607|right,Optic part of right retina,,FMA:58607,,sensory,right,direct-source-geometry
FMA:82734|right,Right long ciliary nerve,,FMA:82734,,nervous,right,direct-source-geometry
FMA:52574|right,Superior branch of right oculomotor nerve,,FMA:52574,,nervous,right,direct-source-geometry
FMA:59091|right,Tarsal plate of right upper eyelid,,FMA:59091,,sensory,right,direct-source-geometry
FMA:52656|right,Right supra-orbital nerve,,FMA:52656,,nervous,right,direct-source-geometry
FMA:52643|right,Right supratrochlear nerve,,FMA:52643,,nervous,right,direct-source-geometry
FMA:59089|right,Tarsal plate of right lower eyelid,,FMA:59089,,sensory,right,direct-source-geometry
FMA:49067|right,Trochlea of right superior oblique,,FMA:49067,,connective,right,direct-source-geometry
FMA:50881|right,Right trochlear nerve,,FMA:50881,,nervous,right,direct-source-geometry
FMA:58828|right,Right vitreous body,,FMA:58828,,sensory,right,direct-source-geometry
FMA:37717|right,First lumbrical of right foot,,FMA:37717,,muscular,right,direct-source-geometry
FMA:37718|left,First lumbrical of left foot,,FMA:37718,,muscular,left,direct-source-geometry
FMA:37745|right,First plantar interosseous of right foot,,FMA:37745,,muscular,right,direct-source-geometry
FMA:37746|left,First plantar interosseous of left foot,,FMA:37746,,muscular,left,direct-source-geometry
FMA:37719|right,Second lumbrical of right foot,,FMA:37719,,muscular,right,direct-source-geometry
FMA:37720|left,Second lumbrical of left foot,,FMA:37720,,muscular,left,direct-source-geometry
FMA:37743|right,Second plantar interosseous of right foot,,FMA:37743,,muscular,right,direct-source-geometry
FMA:37744|left,Second plantar interosseous of left foot,,FMA:37744,,muscular,left,direct-source-geometry
FMA:37485|right,Third lumbrical of right foot,,FMA:37485,,muscular,right,direct-source-geometry
FMA:37486|left,Third lumbrical of left foot,,FMA:37486,,muscular,left,direct-source-geometry
FMA:37741|right,Third plantar interosseous of right foot,,FMA:37741,,muscular,right,direct-source-geometry
FMA:37742|left,Third plantar interosseous of left foot,,FMA:37742,,muscular,left,direct-source-geometry
FMA:37483|right,Fourth lumbrical of right foot,,FMA:37483,,muscular,right,direct-source-geometry
FMA:37484|left,Fourth lumbrical of left foot,,FMA:37484,,muscular,left,direct-source-geometry
FMA:37463|right,Abductor digiti minimi of right foot,,FMA:37463,,muscular,right,direct-source-geometry
FMA:37464|left,Abductor digiti minimi of left foot,,FMA:37464,,muscular,left,direct-source-geometry
FMA:37471|right,Flexor digiti minimi brevis of right foot,,FMA:37471,,muscular,right,direct-source-geometry
FMA:37472|left,Flexor digiti minimi brevis of left foot,,FMA:37472,,muscular,left,direct-source-geometry
FMA:35192|right,Interosseous membrane of right leg,,FMA:35192,,connective,right,direct-source-geometry
FMA:35193|left,Interosseous membrane of left leg,,FMA:35193,,connective,left,direct-source-geometry
FMA:45973|right,Lateral head of right flexor hallucis brevis,,FMA:45973,,muscular,right,direct-source-geometry
FMA:45974|left,Lateral head of left flexor hallucis brevis,,FMA:45974,,muscular,left,direct-source-geometry
FMA:45960|right,Lateral head of right gastrocnemius,,FMA:45960,,muscular,right,direct-source-geometry
FMA:45961|left,Lateral head of left gastrocnemius,,FMA:45961,,muscular,left,direct-source-geometry
FMA:45888|right,Long head of right biceps femoris,,FMA:45888,,muscular,right,direct-source-geometry
FMA:45889|left,Long head of left biceps femoris,,FMA:45889,,muscular,left,direct-source-geometry
FMA:45971|right,Medial head of right flexor hallucis brevis,,FMA:45971,,muscular,right,direct-source-geometry
FMA:45972|left,Medial head of left flexor hallucis brevis,,FMA:45972,,muscular,left,direct-source-geometry
FMA:45957|right,Medial head of right gastrocnemius,,FMA:45957,,muscular,right,direct-source-geometry
FMA:45958|left,Medial head of left gastrocnemius,,FMA:45958,,muscular,left,direct-source-geometry
FMA:46018|right,Oblique head of right adductor hallucis,,FMA:46018,,muscular,right,direct-source-geometry
FMA:46019|left,Oblique head of left adductor hallucis,,FMA:46019,,muscular,left,direct-source-geometry
FMA:86034|right,Opponens digiti minimi of right foot,,FMA:86034,,muscular,right,direct-source-geometry
FMA:86035|left,Opponens digiti minimi of left foot,,FMA:86035,,muscular,left,direct-source-geometry
FMA:37459|right,Right abductor hallucis,,FMA:37459,,muscular,right,direct-source-geometry
FMA:37460|left,Left abductor hallucis,,FMA:37460,,muscular,left,direct-source-geometry
FMA:22452|right,Right adductor brevis,,FMA:22452,,muscular,right,direct-source-geometry
FMA:22454|left,Left adductor brevis,,FMA:22454,,muscular,left,direct-source-geometry
FMA:22456|right,Right adductor longus,,FMA:22456,,muscular,right,direct-source-geometry
FMA:22457|left,Left adductor longus,,FMA:22457,,muscular,left,direct-source-geometry
FMA:22459|right,Right adductor magnus,,FMA:22459,,muscular,right,direct-source-geometry
FMA:22460|left,Left adductor magnus,,FMA:22460,,muscular,left,direct-source-geometry
FMA:43886|right,Right adductor minimus,,FMA:43886,,muscular,right,direct-source-geometry
FMA:43887|left,Left adductor minimus,,FMA:43887,,muscular,left,direct-source-geometry
FMA:258847|right,Right calcaneal tendon,,FMA:258847,,connective,right,direct-source-geometry
FMA:264844|left,Left calcaneal tendon,,FMA:264844,,connective,left,direct-source-geometry
FMA:22548|right,Right extensor digitorum longus,,FMA:22548,,muscular,right,direct-source-geometry
FMA:22549|left,Left extensor digitorum longus,,FMA:22549,,muscular,left,direct-source-geometry
FMA:51144|right,Right extensor hallucis brevis,,FMA:51144,,muscular,right,direct-source-geometry
FMA:51145|left,Left extensor hallucis brevis,,FMA:51145,,muscular,left,direct-source-geometry
FMA:22546|right,Right extensor hallucis longus,,FMA:22546,,muscular,right,direct-source-geometry
FMA:22547|left,Left extensor hallucis longus,,FMA:22547,,muscular,left,direct-source-geometry
FMA:22554|right,Right fibularis brevis,,FMA:22554,,skeletal,right,direct-source-geometry
FMA:22555|left,Left fibularis brevis,,FMA:22555,,skeletal,left,direct-source-geometry
FMA:22552|right,Right fibularis longus,,FMA:22552,,skeletal,right,direct-source-geometry
FMA:22553|left,Left fibularis longus,,FMA:22553,,skeletal,left,direct-source-geometry
FMA:22550|right,Right fibularis tertius,,FMA:22550,,skeletal,right,direct-source-geometry
FMA:22551|left,Left fibularis tertius,,FMA:22551,,skeletal,left,direct-source-geometry
FMA:37465|right,Right flexor accessorius,,FMA:37465,,muscular,right,direct-source-geometry
FMA:37466|left,Left flexor accessorius,,FMA:37466,,muscular,left,direct-source-geometry
FMA:37461|right,Right flexor digitorum brevis,,FMA:37461,,muscular,right,direct-source-geometry
FMA:37462|left,Left flexor digitorum brevis,,FMA:37462,,muscular,left,direct-source-geometry
FMA:65016|right,Right flexor digitorum longus,,FMA:65016,,muscular,right,direct-source-geometry
FMA:65017|left,Left flexor digitorum longus,,FMA:65017,,muscular,left,direct-source-geometry
FMA:65014|right,Right flexor hallucis longus,,FMA:65014,,muscular,right,direct-source-geometry
FMA:65015|left,Left flexor hallucis longus,,FMA:65015,,muscular,left,direct-source-geometry
FMA:22336|right,Right gemellus inferior,,FMA:22336,,muscular,right,direct-source-geometry
FMA:22337|left,Left gemellus inferior,,FMA:22337,,muscular,left,direct-source-geometry
FMA:22334|right,Right gemellus superior,,FMA:22334,,muscular,right,direct-source-geometry
FMA:22335|left,Left gemellus superior,,FMA:22335,,muscular,left,direct-source-geometry
FMA:22328|right,Right gluteus maximus,,FMA:22328,,muscular,right,direct-source-geometry
FMA:22329|left,Left gluteus maximus,,FMA:22329,,muscular,left,direct-source-geometry
FMA:22330|right,Right gluteus medius,,FMA:22330,,muscular,right,direct-source-geometry
FMA:22331|left,Left gluteus medius,,FMA:22331,,muscular,left,direct-source-geometry
FMA:22332|right,Right gluteus minimus,,FMA:22332,,muscular,right,direct-source-geometry
FMA:22333|left,Left gluteus minimus,,FMA:22333,,muscular,left,direct-source-geometry
FMA:43883|right,Right gracilis,,FMA:43883,,muscular,right,direct-source-geometry
FMA:43884|left,Left gracilis,,FMA:43884,,muscular,left,direct-source-geometry
FMA:22322|right,Right iliacus,,FMA:22322,,muscular,right,direct-source-geometry
FMA:22323|left,Left iliacus,,FMA:22323,,muscular,left,direct-source-geometry
FMA:58776|right,Right iliotibial tract,,FMA:58776,,skeletal,right,direct-source-geometry
FMA:58777|left,Left iliotibial tract,,FMA:58777,,skeletal,left,direct-source-geometry
FMA:44249|right,Right long plantar ligament,,FMA:44249,,connective,right,direct-source-geometry
FMA:44250|left,Left long plantar ligament,,FMA:44250,,connective,left,direct-source-geometry
FMA:22326|right,Right obturator externus,,FMA:22326,,muscular,right,direct-source-geometry
FMA:22327|left,Left obturator externus,,FMA:22327,,muscular,left,direct-source-geometry
FMA:22324|right,Right obturator internus,,FMA:22324,,muscular,right,direct-source-geometry
FMA:22325|left,Left obturator internus,,FMA:22325,,muscular,left,direct-source-geometry
FMA:22450|right,Right pectineus,,FMA:22450,,muscular,right,direct-source-geometry
FMA:22451|left,Left pectineus,,FMA:22451,,muscular,left,direct-source-geometry
FMA:22340|right,Right piriformis,,FMA:22340,,muscular,right,direct-source-geometry
FMA:22341|left,Left piriformis,,FMA:22341,,muscular,left,direct-source-geometry
FMA:22560|right,Right plantaris,,FMA:22560,,muscular,right,direct-source-geometry
FMA:22561|left,Left plantaris,,FMA:22561,,muscular,left,direct-source-geometry
FMA:22591|right,Right popliteus,,FMA:22591,,muscular,right,direct-source-geometry
FMA:22592|left,Left popliteus,,FMA:22592,,muscular,left,direct-source-geometry
FMA:22342|right,Right psoas major,,FMA:22342,,muscular,right,direct-source-geometry
FMA:22343|left,Left psoas major,,FMA:22343,,muscular,left,direct-source-geometry
FMA:22338|right,Right quadratus femoris,,FMA:22338,,muscular,right,direct-source-geometry
FMA:22339|left,Left quadratus femoris,,FMA:22339,,muscular,left,direct-source-geometry
FMA:22354|right,Right sartorius,,FMA:22354,,muscular,right,direct-source-geometry
FMA:22355|left,Left sartorius,,FMA:22355,,muscular,left,direct-source-geometry
FMA:22448|right,Right semimembranosus,,FMA:22448,,muscular,right,direct-source-geometry
FMA:22449|left,Left semimembranosus,,FMA:22449,,muscular,left,direct-source-geometry
FMA:22358|right,Right semitendinosus,,FMA:22358,,muscular,right,direct-source-geometry
FMA:22359|left,Left semitendinosus,,FMA:22359,,muscular,left,direct-source-geometry
FMA:22558|right,Right soleus,,FMA:22558,,muscular,right,direct-source-geometry
FMA:22559|left,Left soleus,,FMA:22559,,muscular,left,direct-source-geometry
FMA:22425|right,Right tensor fasciae latae,,FMA:22425,,connective,right,direct-source-geometry
FMA:22426|left,Left tensor fasciae latae,,FMA:22426,,connective,left,direct-source-geometry
FMA:22544|right,Right tibialis anterior,,FMA:22544,,skeletal,right,direct-source-geometry
FMA:22545|left,Left tibialis anterior,,FMA:22545,,skeletal,left,direct-source-geometry
FMA:65018|right,Right tibialis posterior,,FMA:65018,,skeletal,right,direct-source-geometry
FMA:65019|left,Left tibialis posterior,,FMA:65019,,skeletal,left,direct-source-geometry
FMA:38934|right,Right vastus intermedius,,FMA:38934,,muscular,right,direct-source-geometry
FMA:38935|left,Left vastus intermedius,,FMA:38935,,muscular,left,direct-source-geometry
FMA:38930|right,Right vastus lateralis,,FMA:38930,,muscular,right,direct-source-geometry
FMA:38931|left,Left vastus lateralis,,FMA:38931,,muscular,left,direct-source-geometry
FMA:38932|right,Right vastus medialis,,FMA:38932,,muscular,right,direct-source-geometry
FMA:38933|left,Left vastus medialis,,FMA:38933,,muscular,left,direct-source-geometry
FMA:45891|right,Short head of right biceps femoris,,FMA:45891,,muscular,right,direct-source-geometry
FMA:45892|left,Short head of left biceps femoris,,FMA:45892,,muscular,left,direct-source-geometry
FMA:46020|right,Transverse head of right adductor hallucis,,FMA:46020,,muscular,right,direct-source-geometry
FMA:46021|left,Transverse head of left adductor hallucis,,FMA:46021,,muscular,left,direct-source-geometry
FMA:45874|right,Abdominal part of right pectoralis major,,FMA:45874,,muscular,right,direct-source-geometry
FMA:45875|left,Abdominal part of left pectoralis major,,FMA:45875,,muscular,left,direct-source-geometry
FMA:34690|right,Clavicular part of right pectoralis major,,FMA:34690,,muscular,right,direct-source-geometry
FMA:34691|left,Clavicular part of left pectoralis major,,FMA:34691,,muscular,left,direct-source-geometry
FMA:11336,Linea alba,,FMA:11336,,connective,unspecified,direct-source-geometry
FMA:46444|left,Left coccygeus,,FMA:46444,,muscular,left,direct-source-geometry
FMA:19728,superficial perineal muscle,,FMA:19728,,muscular,unspecified,direct-source-geometry
FMA:21930,External anal sphincter,,FMA:21930,,muscular,unspecified,direct-source-geometry
FMA:9756,external intercostal muscle,,FMA:9756,,muscular,unspecified,direct-source-geometry
FMA:13336|right,Right external oblique,,FMA:13336,,muscular,right,direct-source-geometry
FMA:13337|left,Left external oblique,,FMA:13337,,muscular,left,direct-source-geometry
FMA:45859|left,Left iliococcygeus,,FMA:45859,,muscular,left,direct-source-geometry
FMA:9758,innermost intercostal muscle,,FMA:9758,,muscular,unspecified,direct-source-geometry
FMA:9757,internal intercostal muscle,,FMA:9757,,muscular,unspecified,direct-source-geometry
FMA:13375|right,Right pectoralis minor,,FMA:13375,,muscular,right,direct-source-geometry
FMA:13376|left,Left pectoralis minor,,FMA:13376,,muscular,left,direct-source-geometry
FMA:45855|left,Left pubococcygeus,,FMA:45855,,muscular,left,direct-source-geometry
FMA:45857|left,Left puborectalis,,FMA:45857,,muscular,left,direct-source-geometry
FMA:13398|right,Right serratus anterior,,FMA:13398,,muscular,right,direct-source-geometry
FMA:13399|left,Left serratus anterior,,FMA:13399,,muscular,left,direct-source-geometry
FMA:13412|right,Right subclavius,,FMA:13412,,muscular,right,direct-source-geometry
FMA:13411|left,Left subclavius,,FMA:13411,,muscular,left,direct-source-geometry
FMA:9761|right,Right transversus thoracis,,FMA:9761,,muscular,right,direct-source-geometry
FMA:9762|left,Left transversus thoracis,,FMA:9762,,muscular,left,direct-source-geometry
FMA:74077|right,Set of right levatores costarum breves,,FMA:74077,,muscular,right,direct-source-geometry
FMA:74078|left,Set of left levatores costarum breves,,FMA:74078,,muscular,left,direct-source-geometry
FMA:74075|right,Set of right levatores costarum longi,,FMA:74075,,muscular,right,direct-source-geometry
FMA:74076|left,Set of left levatores costarum longi,,FMA:74076,,muscular,left,direct-source-geometry
FMA:79979|right,Sternocostal part of right pectoralis major,,FMA:79979,,muscular,right,direct-source-geometry
FMA:79980|left,Sternocostal part of left pectoralis major,,FMA:79980,,muscular,left,direct-source-geometry
FMA:46442,tendinous arch of levator ani,,FMA:46442,,connective,unspecified,direct-source-geometry
FMA:37396|right,Abductor digiti minimi of right hand,,FMA:37396,,muscular,right,direct-source-geometry
FMA:37397|left,Abductor digiti minimi of left hand,,FMA:37397,,muscular,left,direct-source-geometry
FMA:34682|right,Acromial part of right deltoid,,FMA:34682,,muscular,right,direct-source-geometry
FMA:34683|left,Acromial part of left deltoid,,FMA:34683,,muscular,left,direct-source-geometry
FMA:34680|right,Clavicular part of right deltoid,,FMA:34680,,muscular,right,direct-source-geometry
FMA:34681|left,Clavicular part of left deltoid,,FMA:34681,,muscular,left,direct-source-geometry
FMA:37389|left,Left flexor pollicis brevis,,FMA:37389,,muscular,left,direct-source-geometry
FMA:37388|right,Right flexor pollicis brevis,,FMA:37388,,muscular,right,direct-source-geometry
FMA:37398|right,Flexor digiti minimi brevis of right hand,,FMA:37398,,muscular,right,direct-source-geometry
FMA:37399|left,Flexor digiti minimi brevis of left hand,,FMA:37399,,muscular,left,direct-source-geometry
FMA:40120|right,Flexor retinaculum of right wrist,,FMA:40120,,sensory,right,direct-source-geometry
FMA:40121|left,Flexor retinaculum of left wrist,,FMA:40121,,sensory,left,direct-source-geometry
FMA:38507|right,Right extensor carpi ulnaris,,FMA:38507,,muscular,right,direct-source-geometry
FMA:38508|left,Left extensor carpi ulnaris,,FMA:38508,,muscular,left,direct-source-geometry
FMA:38617|right,Humeral head of right flexor carpi ulnaris,,FMA:38617,,muscular,right,direct-source-geometry
FMA:38618|left,Humeral head of left flexor carpi ulnaris,,FMA:38618,,muscular,left,direct-source-geometry
FMA:38560|right,Humeral head of right pronator teres,,FMA:38560,,muscular,right,direct-source-geometry
FMA:38561|left,Humeral head of left pronator teres,,FMA:38561,,muscular,left,direct-source-geometry
FMA:38470|right,Right flexor digitorum superficialis,,FMA:38470,,muscular,right,direct-source-geometry
FMA:38471|left,Left flexor digitorum superficialis,,FMA:38471,,muscular,left,direct-source-geometry
FMA:23707|right,Interosseous membrane of right forearm,,FMA:23707,,connective,right,direct-source-geometry
FMA:23708|left,Interosseous membrane of left forearm,,FMA:23708,,connective,left,direct-source-geometry
FMA:37697|right,Lateral head of right triceps brachii,,FMA:37697,,muscular,right,direct-source-geometry
FMA:37698|left,Lateral head of left triceps brachii,,FMA:37698,,muscular,left,direct-source-geometry
FMA:37686|right,Long head of right biceps brachii,,FMA:37686,,muscular,right,direct-source-geometry
FMA:37687|left,Long head of left biceps brachii,,FMA:37687,,muscular,left,direct-source-geometry
FMA:37699|right,Long head of right triceps brachii,,FMA:37699,,muscular,right,direct-source-geometry
FMA:37700|left,Long head of left triceps brachii,,FMA:37700,,muscular,left,direct-source-geometry
FMA:37695|right,Medial head of right triceps brachii,,FMA:37695,,muscular,right,direct-source-geometry
FMA:37696|left,Medial head of left triceps brachii,,FMA:37696,,muscular,left,direct-source-geometry
FMA:46121|right,Oblique head of right adductor pollicis,,FMA:46121,,muscular,right,direct-source-geometry
FMA:46122|left,Oblique head of left adductor pollicis,,FMA:46122,,muscular,left,direct-source-geometry
FMA:37400|right,Opponens digiti minimi of right hand,,FMA:37400,,muscular,right,direct-source-geometry
FMA:37401|left,Opponens digiti minimi of left hand,,FMA:37401,,muscular,left,direct-source-geometry
FMA:37386|right,Right abductor pollicis brevis,,FMA:37386,,muscular,right,direct-source-geometry
FMA:37387|left,Left abductor pollicis brevis,,FMA:37387,,muscular,left,direct-source-geometry
FMA:38516|right,Right abductor pollicis longus,,FMA:38516,,muscular,right,direct-source-geometry
FMA:38517|left,Left abductor pollicis longus,,FMA:38517,,muscular,left,direct-source-geometry
FMA:37705|right,Right anconeus,,FMA:37705,,muscular,right,direct-source-geometry
FMA:37706|left,Left anconeus,,FMA:37706,,muscular,left,direct-source-geometry
FMA:37668|right,Right brachialis,,FMA:37668,,muscular,right,direct-source-geometry
FMA:37669|left,Left brachialis,,FMA:37669,,muscular,left,direct-source-geometry
FMA:38486|right,Right brachioradialis,,FMA:38486,,muscular,right,direct-source-geometry
FMA:38487|left,Left brachioradialis,,FMA:38487,,muscular,left,direct-source-geometry
FMA:37665|right,Right coracobrachialis,,FMA:37665,,muscular,right,direct-source-geometry
FMA:37666|left,Left coracobrachialis,,FMA:37666,,muscular,left,direct-source-geometry
FMA:38498|right,Right extensor carpi radialis brevis,,FMA:38498,,muscular,right,direct-source-geometry
FMA:38499|left,Left extensor carpi radialis brevis,,FMA:38499,,muscular,left,direct-source-geometry
FMA:38495|right,Right extensor carpi radialis longus,,FMA:38495,,muscular,right,direct-source-geometry
FMA:38496|left,Left extensor carpi radialis longus,,FMA:38496,,muscular,left,direct-source-geometry
FMA:38504|right,Right extensor digiti minimi,,FMA:38504,,muscular,right,direct-source-geometry
FMA:38505|left,Left extensor digiti minimi,,FMA:38505,,muscular,left,direct-source-geometry
FMA:38501|right,Right extensor digitorum,,FMA:38501,,muscular,right,direct-source-geometry
FMA:38502|left,Left extensor digitorum,,FMA:38502,,muscular,left,direct-source-geometry
FMA:38525|right,Right extensor indicis,,FMA:38525,,muscular,right,direct-source-geometry
FMA:38526|left,Left extensor indicis,,FMA:38526,,muscular,left,direct-source-geometry
FMA:38519|right,Right extensor pollicis brevis,,FMA:38519,,muscular,right,direct-source-geometry
FMA:38520|left,Left extensor pollicis brevis,,FMA:38520,,muscular,left,direct-source-geometry
FMA:38522|right,Right extensor pollicis longus,,FMA:38522,,muscular,right,direct-source-geometry
FMA:38523|left,Left extensor pollicis longus,,FMA:38523,,muscular,left,direct-source-geometry
FMA:38460|right,Right flexor carpi radialis,,FMA:38460,,muscular,right,direct-source-geometry
FMA:38461|left,Left flexor carpi radialis,,FMA:38461,,muscular,left,direct-source-geometry
FMA:38479|right,Right flexor digitorum profundus,,FMA:38479,,muscular,right,direct-source-geometry
FMA:38480|left,Left flexor digitorum profundus,,FMA:38480,,muscular,left,direct-source-geometry
FMA:38482|right,Right flexor pollicis longus,,FMA:38482,,muscular,right,direct-source-geometry
FMA:38484|left,Left flexor pollicis longus,,FMA:38484,,muscular,left,direct-source-geometry
FMA:32547|right,Right infraspinatus muscle,,FMA:32547,,muscular,right,direct-source-geometry
FMA:32548|left,Left infraspinatus muscle,,FMA:32548,,muscular,left,direct-source-geometry
FMA:37390|right,Right opponens pollicis,,FMA:37390,,muscular,right,direct-source-geometry
FMA:37391|left,Left opponens pollicis,,FMA:37391,,muscular,left,direct-source-geometry
FMA:38463|right,Right palmaris longus,,FMA:38463,,muscular,right,direct-source-geometry
FMA:38464|left,Left palmaris longus,,FMA:38464,,muscular,left,direct-source-geometry
FMA:38454|right,Right pronator quadratus,,FMA:38454,,muscular,right,direct-source-geometry
FMA:38455|left,Left pronator quadratus,,FMA:38455,,muscular,left,direct-source-geometry
FMA:13414|right,Right subscapularis,,FMA:13414,,skeletal,right,direct-source-geometry
FMA:13415|left,Left subscapularis,,FMA:13415,,skeletal,left,direct-source-geometry
FMA:38513|right,Right supinator,,FMA:38513,,muscular,right,direct-source-geometry
FMA:38514|left,Left supinator,,FMA:38514,,muscular,left,direct-source-geometry
FMA:32544|right,Right supraspinatus,,FMA:32544,,muscular,right,direct-source-geometry
FMA:32545|left,Left supraspinatus,,FMA:32545,,muscular,left,direct-source-geometry
FMA:32551|right,Right teres major,,FMA:32551,,muscular,right,direct-source-geometry
FMA:32552|left,Left teres major,,FMA:32552,,muscular,left,direct-source-geometry
FMA:32553|right,Right teres minor,,FMA:32553,,muscular,right,direct-source-geometry
FMA:32554|left,Left teres minor,,FMA:32554,,muscular,left,direct-source-geometry
FMA:42404|right,Set of dorsal interossei of right hand,,FMA:42404,,muscular,right,direct-source-geometry
FMA:42405|left,Set of dorsal interossei of left hand,,FMA:42405,,muscular,left,direct-source-geometry
FMA:42398|right,Set of lumbricals of right hand,,FMA:42398,,muscular,right,direct-source-geometry
FMA:42399|left,Set of lumbricals of left hand,,FMA:42399,,muscular,left,direct-source-geometry
FMA:42402|right,Set of palmar interossei of right hand,,FMA:42402,,muscular,right,direct-source-geometry
FMA:42403|left,Set of palmar interossei of left hand,,FMA:42403,,muscular,left,direct-source-geometry
FMA:37684|right,Short head of right biceps brachii,,FMA:37684,,muscular,right,direct-source-geometry
FMA:37685|left,Short head of left biceps brachii,,FMA:37685,,muscular,left,direct-source-geometry
FMA:34684|right,Spinal part of right deltoid,,FMA:34684,,muscular,right,direct-source-geometry
FMA:34685|left,Spinal part of left deltoid,,FMA:34685,,muscular,left,direct-source-geometry
FMA:65198|right,Superficial head of right flexor pollicis brevis,,FMA:65198,,muscular,right,direct-source-geometry
FMA:65199|left,Superficial head of left flexor pollicis brevis,,FMA:65199,,muscular,left,direct-source-geometry
FMA:46123|right,Transverse head of right adductor pollicis,,FMA:46123,,muscular,right,direct-source-geometry
FMA:46124|left,Transverse head of left adductor pollicis,,FMA:46124,,muscular,left,direct-source-geometry
FMA:38562|right,Ulnar head of right pronator teres,,FMA:38562,,muscular,right,direct-source-geometry
FMA:38563|left,Ulnar head of left pronator teres,,FMA:38563,,muscular,left,direct-source-geometry
FMA:38619|right,Ulnar head of right flexor carpi ulnaris,,FMA:38619,,muscular,right,direct-source-geometry
FMA:38620|left,Ulnar head of left flexor carpi ulnaris,,FMA:38620,,muscular,left,direct-source-geometry
FMA:33581|right,Ascending part of right trapezius,,FMA:33581,,muscular,right,direct-source-geometry
FMA:33583|left,Ascending part of left trapezius,,FMA:33583,,muscular,left,direct-source-geometry
FMA:33586|right,Descending part of right trapezius,,FMA:33586,,muscular,right,direct-source-geometry
FMA:33587|left,Descending part of left trapezius,,FMA:33587,,muscular,left,direct-source-geometry
FMA:23089|right,Right lumbar rotator,,FMA:23089,,muscular,right,direct-source-geometry
FMA:23090|left,Left lumbar rotator,,FMA:23090,,muscular,left,direct-source-geometry
FMA:81752|right,Right cervical rotator,,FMA:81752,,muscular,right,direct-source-geometry
FMA:81753|left,Left cervical rotator,,FMA:81753,,muscular,left,direct-source-geometry
FMA:23083,thoracic rotator,,FMA:23083,,muscular,unspecified,direct-source-geometry
FMA:22744|right,Right iliocostalis cervicis,,FMA:22744,,muscular,right,direct-source-geometry
FMA:22745|left,Left iliocostalis cervicis,,FMA:22745,,muscular,left,direct-source-geometry
FMA:22740|right,Right iliocostalis lumborum,,FMA:22740,,muscular,right,direct-source-geometry
FMA:22741|left,Left iliocostalis lumborum,,FMA:22741,,muscular,left,direct-source-geometry
FMA:22742|right,Right iliocostalis thoracis,,FMA:22742,,muscular,right,direct-source-geometry
FMA:22743|left,Left iliocostalis thoracis,,FMA:22743,,muscular,left,direct-source-geometry
FMA:32540|right,Right levator scapulae,,FMA:32540,,skeletal,right,direct-source-geometry
FMA:32541|left,Left levator scapulae,,FMA:32541,,skeletal,left,direct-source-geometry
FMA:22754|right,Right longissimus capitis,,FMA:22754,,muscular,right,direct-source-geometry
FMA:22756|left,Left longissimus capitis,,FMA:22756,,muscular,left,direct-source-geometry
FMA:22757|right,Right longissimus cervicis,,FMA:22757,,muscular,right,direct-source-geometry
FMA:22758|left,Left longissimus cervicis,,FMA:22758,,muscular,left,direct-source-geometry
FMA:22751|right,Right longissimus thoracis,,FMA:22751,,muscular,right,direct-source-geometry
FMA:22753|left,Left longissimus thoracis,,FMA:22753,,muscular,left,direct-source-geometry
FMA:13381|right,Right rhomboid major,,FMA:13381,,muscular,right,direct-source-geometry
FMA:13382|left,Left rhomboid major,,FMA:13382,,muscular,left,direct-source-geometry
FMA:13383|right,Right rhomboid minor,,FMA:13383,,muscular,right,direct-source-geometry
FMA:13384|left,Left rhomboid minor,,FMA:13384,,muscular,left,direct-source-geometry
FMA:22876|right,Right semispinalis capitis,,FMA:22876,,muscular,right,direct-source-geometry
FMA:22877|left,Left semispinalis capitis,,FMA:22877,,muscular,left,direct-source-geometry
FMA:22874|right,Right semispinalis cervicis,,FMA:22874,,muscular,right,direct-source-geometry
FMA:22875|left,Left semispinalis cervicis,,FMA:22875,,muscular,left,direct-source-geometry
FMA:22872|right,Right semispinalis thoracis,,FMA:22872,,muscular,right,direct-source-geometry
FMA:22873|left,Left semispinalis thoracis,,FMA:22873,,muscular,left,direct-source-geometry
FMA:13405|right,Right serratus posterior inferior,,FMA:13405,,muscular,right,direct-source-geometry
FMA:13406|left,Left serratus posterior inferior,,FMA:13406,,muscular,left,direct-source-geometry
FMA:13403|right,Right serratus posterior superior,,FMA:13403,,muscular,right,direct-source-geometry
FMA:13404|left,Left serratus posterior superior,,FMA:13404,,muscular,left,direct-source-geometry
FMA:77179,spinalis,,FMA:77179,,muscular,unspecified,direct-source-geometry
FMA:22779|right,Right spinalis thoracis,,FMA:22779,,muscular,right,direct-source-geometry
FMA:22780|left,Left spinalis thoracis,,FMA:22780,,muscular,left,direct-source-geometry
FMA:22728|right,Right splenius capitis,,FMA:22728,,muscular,right,direct-source-geometry
FMA:22729|left,Left splenius capitis,,FMA:22729,,muscular,left,direct-source-geometry
FMA:22726|right,Right splenius cervicis,,FMA:22726,,muscular,right,direct-source-geometry
FMA:22727|left,Left splenius cervicis,,FMA:22727,,muscular,left,direct-source-geometry
FMA:22850,lateral lumbar intertransversarius,,FMA:22850,,muscular,unspecified,direct-source-geometry
FMA:22851,medial lumbar intertransversarius,,FMA:22851,,muscular,unspecified,direct-source-geometry
FMA:71442,set of anterior cervical intertransversarii,,FMA:71442,,muscular,unspecified,direct-source-geometry
FMA:71307,set of interspinales lumborum,,FMA:71307,,muscular,unspecified,direct-source-geometry
FMA:22890|right,Right interspinalis thoracis,,FMA:22890,,muscular,right,direct-source-geometry
FMA:22891|left,Left interspinalis thoracis,,FMA:22891,,muscular,left,direct-source-geometry
FMA:71309,set of interspinales cervicis,,FMA:71309,,muscular,unspecified,direct-source-geometry
FMA:71443,set of posterior cervical intertransversarii,,FMA:71443,,muscular,unspecified,direct-source-geometry
FMA:33584|right,Transverse part of right trapezius,,FMA:33584,,muscular,right,direct-source-geometry
FMA:33585|left,Transverse part of left trapezius,,FMA:33585,,muscular,left,direct-source-geometry
FMA:46293|left,Left digastric,,FMA:46293,,muscular,left,direct-source-geometry
FMA:46292|right,Right digastric,,FMA:46292,,muscular,right,direct-source-geometry
FMA:46288|left,Inferior oblique part of left longus colli,,FMA:46288,,muscular,left,direct-source-geometry
FMA:45740|left,Left platysma,,FMA:45740,,muscular,left,direct-source-geometry
FMA:46327|left,Left geniohyoid,,FMA:46327,,muscular,left,direct-source-geometry
FMA:46310|left,Left longus capitis,,FMA:46310,,muscular,left,direct-source-geometry
FMA:46322|left,Left mylohyoid,,FMA:46322,,muscular,left,direct-source-geometry
FMA:32537|left,Left obliquus capitis inferior,,FMA:32537,,muscular,left,direct-source-geometry
FMA:32535|left,Left obliquus capitis superior,,FMA:32535,,muscular,left,direct-source-geometry
FMA:13349|left,Left omohyoid,,FMA:13349,,muscular,left,direct-source-geometry
FMA:46314|left,Left rectus capitis anterior,,FMA:46314,,muscular,left,direct-source-geometry
FMA:32531|left,Left rectus capitis posterior major,,FMA:32531,,muscular,left,direct-source-geometry
FMA:32533|left,Left rectus capitis posterior minor,,FMA:32533,,muscular,left,direct-source-geometry
FMA:46318|left,Left rectus capitis lateralis,,FMA:46318,,muscular,left,direct-source-geometry
FMA:13393|left,Left scalenus anterior,,FMA:13393,,muscular,left,direct-source-geometry
FMA:13391|left,Left scalenus medius,,FMA:13391,,muscular,left,direct-source-geometry
FMA:13389|left,Left scalenus posterior,,FMA:13389,,muscular,left,direct-source-geometry
FMA:13409|left,Left sternocleidomastoid,,FMA:13409,,muscular,left,direct-source-geometry
FMA:13347|left,Left sternohyoid,,FMA:13347,,muscular,left,direct-source-geometry
FMA:13351|left,Left sternothyroid,,FMA:13351,,muscular,left,direct-source-geometry
FMA:45827|left,Left stylohyoid,,FMA:45827,,muscular,left,direct-source-geometry
FMA:13353|left,Left thyrohyoid,,FMA:13353,,muscular,left,direct-source-geometry
FMA:46326|right,Right geniohyoid,,FMA:46326,,muscular,right,direct-source-geometry
FMA:258850|right,Right intermediate tendon,,FMA:258850,,connective,right,direct-source-geometry
FMA:46309|right,Right longus capitis,,FMA:46309,,muscular,right,direct-source-geometry
FMA:46321|right,Right mylohyoid,,FMA:46321,,muscular,right,direct-source-geometry
FMA:32536|right,Right obliquus capitis inferior,,FMA:32536,,muscular,right,direct-source-geometry
FMA:32534|right,Right obliquus capitis superior,,FMA:32534,,muscular,right,direct-source-geometry
FMA:13348|right,Right omohyoid,,FMA:13348,,muscular,right,direct-source-geometry
FMA:45739|right,Right platysma,,FMA:45739,,muscular,right,direct-source-geometry
FMA:46313|right,Right rectus capitis anterior,,FMA:46313,,muscular,right,direct-source-geometry
FMA:32530|right,Right rectus capitis posterior major,,FMA:32530,,muscular,right,direct-source-geometry
FMA:32532|right,Right rectus capitis posterior minor,,FMA:32532,,muscular,right,direct-source-geometry
FMA:46317|right,Right rectus capitis lateralis,,FMA:46317,,muscular,right,direct-source-geometry
FMA:13392|right,Right scalenus anterior,,FMA:13392,,muscular,right,direct-source-geometry
FMA:13390|right,Right scalenus medius,,FMA:13390,,muscular,right,direct-source-geometry
FMA:13388|right,Right scalenus posterior,,FMA:13388,,muscular,right,direct-source-geometry
FMA:13408|right,Right sternocleidomastoid,,FMA:13408,,muscular,right,direct-source-geometry
FMA:13346|right,Right sternohyoid,,FMA:13346,,muscular,right,direct-source-geometry
FMA:13350|right,Right sternothyroid,,FMA:13350,,muscular,right,direct-source-geometry
FMA:45826|right,Right stylohyoid,,FMA:45826,,muscular,right,direct-source-geometry
FMA:13352|right,Right thyrohyoid,,FMA:13352,,muscular,right,direct-source-geometry
FMA:46284|left,Superior oblique part of left longus colli,,FMA:46284,,muscular,left,direct-source-geometry
FMA:46286|left,Vertical intermediate part of left longus colli,,FMA:46286,,muscular,left,direct-source-geometry
FMA:50029|right,Right anterior cerebral artery,,FMA:50029,,arterial,right,direct-source-geometry
FMA:50030|left,Left anterior cerebral artery,,FMA:50030,,arterial,left,direct-source-geometry
FMA:50169,Anterior communicating artery,,FMA:50169,,arterial,unspecified,direct-source-geometry
FMA:50544,anterior inferior cerebellar artery,,FMA:50544,,arterial,unspecified,direct-source-geometry
FMA:50532|right,Right anterior spinal artery,,FMA:50532,,arterial,right,direct-source-geometry
FMA:50533|left,Left anterior spinal artery,,FMA:50533,,arterial,left,direct-source-geometry
FMA:50088|right,Right anterior choroidal artery,,FMA:50088,,arterial,right,direct-source-geometry
FMA:50089|left,Left anterior choroidal artery,,FMA:50089,,arterial,left,direct-source-geometry
FMA:50383|right,Right anterior temporal artery,,FMA:50383,,arterial,right,direct-source-geometry
FMA:50384|left,Left anterior temporal artery,,FMA:50384,,arterial,left,direct-source-geometry
FMA:50369|right,Insular part of right middle cerebral artery,,FMA:50369,,arterial,right,direct-source-geometry
FMA:50370|left,Insular part of left middle cerebral artery,,FMA:50370,,arterial,left,direct-source-geometry
FMA:50678|right,Anterior temporal branch of right lateral occipital artery,,FMA:50678,,arterial,right,direct-source-geometry
FMA:50679|left,Anterior temporal branch of left lateral occipital artery,,FMA:50679,,arterial,left,direct-source-geometry
FMA:50377|right,Anterolateral central branch of right middle cerebral artery,,FMA:50377,,arterial,right,direct-source-geometry
FMA:50378|left,Anterolateral central branch of left middle cerebral artery,,FMA:50378,,arterial,left,direct-source-geometry
FMA:77439,artery of central sulcus,,FMA:77439,,arterial,unspecified,direct-source-geometry
FMA:50483|right,Artery of right postcentral sulcus,,FMA:50483,,arterial,right,direct-source-geometry
FMA:50484|left,Artery of left postcentral sulcus,,FMA:50484,,arterial,left,direct-source-geometry
FMA:50486|right,Right anterior parietal artery,,FMA:50486,,arterial,right,direct-source-geometry
FMA:50487|left,Left anterior parietal artery,,FMA:50487,,arterial,left,direct-source-geometry
FMA:50480|right,Artery of right precentral sulcus,,FMA:50480,,arterial,right,direct-source-geometry
FMA:50481|left,Artery of left precentral sulcus,,FMA:50481,,arterial,left,direct-source-geometry
FMA:50361|right,Precuneal branch of right pericallosal artery,,FMA:50361,,arterial,right,direct-source-geometry
FMA:50362|left,Precuneal branch of left pericallosal artery,,FMA:50362,,arterial,left,direct-source-geometry
FMA:50542,Basilar artery,,FMA:50542,,arterial,unspecified,direct-source-geometry
FMA:50476|right,Branch of right middle cerebral artery to right angular gyrus,,FMA:50476,,arterial,right,direct-source-geometry
FMA:50477|left,Branch of left middle cerebral artery to left angular gyrus,,FMA:50477,,arterial,left,direct-source-geometry
FMA:50146|right,Branch of right anterior choroidal artery to posterior limb of right internal capsule,,FMA:50146,,arterial,right,direct-source-geometry
FMA:50147|left,Branch of left anterior choroidal artery to posterior limb of left internal capsule,,FMA:50147,,arterial,left,direct-source-geometry
FMA:50670|right,Right thalamogeniculate artery,,FMA:50670,,arterial,right,direct-source-geometry
FMA:50671|left,Left thalamogeniculate artery,,FMA:50671,,arterial,left,direct-source-geometry
FMA:50347|right,Right callosomarginal artery,,FMA:50347,,arterial,right,direct-source-geometry
FMA:50348|left,Left callosomarginal artery,,FMA:50348,,arterial,left,direct-source-geometry
FMA:50684|right,Right splenial artery,,FMA:50684,,arterial,right,direct-source-geometry
FMA:50685|left,Left splenial artery,,FMA:50685,,arterial,left,direct-source-geometry
FMA:50428|right,Hypothalamic branch of right posterior communicating artery,,FMA:50428,,arterial,right,direct-source-geometry
FMA:50429|left,Hypothalamic branch of left posterior communicating artery,,FMA:50429,,arterial,left,direct-source-geometry
FMA:50680|right,Middle temporal branch of right lateral occipital artery,,FMA:50680,,arterial,right,direct-source-geometry
FMA:50681|left,Middle temporal branch of left lateral occipital artery,,FMA:50681,,arterial,left,direct-source-geometry
FMA:50351|right,Intermediomedial branch of right callosomarginal artery,,FMA:50351,,arterial,right,direct-source-geometry
FMA:50352|left,Intermediomedial branch of left callosomarginal artery,,FMA:50352,,arterial,left,direct-source-geometry
FMA:3949|right,Right internal carotid artery,,FMA:3949,,arterial,right,direct-source-geometry
FMA:4062|left,Left internal carotid artery,,FMA:4062,,arterial,left,direct-source-geometry
FMA:50578|right,Lateral branch of right superior cerebellar artery,,FMA:50578,,arterial,right,direct-source-geometry
FMA:50579|left,Lateral branch of left superior cerebellar artery,,FMA:50579,,arterial,left,direct-source-geometry
FMA:50568|right,Lateral branch of right pontine artery,,FMA:50568,,arterial,right,direct-source-geometry
FMA:50569|left,Lateral branch of left pontine artery,,FMA:50569,,arterial,left,direct-source-geometry
FMA:50443|right,Right lateral frontobasal artery,,FMA:50443,,arterial,right,direct-source-geometry
FMA:50444|left,Left lateral frontobasal artery,,FMA:50444,,arterial,left,direct-source-geometry
FMA:50643|right,Right lateral occipital artery,,FMA:50643,,arterial,right,direct-source-geometry
FMA:50644|left,Left lateral occipital artery,,FMA:50644,,arterial,left,direct-source-geometry
FMA:50581|right,Medial branch of right superior cerebellar artery,,FMA:50581,,arterial,right,direct-source-geometry
FMA:50582|left,Medial branch of left superior cerebellar artery,,FMA:50582,,arterial,left,direct-source-geometry
FMA:50566|right,Medial branch of right pontine artery,,FMA:50566,,arterial,right,direct-source-geometry
FMA:50567|left,Medial branch of left pontine artery,,FMA:50567,,arterial,left,direct-source-geometry
FMA:50343|right,Right medial frontobasal artery,,FMA:50343,,arterial,right,direct-source-geometry
FMA:50344|left,Left medial frontobasal artery,,FMA:50344,,arterial,left,direct-source-geometry
FMA:50645|right,Right medial occipital artery,,FMA:50645,,arterial,right,direct-source-geometry
FMA:50646|left,Left medial occipital artery,,FMA:50646,,arterial,left,direct-source-geometry
FMA:50366|right,Sphenoid part of right middle cerebral artery,,FMA:50366,,arterial,right,direct-source-geometry
FMA:50367|left,Sphenoid part of left middle cerebral artery,,FMA:50367,,arterial,left,direct-source-geometry
FMA:50467|right,Middle temporal branch of right middle cerebral artery,,FMA:50467,,arterial,right,direct-source-geometry
FMA:50468|left,Middle temporal branch of left middle cerebral artery,,FMA:50468,,arterial,left,direct-source-geometry
FMA:49869|right,Right ophthalmic artery,,FMA:49869,,arterial,right,direct-source-geometry
FMA:49870|left,Left ophthalmic artery,,FMA:49870,,arterial,left,direct-source-geometry
FMA:50357|right,Paracentral branch of right callosomarginal artery,,FMA:50357,,arterial,right,direct-source-geometry
FMA:50358|left,Paracentral branch of left callosomarginal artery,,FMA:50358,,arterial,left,direct-source-geometry
FMA:50359|right,Right pericallosal artery,,FMA:50359,,arterial,right,direct-source-geometry
FMA:50360|left,Left pericallosal artery,,FMA:50360,,arterial,left,direct-source-geometry
FMA:50519|right,Right posterior inferior cerebellar artery,,FMA:50519,,arterial,right,direct-source-geometry
FMA:50520|left,Left posterior inferior cerebellar artery,,FMA:50520,,arterial,left,direct-source-geometry
FMA:50380|right,Right polar temporal artery,,FMA:50380,,arterial,right,direct-source-geometry
FMA:50381|left,Left polar temporal artery,,FMA:50381,,arterial,left,direct-source-geometry
FMA:50085|right,Right posterior communicating artery,,FMA:50085,,arterial,right,direct-source-geometry
FMA:50086|left,Left posterior communicating artery,,FMA:50086,,arterial,left,direct-source-geometry
FMA:50641|right,Postcommunicating part of right posterior cerebral artery,,FMA:50641,,arterial,right,direct-source-geometry
FMA:50642|left,Postcommunicating part of left posterior cerebral artery,,FMA:50642,,arterial,left,direct-source-geometry
FMA:50489|right,Right posterior parietal artery,,FMA:50489,,arterial,right,direct-source-geometry
FMA:50490|left,Left posterior parietal artery,,FMA:50490,,arterial,left,direct-source-geometry
FMA:50470|right,Posterior temporal branch of right middle cerebral artery,,FMA:50470,,arterial,right,direct-source-geometry
FMA:50471|left,Posterior temporal branch of left middle cerebral artery,,FMA:50471,,arterial,left,direct-source-geometry
FMA:76128|right,Trunk of inferior terminal branch of right middle cerebral artery,,FMA:76128,,arterial,right,direct-source-geometry
FMA:76129|left,Trunk of inferior terminal branch of left middle cerebral artery,,FMA:76129,,arterial,left,direct-source-geometry
FMA:71502,set of posterior temporal branches of lateral occipital artery,,FMA:71502,,arterial,unspecified,direct-source-geometry
FMA:50664|right,Right thalamoperforating artery,,FMA:50664,,arterial,right,direct-source-geometry
FMA:50665|left,Left thalamoperforating artery,,FMA:50665,,arterial,left,direct-source-geometry
FMA:50660|right,Posteromedial central branch of right posterior cerebral artery,,FMA:50660,,arterial,right,direct-source-geometry
FMA:50661|left,Posteromedial central branch of left posterior cerebral artery,,FMA:50661,,arterial,left,direct-source-geometry
FMA:50353|right,Posteromedial branch of right callosomarginal artery,,FMA:50353,,arterial,right,direct-source-geometry
FMA:50354|left,Posteromedial branch of left callosomarginal artery,,FMA:50354,,arterial,left,direct-source-geometry
FMA:50639|right,Precommunicating part of right posterior cerebral artery,,FMA:50639,,arterial,right,direct-source-geometry
FMA:50640|left,Precommunicating part of left posterior cerebral artery,,FMA:50640,,arterial,left,direct-source-geometry
FMA:50445|right,Right prefrontal artery,,FMA:50445,,arterial,right,direct-source-geometry
FMA:50478|left,Left prefrontal artery,,FMA:50478,,arterial,left,direct-source-geometry
FMA:3958|right,Right vertebral artery,,FMA:3958,,arterial,right,direct-source-geometry
FMA:4066|left,Left vertebral artery,,FMA:4066,,arterial,left,direct-source-geometry
FMA:50574|right,Right superior cerebellar artery,,FMA:50574,,arterial,right,direct-source-geometry
FMA:50575|left,Left superior cerebellar artery,,FMA:50575,,arterial,left,direct-source-geometry
FMA:50672|right,Right posterior medial choroidal artery,,FMA:50672,,arterial,right,direct-source-geometry
FMA:50673|left,Left posterior medial choroidal artery,,FMA:50673,,arterial,left,direct-source-geometry
FMA:50696|right,Superior vermian branch of medial branch of right superior cerebellar artery,,FMA:50696,,arterial,right,direct-source-geometry
FMA:50697|left,Superior vermian branch of medial branch of left superior cerebellar artery,,FMA:50697,,arterial,left,direct-source-geometry
FMA:50473|right,Temporo-occipital branch of right middle cerebral artery,,FMA:50473,,arterial,right,direct-source-geometry
FMA:50474|left,Temporo-occipital branch of left middle cerebral artery,,FMA:50474,,arterial,left,direct-source-geometry
FMA:78454,Third ventricle,,FMA:78454,,cardiac,unspecified,direct-source-geometry
FMA:78469,Fourth ventricle,,FMA:78469,,cardiac,unspecified,direct-source-geometry
FMA:72670|left,Left angular gyrus,,FMA:72670,,nervous,left,direct-source-geometry
FMA:72669|right,Right angular gyrus,,FMA:72669,,nervous,right,direct-source-geometry
FMA:61961,Anterior commissure,,FMA:61961,,nervous,unspecified,direct-source-geometry
FMA:73462|left,Brachium of left superior colliculus,,FMA:73462,,nervous,left,direct-source-geometry
FMA:73461|right,Brachium of right superior colliculus,,FMA:73461,,nervous,right,direct-source-geometry
FMA:78497,Central canal of spinal cord,,FMA:78497,,nervous,unspecified,direct-source-geometry
FMA:78467,Cerebral aqueduct,,FMA:78467,,nervous,unspecified,direct-source-geometry
FMA:72718|left,Left cingulate gyrus,,FMA:72718,,nervous,left,direct-source-geometry
FMA:72717|right,Right cingulate gyrus,,FMA:72717,,nervous,right,direct-source-geometry
FMA:61970,Commissure of fornix of forebrain,,FMA:61970,,nervous,unspecified,direct-source-geometry
FMA:86464,Corpus callosum,,FMA:86464,,nervous,unspecified,direct-source-geometry
FMA:62032,Habenula,,FMA:62032,,nervous,unspecified,direct-source-geometry
FMA:72658|left,Left inferior frontal gyrus,,FMA:72658,,nervous,left,direct-source-geometry
FMA:72657|right,Right inferior frontal gyrus,,FMA:72657,,nervous,right,direct-source-geometry
FMA:72688|left,Left inferior temporal gyrus,,FMA:72688,,nervous,left,direct-source-geometry
FMA:72687|right,Right inferior temporal gyrus,,FMA:72687,,nervous,right,direct-source-geometry
FMA:72978|left,Left insula,,FMA:72978,,nervous,left,direct-source-geometry
FMA:72977|right,Right insula,,FMA:72977,,nervous,right,direct-source-geometry
FMA:72907|left,Left internal capsule,,FMA:72907,,nervous,left,direct-source-geometry
FMA:72906|right,Right internal capsule,,FMA:72906,,nervous,right,direct-source-geometry
FMA:75351,Interventricular foramen,,FMA:75351,,cardiac,unspecified,direct-source-geometry
FMA:72833|left,Left amygdala,,FMA:72833,,nervous,left,direct-source-geometry
FMA:72827|left,Left caudate nucleus,,FMA:72827,,nervous,left,direct-source-geometry
FMA:61934,Choroid plexus of cerebral hemisphere,,FMA:61934,,sensory,unspecified,direct-source-geometry
FMA:72925|left,Left fornix of forebrain,,FMA:72925,,nervous,left,direct-source-geometry
FMA:72831|left,Left globus pallidus,,FMA:72831,,nervous,left,direct-source-geometry
FMA:260794|left,White matter of left cerebral hemisphere,,FMA:260794,,nervous,left,direct-source-geometry
FMA:72714|left,Left hippocampus,,FMA:72714,,nervous,left,direct-source-geometry
FMA:62008,Hypothalamus,,FMA:62008,,nervous,unspecified,direct-source-geometry
FMA:73464|left,Brachium of left inferior colliculus,,FMA:73464,,nervous,left,direct-source-geometry
FMA:73435|left,Left inferior colliculus,,FMA:73435,,nervous,left,direct-source-geometry
FMA:83740,Interpeduncular fossa,,FMA:83740,,nervous,unspecified,direct-source-geometry
FMA:61975,Lamina terminalis,,FMA:61975,,nervous,unspecified,direct-source-geometry
FMA:73304|left,Left lateral geniculate body,,FMA:73304,,nervous,left,direct-source-geometry
FMA:78450|left,Left lateral ventricle,,FMA:78450,,cardiac,left,direct-source-geometry
FMA:74877,Mammillary body,,FMA:74877,,nervous,unspecified,direct-source-geometry
FMA:62004,Medulla oblongata,,FMA:62004,,nervous,unspecified,direct-source-geometry
FMA:61993,Midbrain,,FMA:61993,,nervous,unspecified,direct-source-geometry
FMA:62045,Optic chiasm,,FMA:62045,,nervous,unspecified,direct-source-geometry
FMA:67936|left,Left optic tract,,FMA:67936,,nervous,left,direct-source-geometry
FMA:62394,Peduncle of midbrain,,FMA:62394,,nervous,unspecified,direct-source-geometry
FMA:67943,Pons,,FMA:67943,,nervous,unspecified,direct-source-geometry
FMA:72829|left,Left putamen,,FMA:72829,,nervous,left,direct-source-geometry
FMA:73414|left,Left stria medullaris of thalamus,,FMA:73414,,nervous,left,direct-source-geometry
FMA:72940|left,Left stria terminalis,,FMA:72940,,nervous,left,direct-source-geometry
FMA:73423|left,Left superior colliculus,,FMA:73423,,nervous,left,direct-source-geometry
FMA:62327,Tuber cinereum,,FMA:62327,,nervous,unspecified,direct-source-geometry
FMA:67944,Cerebellum,,FMA:67944,,nervous,unspecified,direct-source-geometry
FMA:258716|left,Left thalamus,,FMA:258716,,nervous,left,direct-source-geometry
FMA:72690|left,Left fusiform gyrus,,FMA:72690,,nervous,left,direct-source-geometry
FMA:72689|right,Right fusiform gyrus,,FMA:72689,,nervous,right,direct-source-geometry
FMA:72706|left,Left parahippocampal gyrus,,FMA:72706,,nervous,left,direct-source-geometry
FMA:72705|right,Right parahippocampal gyrus,,FMA:72705,,nervous,right,direct-source-geometry
FMA:72656|left,Left middle frontal gyrus,,FMA:72656,,nervous,left,direct-source-geometry
FMA:72655|right,Right middle frontal gyrus,,FMA:72655,,nervous,right,direct-source-geometry
FMA:72686|left,Left middle temporal gyrus,,FMA:72686,,nervous,left,direct-source-geometry
FMA:72685|right,Right middle temporal gyrus,,FMA:72685,,nervous,right,direct-source-geometry
FMA:72976|left,Left occipital lobe,,FMA:72976,,nervous,left,direct-source-geometry
FMA:72975|right,Right occipital lobe,,FMA:72975,,nervous,right,direct-source-geometry
FMA:256194,Orbital gyrus,,FMA:256194,,nervous,unspecified,direct-source-geometry
FMA:62033,Pineal body,,FMA:62033,,endocrine,unspecified,direct-source-geometry
FMA:13889,Pituitary gland,,FMA:13889,,endocrine,unspecified,direct-source-geometry
FMA:72666|left,Left postcentral gyrus,,FMA:72666,,nervous,left,direct-source-geometry
FMA:72665|right,Right postcentral gyrus,,FMA:72665,,nervous,right,direct-source-geometry
FMA:62072,Posterior commissure,,FMA:62072,,nervous,unspecified,direct-source-geometry
FMA:72662|left,Left precentral gyrus,,FMA:72662,,nervous,left,direct-source-geometry
FMA:72661|right,Right precentral gyrus,,FMA:72661,,nervous,right,direct-source-geometry
FMA:72826|right,Right caudate nucleus,,FMA:72826,,nervous,right,direct-source-geometry
FMA:72924|right,Right fornix of forebrain,,FMA:72924,,nervous,right,direct-source-geometry
FMA:72830|right,Right globus pallidus,,FMA:72830,,nervous,right,direct-source-geometry
FMA:260791|right,White matter of right cerebral hemisphere,,FMA:260791,,nervous,right,direct-source-geometry
FMA:72713|right,Right hippocampus,,FMA:72713,,nervous,right,direct-source-geometry
FMA:73463|right,Brachium of right inferior colliculus,,FMA:73463,,nervous,right,direct-source-geometry
FMA:73434|right,Right inferior colliculus,,FMA:73434,,nervous,right,direct-source-geometry
FMA:73303|right,Right lateral geniculate body,,FMA:73303,,nervous,right,direct-source-geometry
FMA:78449|right,Right lateral ventricle,,FMA:78449,,cardiac,right,direct-source-geometry
FMA:73309|right,Right medial geniculate body,,FMA:73309,,nervous,right,direct-source-geometry
FMA:73310|left,Left medial geniculate body,,FMA:73310,,nervous,left,direct-source-geometry
FMA:62382|right,Right optic tract,,FMA:62382,,nervous,right,direct-source-geometry
FMA:72828|right,Right putamen,,FMA:72828,,nervous,right,direct-source-geometry
FMA:73413|right,Right stria medullaris of thalamus,,FMA:73413,,nervous,right,direct-source-geometry
FMA:61974,Stria terminalis,,FMA:61974,,nervous,unspecified,direct-source-geometry
FMA:73422|right,Right superior colliculus,,FMA:73422,,nervous,right,direct-source-geometry
FMA:258714|right,Right thalamus,,FMA:258714,,nervous,right,direct-source-geometry
FMA:72832|right,Right amygdala,,FMA:72832,,nervous,right,direct-source-geometry
FMA:61842,Septum of telencephalon,,FMA:61842,,nervous,unspecified,direct-source-geometry
FMA:72654|left,Left superior frontal gyrus,,FMA:72654,,nervous,left,direct-source-geometry
FMA:72653|right,Right superior frontal gyrus,,FMA:72653,,nervous,right,direct-source-geometry
FMA:72672|left,Left superior parietal lobule,,FMA:72672,,nervous,left,direct-source-geometry
FMA:72671|right,Right superior parietal lobule,,FMA:72671,,nervous,right,direct-source-geometry
FMA:72801|left,Anterior part of left superior temporal gyrus,,FMA:72801,,nervous,left,direct-source-geometry
FMA:72800|right,Anterior part of right superior temporal gyrus,,FMA:72800,,nervous,right,direct-source-geometry
FMA:72805|left,Posterior part of left superior temporal gyrus,,FMA:72805,,nervous,left,direct-source-geometry
FMA:72804|right,Posterior part of right superior temporal gyrus,,FMA:72804,,nervous,right,direct-source-geometry
FMA:72668|left,Left supramarginal gyrus,,FMA:72668,,nervous,left,direct-source-geometry
FMA:72667|right,Right supramarginal gyrus,,FMA:72667,,nervous,right,direct-source-geometry
FMA:83966,Tentorium cerebelli,,FMA:83966,,nervous,unspecified,direct-source-geometry
FMA:50737,Celiac artery,,FMA:50737,,arterial,unspecified,direct-source-geometry
FMA:50735,Hepatic portal vein,,FMA:50735,,venous,unspecified,direct-source-geometry
FMA:15747,Hepatovenous segment IX,,FMA:15747,,venous,unspecified,direct-source-geometry
FMA:15793,Tributary of middle hepatic vein,,FMA:15793,,venous,unspecified,direct-source-geometry
FMA:71710|left,Left lobe branch of left hepatic artery,,FMA:71710,,arterial,left,direct-source-geometry
FMA:71889|left,Caudate lobe tributary of left hepatic biliary tree,,FMA:71889,,digestive,left,direct-source-geometry
FMA:15415|left,Left portal vein,,FMA:15415,,venous,left,direct-source-geometry
FMA:7198,Pancreas,,FMA:7198,,digestive,unspecified,direct-source-geometry
FMA:10419,Pancreatic duct,,FMA:10419,,digestive,unspecified,direct-source-geometry
FMA:15414|right,Right portal vein,,FMA:15414,,venous,right,direct-source-geometry
FMA:82706|right,Caudate lobe branch of right portal vein,,FMA:82706,,venous,right,direct-source-geometry
FMA:70447|right,Caudate lobe branch of right hepatic artery,,FMA:70447,,arterial,right,direct-source-geometry
FMA:71708|right,Right lobe branch of right hepatic artery,,FMA:71708,,arterial,right,direct-source-geometry
FMA:14749,Superior mesenteric artery,,FMA:14749,,arterial,unspecified,direct-source-geometry
FMA:87217,Descending thoracic aorta,,FMA:87217,,arterial,unspecified,direct-source-geometry
FMA:3789,Abdominal aorta,,FMA:3789,,arterial,unspecified,direct-source-geometry
FMA:68109,Bronchial artery,,FMA:68109,,arterial,unspecified,direct-source-geometry
FMA:4149,Esophageal artery,,FMA:4149,,arterial,unspecified,direct-source-geometry
FMA:5042|right,Right superior intercostal artery,,FMA:5042,,arterial,right,direct-source-geometry
FMA:3988|right,Right superior epigastric artery,,FMA:3988,,arterial,right,direct-source-geometry
FMA:3969|right,Right internal thoracic artery,,FMA:3969,,arterial,right,direct-source-geometry
FMA:22675|right,Right lateral thoracic artery,,FMA:22675,,arterial,right,direct-source-geometry
FMA:66242|right,Right first posterior intercostal artery,,FMA:66242,,arterial,right,direct-source-geometry
FMA:5041|right,Right second posterior intercostal artery,,FMA:5041,,arterial,right,direct-source-geometry
FMA:63822,Posterior intercostal arteries,,FMA:63822,,arterial,unspecified,direct-source-geometry
FMA:4634|right,Right subcostal artery,,FMA:4634,,arterial,right,direct-source-geometry
FMA:10692|right,Right musculophrenic artery,,FMA:10692,,arterial,right,direct-source-geometry
FMA:4088|left,Left superior intercostal artery,,FMA:4088,,arterial,left,direct-source-geometry
FMA:4083|left,Left superior epigastric artery,,FMA:4083,,arterial,left,direct-source-geometry
FMA:4068|left,Left internal thoracic artery,,FMA:4068,,arterial,left,direct-source-geometry
FMA:66243|left,Left first posterior intercostal artery,,FMA:66243,,arterial,left,direct-source-geometry
FMA:4112|left,Left second posterior intercostal artery,,FMA:4112,,arterial,left,direct-source-geometry
FMA:22676|left,Left lateral thoracic artery,,FMA:22676,,arterial,left,direct-source-geometry
FMA:4654|left,Left subcostal artery,,FMA:4654,,arterial,left,direct-source-geometry
FMA:4077|left,Left musculophrenic artery,,FMA:4077,,arterial,left,direct-source-geometry
FMA:5011,Accessory hemiazygos vein,,FMA:5011,,venous,unspecified,direct-source-geometry
FMA:70839,Set of anterior intercostal veins,,FMA:70839,,venous,unspecified,direct-source-geometry
FMA:4797|left,Left superior intercostal vein,,FMA:4797,,venous,left,direct-source-geometry
FMA:4951|left,Left subcostal vein,,FMA:4951,,venous,left,direct-source-geometry
FMA:4786|left,Left musculophrenic vein,,FMA:4786,,venous,left,direct-source-geometry
FMA:4877|right,Right superior intercostal vein,,FMA:4877,,venous,right,direct-source-geometry
FMA:4758|right,Right internal thoracic vein,,FMA:4758,,venous,right,direct-source-geometry
FMA:4844|right,Right subcostal vein,,FMA:4844,,venous,right,direct-source-geometry
FMA:4772|right,Right musculophrenic vein,,FMA:4772,,venous,right,direct-source-geometry
FMA:14819,Ileal branch of inferior branch of ileocolic artery,,FMA:14819,,arterial,unspecified,direct-source-geometry
FMA:14752|right,Right renal artery,,FMA:14752,,arterial,right,direct-source-geometry
FMA:8620|right,Right anterior segmental artery,,FMA:8620,,arterial,right,direct-source-geometry
FMA:86340|right,Superior segmental branch of right renal artery,,FMA:86340,,arterial,right,direct-source-geometry
FMA:86346|right,Inferior segmental branch of right renal artery,,FMA:86346,,arterial,right,direct-source-geometry
FMA:86348|right,Posterior segmental branch of right renal artery,,FMA:86348,,arterial,right,direct-source-geometry
FMA:14753|left,Left renal artery,,FMA:14753,,arterial,left,direct-source-geometry
FMA:86347|left,Inferior segmental branch of left renal artery,,FMA:86347,,arterial,left,direct-source-geometry
FMA:86341|left,Superior segmental branch of left renal artery,,FMA:86341,,arterial,left,direct-source-geometry
FMA:86349|left,Posterior segmental branch of left renal artery,,FMA:86349,,arterial,left,direct-source-geometry
FMA:43916|right,Right dorsalis pedis artery,,FMA:43916,,arterial,right,direct-source-geometry
FMA:21354,Deep dorsal vein of penis,,FMA:21354,,venous,unspecified,direct-source-geometry
FMA:21422|right,Descending branch of right lateral circumflex femoral artery,,FMA:21422,,arterial,right,direct-source-geometry
FMA:69517,Distal perforating artery,,FMA:69517,,arterial,unspecified,direct-source-geometry
FMA:44882|left,Dorsal venous arch of left foot,,FMA:44882,,venous,left,direct-source-geometry
FMA:44881|right,Dorsal venous arch of right foot,,FMA:44881,,venous,right,direct-source-geometry
FMA:21423|left,Descending branch of left lateral circumflex femoral artery,,FMA:21423,,arterial,left,direct-source-geometry
FMA:43897|left,Left anterior tibial artery,,FMA:43897,,arterial,left,direct-source-geometry
FMA:43908|left,Left anterior tibial recurrent artery,,FMA:43908,,arterial,left,direct-source-geometry
FMA:69495|left,Left arcuate artery,,FMA:69495,,arterial,left,direct-source-geometry
FMA:69515|left,Left deep plantar artery,,FMA:69515,,arterial,left,direct-source-geometry
FMA:22508|left,Left descending genicular artery,,FMA:22508,,arterial,left,direct-source-geometry
FMA:44660,Dorsal digital artery of foot,,FMA:44660,,arterial,unspecified,direct-source-geometry
FMA:43917|left,Left dorsalis pedis artery,,FMA:43917,,arterial,left,direct-source-geometry
FMA:70250|left,Left femoral artery,,FMA:70250,,arterial,left,direct-source-geometry
FMA:43893|left,Left inferior lateral genicular artery,,FMA:43893,,arterial,left,direct-source-geometry
FMA:43891|left,Left inferior medial genicular artery,,FMA:43891,,arterial,left,direct-source-geometry
FMA:20802|left,Left lateral circumflex femoral artery,,FMA:20802,,arterial,left,direct-source-geometry
FMA:43932|left,Left lateral plantar artery,,FMA:43932,,arterial,left,direct-source-geometry
FMA:22589|left,Left lateral superior genicular artery,,FMA:22589,,arterial,left,direct-source-geometry
FMA:69491|left,Left lateral tarsal artery,,FMA:69491,,arterial,left,direct-source-geometry
FMA:43930|left,Left medial plantar artery,,FMA:43930,,arterial,left,direct-source-geometry
FMA:22587|left,Left medial superior genicular artery,,FMA:22587,,arterial,left,direct-source-geometry
FMA:22563|left,Left middle genicular artery,,FMA:22563,,arterial,left,direct-source-geometry
FMA:43944|left,Left plantar arch,,FMA:43944,,arterial,left,direct-source-geometry
FMA:77381|left,Left popliteal artery,,FMA:77381,,arterial,left,direct-source-geometry
FMA:43899|left,Left posterior tibial artery,,FMA:43899,,arterial,left,direct-source-geometry
FMA:43938|left,Left superficial medial plantar artery,,FMA:43938,,arterial,left,direct-source-geometry
FMA:70815,Set of perforating arteries,,FMA:70815,,arterial,unspecified,direct-source-geometry
FMA:71562,Set of calcaneal branches of posterior tibial artery,,FMA:71562,,arterial,unspecified,direct-source-geometry
FMA:70821,Set of common plantar digital arteries,,FMA:70821,,arterial,unspecified,direct-source-geometry
FMA:70801,Set of dorsal digital arteries,,FMA:70801,,arterial,unspecified,direct-source-geometry
FMA:71564,Set of plantar digital arteries proper,,FMA:71564,,arterial,unspecified,direct-source-geometry
FMA:43956,Plantar metatarsal artery,,FMA:43956,,arterial,unspecified,direct-source-geometry
FMA:44337|left,Left anterior tibial vein,,FMA:44337,,venous,left,direct-source-geometry
FMA:51043|left,Left deep femoral vein,,FMA:51043,,venous,left,direct-source-geometry
FMA:70922,Set of perforating veins,,FMA:70922,,venous,unspecified,direct-source-geometry
FMA:21189|left,Left femoral vein,,FMA:21189,,venous,left,direct-source-geometry
FMA:21380|left,Left great saphenous vein,,FMA:21380,,venous,left,direct-source-geometry
FMA:44888|left,Left genicular vein,,FMA:44888,,venous,left,direct-source-geometry
FMA:44499,Tributary of plantar venous arch,,FMA:44499,,venous,unspecified,direct-source-geometry
FMA:44329|left,Left popliteal vein,,FMA:44329,,venous,left,direct-source-geometry
FMA:44339|left,Left posterior tibial vein,,FMA:44339,,venous,left,direct-source-geometry
FMA:70919,Set of plantar digital veins,,FMA:70919,,venous,unspecified,direct-source-geometry
FMA:44335|left,Left small saphenous vein,,FMA:44335,,venous,left,direct-source-geometry
FMA:44341|left,Left superficial epigastric vein,,FMA:44341,,venous,left,direct-source-geometry
FMA:44884|left,Plantar venous arch of left foot,,FMA:44884,,venous,left,direct-source-geometry
FMA:44883|right,Plantar venous arch of right foot,,FMA:44883,,venous,right,direct-source-geometry
FMA:43896|right,Right anterior tibial artery,,FMA:43896,,arterial,right,direct-source-geometry
FMA:43907|right,Right anterior tibial recurrent artery,,FMA:43907,,arterial,right,direct-source-geometry
FMA:44336|right,Right anterior tibial vein,,FMA:44336,,venous,right,direct-source-geometry
FMA:69494|right,Right arcuate artery,,FMA:69494,,arterial,right,direct-source-geometry
FMA:51042|right,Right deep femoral vein,,FMA:51042,,venous,right,direct-source-geometry
FMA:69514|right,Right deep plantar artery,,FMA:69514,,arterial,right,direct-source-geometry
FMA:22507|right,Right descending genicular artery,,FMA:22507,,arterial,right,direct-source-geometry
FMA:70249|right,Right femoral artery,,FMA:70249,,arterial,right,direct-source-geometry
FMA:21188|right,Right femoral vein,,FMA:21188,,venous,right,direct-source-geometry
FMA:21379|right,Right great saphenous vein,,FMA:21379,,venous,right,direct-source-geometry
FMA:43892|right,Right inferior lateral genicular artery,,FMA:43892,,arterial,right,direct-source-geometry
FMA:44887|right,Right genicular vein,,FMA:44887,,venous,right,direct-source-geometry
FMA:43890|right,Right inferior medial genicular artery,,FMA:43890,,arterial,right,direct-source-geometry
FMA:20801|right,Right lateral circumflex femoral artery,,FMA:20801,,arterial,right,direct-source-geometry
FMA:43931|right,Right lateral plantar artery,,FMA:43931,,arterial,right,direct-source-geometry
FMA:22588|right,Right lateral superior genicular artery,,FMA:22588,,arterial,right,direct-source-geometry
FMA:69490|right,Right lateral tarsal artery,,FMA:69490,,arterial,right,direct-source-geometry
FMA:43929|right,Right medial plantar artery,,FMA:43929,,arterial,right,direct-source-geometry
FMA:22586|right,Right medial superior genicular artery,,FMA:22586,,arterial,right,direct-source-geometry
FMA:22562|right,Right middle genicular artery,,FMA:22562,,arterial,right,direct-source-geometry
FMA:43943|right,Right plantar arch,,FMA:43943,,arterial,right,direct-source-geometry
FMA:77380|right,Right popliteal artery,,FMA:77380,,arterial,right,direct-source-geometry
FMA:44328|right,Right popliteal vein,,FMA:44328,,venous,right,direct-source-geometry
FMA:43898|right,Right posterior tibial artery,,FMA:43898,,arterial,right,direct-source-geometry
FMA:44338|right,Right posterior tibial vein,,FMA:44338,,venous,right,direct-source-geometry
FMA:44334|right,Right small saphenous vein,,FMA:44334,,venous,right,direct-source-geometry
FMA:44340|right,Right superficial epigastric vein,,FMA:44340,,venous,right,direct-source-geometry
FMA:43937|right,Right superficial medial plantar artery,,FMA:43937,,arterial,right,direct-source-geometry
FMA:44886|left,Left fibular vein,,FMA:44886,,venous,left,direct-source-geometry
FMA:70917,Set of dorsal digital veins,,FMA:70917,,venous,unspecified,direct-source-geometry
FMA:22954,Dorsal metacarpal vein,,FMA:22954,,venous,unspecified,direct-source-geometry
FMA:44922|left,Left lateral circumflex femoral vein,,FMA:44922,,venous,left,direct-source-geometry
FMA:44919|left,Left medial circumflex femoral vein,,FMA:44919,,venous,left,direct-source-geometry
FMA:44885|right,Right fibular vein,,FMA:44885,,venous,right,direct-source-geometry
FMA:44504,Plantar metatarsal vein,,FMA:44504,,venous,unspecified,direct-source-geometry
FMA:44920|right,Right lateral circumflex femoral vein,,FMA:44920,,venous,right,direct-source-geometry
FMA:44918|right,Right medial circumflex femoral vein,,FMA:44918,,venous,right,direct-source-geometry
FMA:21384,Superficial dorsal vein of penis,,FMA:21384,,venous,unspecified,direct-source-geometry
FMA:10697|right,Right inferior thyroid artery,,FMA:10697,,arterial,right,direct-source-geometry
FMA:10680|left,Left inferior thyroid artery,,FMA:10680,,arterial,left,direct-source-geometry
FMA:23069|left,Acromial branch of left thoraco-acromial artery,,FMA:23069,,arterial,left,direct-source-geometry
FMA:22683|left,Left anterior circumflex humeral artery,,FMA:22683,,arterial,left,direct-source-geometry
FMA:77955|left,Left anterior circumflex humeral vein,,FMA:77955,,venous,left,direct-source-geometry
FMA:22813|left,Left anterior interosseous artery,,FMA:22813,,arterial,left,direct-source-geometry
FMA:22713|left,Left inferior ulnar collateral artery,,FMA:22713,,arterial,left,direct-source-geometry
FMA:22656|left,Left axillary artery,,FMA:22656,,arterial,left,direct-source-geometry
FMA:13331|left,Left axillary vein,,FMA:13331,,venous,left,direct-source-geometry
FMA:22910|left,Left basilic vein,,FMA:22910,,venous,left,direct-source-geometry
FMA:22692|left,Left brachial artery,,FMA:22692,,arterial,left,direct-source-geometry
FMA:13326|left,Left cephalic vein,,FMA:13326,,venous,left,direct-source-geometry
FMA:23181|left,Left circumflex scapular artery,,FMA:23181,,arterial,left,direct-source-geometry
FMA:77950|left,Left circumflex scapular vein,,FMA:77950,,venous,left,direct-source-geometry
FMA:22808|left,Left common interosseous artery,,FMA:22808,,arterial,left,direct-source-geometry
FMA:4086|left,Left costocervical trunk,,FMA:4086,,arterial,left,direct-source-geometry
FMA:22697|left,Left deep brachial artery,,FMA:22697,,arterial,left,direct-source-geometry
FMA:4134|left,Left deep cervical artery,,FMA:4134,,arterial,left,direct-source-geometry
FMA:22840|left,Left deep palmar arch,,FMA:22840,,arterial,left,direct-source-geometry
FMA:62507|left,Dorsal venous network of left hand,,FMA:62507,,venous,left,direct-source-geometry
FMA:22913|left,Left deep palmar venous arch,,FMA:22913,,venous,left,direct-source-geometry
FMA:23073|left,Deltoid branch of left thoraco-acromial artery,,FMA:23073,,arterial,left,direct-source-geometry
FMA:22773|left,Dorsal carpal branch of left radial artery,,FMA:22773,,arterial,left,direct-source-geometry
FMA:10552|left,Left dorsal scapular artery,,FMA:10552,,arterial,left,direct-source-geometry
FMA:71212|left,Left lateral thoracic vein,,FMA:71212,,venous,left,direct-source-geometry
FMA:22969|left,Left median antebrachial vein,,FMA:22969,,venous,left,direct-source-geometry
FMA:22965|left,Left median cubital vein,,FMA:22965,,venous,left,direct-source-geometry
FMA:22822|left,Left dorsal carpal branch of ulnar artery,,FMA:22822,,arterial,left,direct-source-geometry
FMA:22865|left,Left palmar metacarpal artery,,FMA:22865,,arterial,left,direct-source-geometry
FMA:22921|left,Left palmar metacarpal vein,,FMA:22921,,venous,left,direct-source-geometry
FMA:22687|left,Left posterior circumflex humeral artery,,FMA:22687,,arterial,left,direct-source-geometry
FMA:22805|left,Left posterior ulnar recurrent artery,,FMA:22805,,arterial,left,direct-source-geometry
FMA:22734|left,Left radial artery,,FMA:22734,,arterial,left,direct-source-geometry
FMA:22766|left,Left radial recurrent artery,,FMA:22766,,arterial,left,direct-source-geometry
FMA:22949|left,Left radial vein,,FMA:22949,,venous,left,direct-source-geometry
FMA:268669|left,Left recurrent interosseous artery,,FMA:268669,,arterial,left,direct-source-geometry
FMA:22679|left,Left subscapular artery,,FMA:22679,,arterial,left,direct-source-geometry
FMA:23115|left,Left subscapular vein,,FMA:23115,,venous,left,direct-source-geometry
FMA:22837|left,Left superficial palmar arterial arch,,FMA:22837,,arterial,left,direct-source-geometry
FMA:22916|left,Left superficial palmar venous arch,,FMA:22916,,venous,left,direct-source-geometry
FMA:50860|left,Left suprascapular vein,,FMA:50860,,venous,left,direct-source-geometry
FMA:10681|left,Left suprascapular artery,,FMA:10681,,arterial,left,direct-source-geometry
FMA:66564|left,Trunk of left thoraco-acromial artery,,FMA:66564,,arterial,left,direct-source-geometry
FMA:66322|left,Left thoracodorsal artery,,FMA:66322,,arterial,left,direct-source-geometry
FMA:71215|left,Left thoracodorsal vein,,FMA:71215,,venous,left,direct-source-geometry
FMA:4084|left,Left thyrocervical trunk,,FMA:4084,,arterial,left,direct-source-geometry
FMA:10683|left,Left superficial cervical artery,,FMA:10683,,arterial,left,direct-source-geometry
FMA:10682|left,Left transverse cervical artery,,FMA:10682,,arterial,left,direct-source-geometry
FMA:22798|left,Left ulnar artery,,FMA:22798,,arterial,left,direct-source-geometry
FMA:22802|left,Left anterior ulnar recurrent artery,,FMA:22802,,arterial,left,direct-source-geometry
FMA:22952|left,Left ulnar vein,,FMA:22952,,venous,left,direct-source-geometry
FMA:23127|left,Radial collateral branch of left deep brachial artery,,FMA:23127,,arterial,left,direct-source-geometry
FMA:23126|right,Radial collateral branch of right deep brachial artery,,FMA:23126,,arterial,right,direct-source-geometry
FMA:23068|right,Acromial branch of right thoraco-acromial artery,,FMA:23068,,arterial,right,direct-source-geometry
FMA:22682|right,Right anterior circumflex humeral artery,,FMA:22682,,arterial,right,direct-source-geometry
FMA:77954|right,Right anterior circumflex humeral vein,,FMA:77954,,venous,right,direct-source-geometry
FMA:22812|right,Right anterior interosseous artery,,FMA:22812,,arterial,right,direct-source-geometry
FMA:22712|right,Right inferior ulnar collateral artery,,FMA:22712,,arterial,right,direct-source-geometry
FMA:22655|right,Right axillary artery,,FMA:22655,,arterial,right,direct-source-geometry
FMA:13330|right,Right axillary vein,,FMA:13330,,venous,right,direct-source-geometry
FMA:22909|right,Right basilic vein,,FMA:22909,,venous,right,direct-source-geometry
FMA:22691|right,Right brachial artery,,FMA:22691,,arterial,right,direct-source-geometry
FMA:13325|right,Right cephalic vein,,FMA:13325,,venous,right,direct-source-geometry
FMA:23180|right,Right circumflex scapular artery,,FMA:23180,,arterial,right,direct-source-geometry
FMA:77949|right,Right circumflex scapular vein,,FMA:77949,,venous,right,direct-source-geometry
FMA:22807|right,Right common interosseous artery,,FMA:22807,,arterial,right,direct-source-geometry
FMA:5039|right,Right costocervical trunk,,FMA:5039,,arterial,right,direct-source-geometry
FMA:22696|right,Right deep brachial artery,,FMA:22696,,arterial,right,direct-source-geometry
FMA:10660|right,Right deep cervical artery,,FMA:10660,,arterial,right,direct-source-geometry
FMA:22839|right,Right deep palmar arch,,FMA:22839,,arterial,right,direct-source-geometry
FMA:62506|right,Dorsal venous network of right hand,,FMA:62506,,venous,right,direct-source-geometry
FMA:22912|right,Right deep palmar venous arch,,FMA:22912,,venous,right,direct-source-geometry
FMA:23072|right,Deltoid branch of right thoraco-acromial artery,,FMA:23072,,arterial,right,direct-source-geometry
FMA:22772|right,Dorsal carpal branch of right radial artery,,FMA:22772,,arterial,right,direct-source-geometry
FMA:4057|right,Right dorsal scapular artery,,FMA:4057,,arterial,right,direct-source-geometry
FMA:71211|right,Right lateral thoracic vein,,FMA:71211,,venous,right,direct-source-geometry
FMA:22968|right,Right median antebrachial vein,,FMA:22968,,venous,right,direct-source-geometry
FMA:22964|right,Right median cubital vein,,FMA:22964,,venous,right,direct-source-geometry
FMA:22821|right,Right dorsal carpal branch of ulnar artery,,FMA:22821,,arterial,right,direct-source-geometry
FMA:22864|right,Right palmar metacarpal artery,,FMA:22864,,arterial,right,direct-source-geometry
FMA:22920|right,Right palmar metacarpal vein,,FMA:22920,,venous,right,direct-source-geometry
FMA:22685|right,Right posterior circumflex humeral artery,,FMA:22685,,arterial,right,direct-source-geometry
FMA:22804|right,Right posterior ulnar recurrent artery,,FMA:22804,,arterial,right,direct-source-geometry
FMA:22733|right,Right radial artery,,FMA:22733,,arterial,right,direct-source-geometry
FMA:22764|right,Right radial recurrent artery,,FMA:22764,,arterial,right,direct-source-geometry
FMA:22948|right,Right radial vein,,FMA:22948,,venous,right,direct-source-geometry
FMA:268667|right,Right recurrent interosseous artery,,FMA:268667,,arterial,right,direct-source-geometry
FMA:22678|right,Right subscapular artery,,FMA:22678,,arterial,right,direct-source-geometry
FMA:23114|right,Right subscapular vein,,FMA:23114,,venous,right,direct-source-geometry
FMA:22835|right,Right superficial palmar arterial arch,,FMA:22835,,arterial,right,direct-source-geometry
FMA:22915|right,Right superficial palmar venous arch,,FMA:22915,,venous,right,direct-source-geometry
FMA:50859|right,Right suprascapular vein,,FMA:50859,,venous,right,direct-source-geometry
FMA:10698|right,Right suprascapular artery,,FMA:10698,,arterial,right,direct-source-geometry
FMA:66563|right,Trunk of right thoraco-acromial artery,,FMA:66563,,arterial,right,direct-source-geometry
FMA:66321|right,Right thoracodorsal artery,,FMA:66321,,arterial,right,direct-source-geometry
FMA:71214|right,Right thoracodorsal vein,,FMA:71214,,venous,right,direct-source-geometry
FMA:3992|right,Right thyrocervical trunk,,FMA:3992,,arterial,right,direct-source-geometry
FMA:10700|right,Right superficial cervical artery,,FMA:10700,,arterial,right,direct-source-geometry
FMA:10699|right,Right transverse cervical artery,,FMA:10699,,arterial,right,direct-source-geometry
FMA:22797|right,Right ulnar artery,,FMA:22797,,arterial,right,direct-source-geometry
FMA:22801|right,Right anterior ulnar recurrent artery,,FMA:22801,,arterial,right,direct-source-geometry
FMA:22951|right,Right ulnar vein,,FMA:22951,,venous,right,direct-source-geometry
FMA:22936|left,Left medial brachial vein,,FMA:22936,,venous,left,direct-source-geometry
FMA:22778|left,Left arteria radialis indicis,,FMA:22778,,arterial,left,direct-source-geometry
FMA:85118|left,Left first common palmar digital artery,,FMA:85118,,arterial,left,direct-source-geometry
FMA:85120|left,Left second common palmar digital artery,,FMA:85120,,arterial,left,direct-source-geometry
FMA:85122|left,Left third common palmar digital artery,,FMA:85122,,arterial,left,direct-source-geometry
FMA:85103|left,Proper palmar digital vein of left little finger,,FMA:85103,,venous,left,direct-source-geometry
FMA:22923,Common palmar digital vein,,FMA:22923,,venous,unspecified,direct-source-geometry
FMA:85097|left,Proper palmar digital vein of left index finger,,FMA:85097,,venous,left,direct-source-geometry
FMA:85099|left,Proper palmar digital vein of left middle finger,,FMA:85099,,venous,left,direct-source-geometry
FMA:85101|left,Proper palmar digital vein of left ring finger,,FMA:85101,,venous,left,direct-source-geometry
FMA:23064|left,Pectoral branch of left thoraco-acromial artery,,FMA:23064,,arterial,left,direct-source-geometry
FMA:23125|left,Middle collateral branch of left deep brachial artery,,FMA:23125,,arterial,left,direct-source-geometry
FMA:23051|left,Medial proper palmar digital artery of left index finger,,FMA:23051,,arterial,left,direct-source-geometry
FMA:22860|left,Lateral proper palmar digital artery of left middle finger,,FMA:22860,,arterial,left,direct-source-geometry
FMA:85116|left,Lateral proper palmar digital artery of left ring finger,,FMA:85116,,arterial,left,direct-source-geometry
FMA:23055|left,Lateral proper palmar digital artery of left little finger,,FMA:23055,,arterial,left,direct-source-geometry
FMA:85124|left,Left fourth common palmar digital artery,,FMA:85124,,arterial,left,direct-source-geometry
FMA:22907|left,Left arteria princeps pollicis,,FMA:22907,,arterial,left,direct-source-geometry
FMA:22935|right,Right medial brachial vein,,FMA:22935,,venous,right,direct-source-geometry
FMA:22777|right,Right arteria radialis indicis,,FMA:22777,,arterial,right,direct-source-geometry
FMA:22856|right,Right first common palmar digital artery,,FMA:22856,,arterial,right,direct-source-geometry
FMA:85119|right,Right second common palmar digital artery,,FMA:85119,,arterial,right,direct-source-geometry
FMA:85121|right,Right third common palmar digital artery,,FMA:85121,,arterial,right,direct-source-geometry
FMA:70800,Set of dorsal metacarpal arteries,,FMA:70800,,arterial,unspecified,direct-source-geometry
FMA:85102|right,Proper palmar digital vein of right little finger,,FMA:85102,,venous,right,direct-source-geometry
FMA:85096|right,Proper palmar digital vein of right index finger,,FMA:85096,,venous,right,direct-source-geometry
FMA:85098|right,Proper palmar digital vein of right middle finger,,FMA:85098,,venous,right,direct-source-geometry
FMA:85100|right,Proper palmar digital vein of right ring finger,,FMA:85100,,venous,right,direct-source-geometry
FMA:23063|right,Pectoral branch of right thoraco-acromial artery,,FMA:23063,,arterial,right,direct-source-geometry
FMA:23124|right,Middle collateral branch of right deep brachial artery,,FMA:23124,,arterial,right,direct-source-geometry
FMA:23050|right,Medial proper palmar digital artery of right index finger,,FMA:23050,,arterial,right,direct-source-geometry
FMA:22858|right,Lateral proper palmar digital artery of right middle finger,,FMA:22858,,arterial,right,direct-source-geometry
FMA:85115|right,Lateral proper palmar digital artery of right ring finger,,FMA:85115,,arterial,right,direct-source-geometry
FMA:85112|right,Medial proper palmar digital artery of right middle finger,,FMA:85112,,arterial,right,direct-source-geometry
FMA:23054|right,Lateral proper palmar digital artery of right little finger,,FMA:23054,,arterial,right,direct-source-geometry
FMA:23052|right,Medial proper palmar digital artery of right ring finger,,FMA:23052,,arterial,right,direct-source-geometry
FMA:85123|right,Right fourth common palmar digital artery,,FMA:85123,,arterial,right,direct-source-geometry
FMA:22905|right,Right arteria princeps pollicis,,FMA:22905,,arterial,right,direct-source-geometry
FMA:22707|right,Right superior ulnar collateral artery,,FMA:22707,,arterial,right,direct-source-geometry
FMA:22708|left,Left superior ulnar collateral artery,,FMA:22708,,arterial,left,direct-source-geometry
FMA:15745,Hepatovenous segment VII,,FMA:15745,,venous,unspecified,direct-source-geometry
FMA:7247|left,Left anterior cusp of pulmonary valve,,FMA:7247,,cardiac,left,direct-source-geometry
FMA:7260|right,Anterior papillary muscle of right ventricle,,FMA:7260,,muscular,right,direct-source-geometry
FMA:7242,Anterior leaflet of mitral valve,,FMA:7242,,cardiac,unspecified,direct-source-geometry
FMA:7238,Anterior leaflet of tricuspid valve,,FMA:7238,,cardiac,unspecified,direct-source-geometry
FMA:9466|left,Cavity of left ventricle,,FMA:9466,,cardiac,left,direct-source-geometry
FMA:9291|right,Cavity of right ventricle,,FMA:9291,,cardiac,right,direct-source-geometry
FMA:11359|right,Cavity of right atrium,,FMA:11359,,cardiac,right,direct-source-geometry
FMA:9465|left,Cavity of left atrium,,FMA:9465,,cardiac,left,direct-source-geometry
FMA:7254|left,Left posterior cusp of aortic valve,,FMA:7254,,cardiac,left,direct-source-geometry
FMA:7250,Posterior cusp of pulmonary valve,,FMA:7250,,cardiac,unspecified,direct-source-geometry
FMA:13884,Wall of ventricle,,FMA:13884,,cardiac,unspecified,direct-source-geometry
FMA:7252|right,Right posterior cusp of aortic valve,,FMA:7252,,cardiac,right,direct-source-geometry
FMA:7243,Posterior leaflet of mitral valve,,FMA:7243,,cardiac,unspecified,direct-source-geometry
FMA:7239,Posterior leaflet of tricuspid valve,,FMA:7239,,cardiac,unspecified,direct-source-geometry
FMA:7249|right,Right anterior cusp of pulmonary valve,,FMA:7249,,cardiac,right,direct-source-geometry
FMA:7253,Anterior cusp of aortic valve,,FMA:7253,,cardiac,unspecified,direct-source-geometry
FMA:7240,Septal leaflet of tricuspid valve,,FMA:7240,,cardiac,unspecified,direct-source-geometry
FMA:9531|left,Wall of left atrium,,FMA:9531,,cardiac,left,direct-source-geometry
FMA:9457|right,Wall of right atrium,,FMA:9457,,cardiac,right,direct-source-geometry
FMA:9615,Cricoid cartilage,,FMA:9615,,skeletal,unspecified,direct-source-geometry
FMA:68227,Inferior lingular bronchial tree,,FMA:68227,,respiratory,unspecified,direct-source-geometry
FMA:68230|left,Left medial basal segmental bronchial tree,,FMA:68230,,respiratory,left,direct-source-geometry
FMA:68222|left,Left anterior segmental bronchial tree,,FMA:68222,,respiratory,left,direct-source-geometry
FMA:68223|left,Left apical segmental bronchial tree,,FMA:68223,,respiratory,left,direct-source-geometry
FMA:68232|left,Left lateral basal segmental bronchial tree,,FMA:68232,,respiratory,left,direct-source-geometry
FMA:68233|left,Left posterior basal segmental bronchial tree,,FMA:68233,,respiratory,left,direct-source-geometry
FMA:68225|left,Left posterior segmental bronchial tree,,FMA:68225,,respiratory,left,direct-source-geometry
FMA:68228|left,Left superior segmental bronchial tree,,FMA:68228,,respiratory,left,direct-source-geometry
FMA:68215,Lateral segmental bronchial tree,,FMA:68215,,respiratory,unspecified,direct-source-geometry
FMA:7396|left,Left main bronchus,,FMA:7396,,respiratory,left,direct-source-geometry
FMA:68214,Medial segmental bronchial tree,,FMA:68214,,respiratory,unspecified,direct-source-geometry
FMA:68321|right,Right anterior basal segmental bronchial tree,,FMA:68321,,respiratory,right,direct-source-geometry
FMA:68212|right,Right anterior segmental bronchial tree,,FMA:68212,,respiratory,right,direct-source-geometry
FMA:68211|right,Right apical segmental bronchial tree,,FMA:68211,,respiratory,right,direct-source-geometry
FMA:68220|right,Right lateral basal segmental bronchial tree,,FMA:68220,,respiratory,right,direct-source-geometry
FMA:68218|right,Right medial basal segmental bronchial tree,,FMA:68218,,respiratory,right,direct-source-geometry
FMA:68221|right,Right posterior basal segmental bronchial tree,,FMA:68221,,respiratory,right,direct-source-geometry
FMA:68213|right,Right posterior segmental bronchial tree,,FMA:68213,,respiratory,right,direct-source-geometry
FMA:68216|right,Right superior segmental bronchial tree,,FMA:68216,,respiratory,right,direct-source-geometry
FMA:68226,Superior lingular bronchial tree,,FMA:68226,,respiratory,unspecified,direct-source-geometry
FMA:68231|left,Left anterior basal segmental bronchial tree,,FMA:68231,,respiratory,left,direct-source-geometry
FMA:68418|right,Right main bronchus proper,,FMA:68418,,respiratory,right,direct-source-geometry
FMA:7394,Trachea,,FMA:7394,,respiratory,unspecified,direct-source-geometry
FMA:46443|right,Right coccygeus,,FMA:46443,,muscular,right,direct-source-geometry
FMA:45858|right,Right iliococcygeus,,FMA:45858,,muscular,right,direct-source-geometry
FMA:45854|right,Right pubococcygeus,,FMA:45854,,muscular,right,direct-source-geometry
FMA:45856|right,Right puborectalis,,FMA:45856,,muscular,right,direct-source-geometry
FMA:59505|right,Right major alar cartilage,,FMA:59505,,skeletal,right,direct-source-geometry
FMA:59506|left,Left major alar cartilage,,FMA:59506,,skeletal,left,direct-source-geometry
FMA:59513|left,Left lateral nasal cartilage,,FMA:59513,,respiratory,left,direct-source-geometry
FMA:59503,Septal nasal cartilage,,FMA:59503,,respiratory,unspecified,direct-source-geometry
FMA:59512|right,Right lateral nasal cartilage,,FMA:59512,,respiratory,right,direct-source-geometry
FMA:7196,Spleen,,FMA:7196,,lymphatic,unspecified,direct-source-geometry
FMA:14773,Splenic artery,,FMA:14773,,arterial,unspecified,direct-source-geometry
FMA:7131,Esophagus,,FMA:7131,,digestive,unspecified,direct-source-geometry
FMA:7148,Stomach,,FMA:7148,,digestive,unspecified,direct-source-geometry
FMA:14542,Appendix,,FMA:14542,,digestive,unspecified,direct-source-geometry
FMA:14545,Ascending colon,,FMA:14545,,digestive,unspecified,direct-source-geometry
FMA:14547,Descending colon,,FMA:14547,,digestive,unspecified,direct-source-geometry
FMA:15044,Taenia libera,,FMA:15044,,digestive,unspecified,direct-source-geometry
FMA:15042,Taenia mesocolica,,FMA:15042,,digestive,unspecified,direct-source-geometry
FMA:15043,Taenia omentalis,,FMA:15043,,digestive,unspecified,direct-source-geometry
FMA:14544,Rectum,,FMA:14544,,digestive,unspecified,direct-source-geometry
FMA:14546,Transverse colon,,FMA:14546,,digestive,unspecified,direct-source-geometry
FMA:14964,Proximal part of ileum,,FMA:14964,,digestive,unspecified,direct-source-geometry
FMA:14965,Middle part of ileum,,FMA:14965,,digestive,unspecified,direct-source-geometry
FMA:11338,Ileocecal junction,,FMA:11338,,digestive,unspecified,direct-source-geometry
FMA:16981,Proximal part of jejunum,,FMA:16981,,digestive,unspecified,direct-source-geometry
FMA:16982,Middle part of jejunum,,FMA:16982,,digestive,unspecified,direct-source-geometry
FMA:16983,Distal part of jejunum,,FMA:16983,,digestive,unspecified,direct-source-geometry
FMA:63120,Parenchyma of pancreas,,FMA:63120,,digestive,unspecified,direct-source-geometry
FMA:63103,Pancreatic duct tree,,FMA:63103,,digestive,unspecified,direct-source-geometry
FMA:74912|left,Trunk of anterior interventricular branch of left coronary artery,,FMA:74912,,arterial,left,direct-source-geometry
FMA:3872,First right anterior branch of anterior interventricular branch of left coronary artery,,FMA:3872,,arterial,unspecified,direct-source-geometry
FMA:3876,Third right anterior branch of anterior interventricular branch of left coronary artery,,FMA:3876,,arterial,unspecified,direct-source-geometry
FMA:3868|left,Conus branch of anterior interventricular branch of left coronary artery,,FMA:3868,,arterial,left,direct-source-geometry
FMA:3874,Second right anterior branch of anterior interventricular branch of left coronary artery,,FMA:3874,,arterial,unspecified,direct-source-geometry
FMA:3895|left,Circumflex branch of left coronary artery,,FMA:3895,,arterial,left,direct-source-geometry
FMA:4706,Coronary sinus,,FMA:4706,,venous,unspecified,direct-source-geometry
FMA:4707,Great cardiac vein,,FMA:4707,,venous,unspecified,direct-source-geometry
FMA:66403,Anterior interventricular vein,,FMA:66403,,venous,unspecified,direct-source-geometry
FMA:3807|right,Right conus artery,,FMA:3807,,arterial,right,direct-source-geometry
FMA:3815|right,First anterior ventricular branch of right coronary artery,,FMA:3815,,arterial,right,direct-source-geometry
FMA:4713,Middle cardiac vein,,FMA:4713,,venous,unspecified,direct-source-geometry
FMA:3840|right,Posterior interventricular branch of right coronary artery,,FMA:3840,,arterial,right,direct-source-geometry
FMA:3837|right,First posterior ventricular branch of right coronary artery,,FMA:3837,,arterial,right,direct-source-geometry
FMA:3802|right,Trunk of right coronary artery,,FMA:3802,,arterial,right,direct-source-geometry
FMA:4714,Small cardiac vein,,FMA:4714,,venous,unspecified,direct-source-geometry
FMA:4716|right,Right marginal vein,,FMA:4716,,venous,right,direct-source-geometry
FMA:3892,Septal branch of anterior interventricular artery,,FMA:3892,,arterial,unspecified,direct-source-geometry
FMA:3847|right,First septal branch of right posterior interventricular artery,,FMA:3847,,arterial,right,direct-source-geometry
FMA:3848|right,Second septal branch of right posterior interventricular artery,,FMA:3848,,arterial,right,direct-source-geometry
FMA:3855|left,Trunk of left coronary artery,,FMA:3855,,arterial,left,direct-source-geometry
FMA:46702|left,Left genioglossus,,FMA:46702,,muscular,left,direct-source-geometry
FMA:46704|left,Left hyoglossus,,FMA:46704,,muscular,left,direct-source-geometry
FMA:46636|left,Left inferior pharyngeal constrictor,,FMA:46636,,respiratory,left,direct-source-geometry
FMA:46729|left,Left levator veli palatini,,FMA:46729,,muscular,left,direct-source-geometry
FMA:46633|right,Right middle pharyngeal constrictor,,FMA:46633,,respiratory,right,direct-source-geometry
FMA:46672|left,Left palatopharyngeus,,FMA:46672,,respiratory,left,direct-source-geometry
FMA:55620|left,Left pterygomandibular raphe,,FMA:55620,,connective,left,direct-source-geometry
FMA:46670|left,Left salpingopharyngeus,,FMA:46670,,respiratory,left,direct-source-geometry
FMA:46668|left,Left stylopharyngeus,,FMA:46668,,respiratory,left,direct-source-geometry
FMA:46632|left,Left superior pharyngeal constrictor,,FMA:46632,,respiratory,left,direct-source-geometry
FMA:46732|left,Left tensor veli palatini,,FMA:46732,,muscular,left,direct-source-geometry
FMA:55077,Pharyngeal raphe,,FMA:55077,,connective,unspecified,direct-source-geometry
FMA:46698|right,Right genioglossus,,FMA:46698,,muscular,right,direct-source-geometry
FMA:46703|right,Right hyoglossus,,FMA:46703,,muscular,right,direct-source-geometry
FMA:46635|right,Right inferior pharyngeal constrictor,,FMA:46635,,respiratory,right,direct-source-geometry
FMA:46728|right,Right levator veli palatini,,FMA:46728,,muscular,right,direct-source-geometry
FMA:46634|left,Left middle pharyngeal constrictor,,FMA:46634,,respiratory,left,direct-source-geometry
FMA:46671|right,Right palatopharyngeus,,FMA:46671,,respiratory,right,direct-source-geometry
FMA:55619|right,Right pterygomandibular raphe,,FMA:55619,,connective,right,direct-source-geometry
FMA:46669|right,Right salpingopharyngeus,,FMA:46669,,respiratory,right,direct-source-geometry
FMA:46667|right,Right stylopharyngeus,,FMA:46667,,respiratory,right,direct-source-geometry
FMA:46631|right,Right superior pharyngeal constrictor,,FMA:46631,,respiratory,right,direct-source-geometry
FMA:46731|right,Right tensor veli palatini,,FMA:46731,,muscular,right,direct-source-geometry
FMA:54640,Tongue,,FMA:54640,,digestive,unspecified,direct-source-geometry
FMA:46733,Uvular muscle,,FMA:46733,,muscular,unspecified,direct-source-geometry
FMA:72311|left,Left stylohyoid ligament,,FMA:72311,,connective,left,direct-source-geometry
FMA:72309|right,Right stylohyoid ligament,,FMA:72309,,connective,right,direct-source-geometry
FMA:59805|left,Left sublingual gland,,FMA:59805,,digestive,left,direct-source-geometry
FMA:59803|left,Left submandibular gland,,FMA:59803,,digestive,left,direct-source-geometry
FMA:59804|right,Right sublingual gland,,FMA:59804,,digestive,right,direct-source-geometry
FMA:59802|right,Right submandibular gland,,FMA:59802,,digestive,right,direct-source-geometry
FMA:55130,Epiglottis,,FMA:55130,,respiratory,unspecified,direct-source-geometry
FMA:55227,Hyo-epiglottic ligament,,FMA:55227,,connective,unspecified,direct-source-geometry
FMA:52749,Hyoid bone,,FMA:52749,,skeletal,unspecified,direct-source-geometry
FMA:55118|left,Left cuneiform cartilage,,FMA:55118,,skeletal,left,direct-source-geometry
FMA:46605|left,Left aryepiglotticus,,FMA:46605,,muscular,left,direct-source-geometry
FMA:55252|left,Left conus elasticus,,FMA:55252,,connective,left,direct-source-geometry
FMA:46581|left,Left lateral crico-arytenoid,,FMA:46581,,muscular,left,direct-source-geometry
FMA:55141|left,Left lateral thyrohyoid ligament,,FMA:55141,,connective,left,direct-source-geometry
FMA:46585|left,Left oblique arytenoid,,FMA:46585,,muscular,left,direct-source-geometry
FMA:46614|left,Oblique part of left cricothyroid,,FMA:46614,,muscular,left,direct-source-geometry
FMA:46578|left,Left posterior crico-arytenoid,,FMA:46578,,muscular,left,direct-source-geometry
FMA:46612|left,Straight part of left cricothyroid,,FMA:46612,,muscular,left,direct-source-geometry
FMA:46590|left,Left thyro-arytenoid,,FMA:46590,,muscular,left,direct-source-geometry
FMA:55134|left,Left thyrohyoid membrane,,FMA:55134,,connective,left,direct-source-geometry
FMA:55246|left,Left vocal ligament,,FMA:55246,,connective,left,direct-source-geometry
FMA:46593|left,Left vocalis,,FMA:46593,,muscular,left,direct-source-geometry
FMA:55237,Median cricothyroid ligament,,FMA:55237,,connective,unspecified,direct-source-geometry
FMA:55138,Median thyrohyoid ligament,,FMA:55138,,connective,unspecified,direct-source-geometry
FMA:46604|right,Right aryepiglotticus,,FMA:46604,,muscular,right,direct-source-geometry
FMA:55251|right,Right conus elasticus,,FMA:55251,,connective,right,direct-source-geometry
FMA:55117|right,Right cuneiform cartilage,,FMA:55117,,skeletal,right,direct-source-geometry
FMA:46580|right,Right lateral crico-arytenoid,,FMA:46580,,muscular,right,direct-source-geometry
FMA:55140|right,Right lateral thyrohyoid ligament,,FMA:55140,,connective,right,direct-source-geometry
FMA:46584|right,Right oblique arytenoid,,FMA:46584,,muscular,right,direct-source-geometry
FMA:46613|right,Oblique part of right cricothyroid,,FMA:46613,,muscular,right,direct-source-geometry
FMA:46577|right,Right posterior crico-arytenoid,,FMA:46577,,muscular,right,direct-source-geometry
FMA:46611|right,Straight part of right cricothyroid,,FMA:46611,,muscular,right,direct-source-geometry
FMA:46589|right,Right thyro-arytenoid,,FMA:46589,,muscular,right,direct-source-geometry
FMA:55133|right,Right thyrohyoid membrane,,FMA:55133,,connective,right,direct-source-geometry
FMA:55245|right,Right vocal ligament,,FMA:55245,,connective,right,direct-source-geometry
FMA:46592|right,Right vocalis,,FMA:46592,,muscular,right,direct-source-geometry
FMA:55230,Thyro-epiglottic ligament,,FMA:55230,,connective,unspecified,direct-source-geometry
FMA:55099,Thyroid cartilage,,FMA:55099,,skeletal,unspecified,direct-source-geometry
FMA:46582,Transverse arytenoid,,FMA:46582,,muscular,unspecified,direct-source-geometry
FMA:7163,Skin,,FMA:7163,,integumentary,unspecified,direct-source-geometry
FMA:52781,External ear,,FMA:52781,,sensory,unspecified,direct-source-geometry
FMA:54237,Eyebrow,,FMA:54237,,integumentary,unspecified,direct-source-geometry
FMA:54241,Hair of head,,FMA:54241,,integumentary,unspecified,direct-source-geometry
FMA:59816,Lip,,FMA:59816,,integumentary,unspecified,direct-source-geometry
FMA:54319,Pubic hair,,FMA:54319,,integumentary,unspecified,direct-source-geometry
FMA:13365,Caudate lobe of liver,,FMA:13365,,digestive,unspecified,direct-source-geometry
FMA:7202,Gallbladder,,FMA:7202,,digestive,unspecified,direct-source-geometry
FMA:15739,Hepatovenous segment II,,FMA:15739,,venous,unspecified,direct-source-geometry
FMA:15741,Hepatovenous segment III,,FMA:15741,,venous,unspecified,direct-source-geometry
FMA:15742,Hepatovenous segment IV,,FMA:15742,,venous,unspecified,direct-source-geometry
FMA:15743,Hepatovenous segment V,,FMA:15743,,venous,unspecified,direct-source-geometry
FMA:15744,Hepatovenous segment VI,,FMA:15744,,venous,unspecified,direct-source-geometry
FMA:15746,Hepatovenous segment VIII,,FMA:15746,,venous,unspecified,direct-source-geometry
FMA:8647|left,Left posterior basal segmental artery,,FMA:8647,,arterial,left,direct-source-geometry
FMA:8646|left,Left lateral basal segmental artery,,FMA:8646,,arterial,left,direct-source-geometry
FMA:8645|left,Left anterior basal segmental artery,,FMA:8645,,arterial,left,direct-source-geometry
FMA:8644|left,Left medial basal segmental artery,,FMA:8644,,arterial,left,direct-source-geometry
FMA:8642|left,Left superior segmental artery,,FMA:8642,,arterial,left,direct-source-geometry
FMA:8640,Inferior lingular artery,,FMA:8640,,arterial,unspecified,direct-source-geometry
FMA:8639,Superior lingular artery,,FMA:8639,,arterial,unspecified,direct-source-geometry
FMA:13279|left,Left anterior segmental artery,,FMA:13279,,arterial,left,direct-source-geometry
FMA:8635|left,Left posterior segmental artery,,FMA:8635,,arterial,left,direct-source-geometry
FMA:8634|left,Left apical segmental artery,,FMA:8634,,arterial,left,direct-source-geometry
FMA:50873|left,Left pulmonary artery,,FMA:50873,,arterial,left,direct-source-geometry
FMA:9438|left,Left posterior segmental vein,,FMA:9438,,venous,left,direct-source-geometry
FMA:8667|left,Left anterior segmental vein,,FMA:8667,,venous,left,direct-source-geometry
FMA:8669,Inferior lingular vein,,FMA:8669,,venous,unspecified,direct-source-geometry
FMA:9437|left,Left apical segmental vein,,FMA:9437,,venous,left,direct-source-geometry
FMA:8668,Superior lingular vein,,FMA:8668,,venous,unspecified,direct-source-geometry
FMA:9451|left,Left posterior basal segmental vein,,FMA:9451,,venous,left,direct-source-geometry
FMA:9450|left,Left lateral basal segmental vein,,FMA:9450,,venous,left,direct-source-geometry
FMA:8678|left,Left anterior basal segmental vein,,FMA:8678,,venous,left,direct-source-geometry
FMA:8612,Pulmonary trunk,,FMA:8612,,arterial,unspecified,direct-source-geometry
FMA:68662|right,Apical part of right apical segmental artery,,FMA:68662,,arterial,right,direct-source-geometry
FMA:68670|right,Apical part of right posterior segmental artery,,FMA:68670,,arterial,right,direct-source-geometry
FMA:68673|right,Posterior part of right posterior segmental artery,,FMA:68673,,arterial,right,direct-source-geometry
FMA:68197|right,Right upper lobar artery,,FMA:68197,,arterial,right,direct-source-geometry
FMA:68677|right,Posterior branch of right anterior segmental artery,,FMA:68677,,arterial,right,direct-source-geometry
FMA:68683|right,Anterior branch of right anterior segmental artery,,FMA:68683,,arterial,right,direct-source-geometry
FMA:68665|right,Anterior part of right apical segmental artery,,FMA:68665,,arterial,right,direct-source-geometry
FMA:68691,Anterior branch of lateral segmental artery,,FMA:68691,,arterial,unspecified,direct-source-geometry
FMA:68690,Posterior branch of lateral segmental artery,,FMA:68690,,arterial,unspecified,direct-source-geometry
FMA:68693,Superior branch of medial segmental artery,,FMA:68693,,arterial,unspecified,direct-source-geometry
FMA:68694,Inferior branch of medial segmental artery,,FMA:68694,,arterial,unspecified,direct-source-geometry
FMA:68712|right,Lateral branch of right superior segmental artery,,FMA:68712,,arterial,right,direct-source-geometry
FMA:68706|right,Medial branch of right superior segmental artery,,FMA:68706,,arterial,right,direct-source-geometry
FMA:68709|right,Superior branch of right superior segmental artery,,FMA:68709,,arterial,right,direct-source-geometry
FMA:68725|right,Lateral branch of right anterior basal segmental artery,,FMA:68725,,arterial,right,direct-source-geometry
FMA:68723|right,Basal branch of right anterior basal segmental artery,,FMA:68723,,arterial,right,direct-source-geometry
FMA:68728|right,Lateral branch of right lateral basal segmental artery,,FMA:68728,,arterial,right,direct-source-geometry
FMA:68741|right,Mediobasal branch of right posterior basal segmental artery,,FMA:68741,,arterial,right,direct-source-geometry
FMA:68735|right,Accessory subsuperior branch of right posterior basal segmental artery,,FMA:68735,,arterial,right,direct-source-geometry
FMA:68738|right,Laterobasal branch of right posterior basal segmental artery,,FMA:68738,,arterial,right,direct-source-geometry
FMA:50872|right,Right pulmonary artery,,FMA:50872,,arterial,right,direct-source-geometry
FMA:68928|right,Inferior part of right anterior segmental vein,,FMA:68928,,venous,right,direct-source-geometry
FMA:8663|right,Right posterior segmental vein,,FMA:8663,,venous,right,direct-source-geometry
FMA:68926|right,Superior part of right anterior segmental vein,,FMA:68926,,venous,right,direct-source-geometry
FMA:8662|right,Right anterior segmental vein,,FMA:8662,,venous,right,direct-source-geometry
FMA:68982,Superior part of medial segmental vein,,FMA:68982,,venous,unspecified,direct-source-geometry
FMA:68880|right,Trunk of right apical segmental vein,,FMA:68880,,venous,right,direct-source-geometry
FMA:68983,Inferior part of medial segmental vein,,FMA:68983,,venous,unspecified,direct-source-geometry
FMA:68945,Anterior part of lateral segmental vein,,FMA:68945,,venous,unspecified,direct-source-geometry
FMA:68944,Posterior part of lateral segmental vein,,FMA:68944,,venous,unspecified,direct-source-geometry
FMA:9428|right,Right posterior basal segmental vein,,FMA:9428,,venous,right,direct-source-geometry
FMA:68921|right,Anterior part of right apical segmental vein,,FMA:68921,,venous,right,direct-source-geometry
FMA:8673|right,Right anterior basal segmental vein,,FMA:8673,,venous,right,direct-source-geometry
FMA:8670|right,Right superior segmental vein,,FMA:8670,,venous,right,direct-source-geometry
FMA:9422|right,Right medial basal segmental vein,,FMA:9422,,venous,right,direct-source-geometry
FMA:9425|right,Right lateral basal segmental vein,,FMA:9425,,venous,right,direct-source-geometry
FMA:8681|right,Apical part of right apical segmental vein,,FMA:8681,,venous,right,direct-source-geometry
FMA:71867|right,Anterior superior tributary of right hepatic biliary tree,,FMA:71867,,digestive,right,direct-source-geometry
FMA:71868|right,Anterior inferior tributary of right hepatic biliary tree,,FMA:71868,,digestive,right,direct-source-geometry
FMA:15420|right,Anterior superior segmental branch of right portal vein,,FMA:15420,,venous,right,direct-source-geometry
FMA:15421|right,Anterior inferior segmental branch of right portal vein,,FMA:15421,,venous,right,direct-source-geometry
FMA:70443,Anterior inferior segmental hepatic artery,,FMA:70443,,arterial,unspecified,direct-source-geometry
FMA:70442,Anterior superior segmental hepatic artery,,FMA:70442,,arterial,unspecified,direct-source-geometry
FMA:70455|left,Caudate lobe branch of left hepatic artery,,FMA:70455,,arterial,left,direct-source-geometry
FMA:14771,Common hepatic artery,,FMA:14771,,arterial,unspecified,direct-source-geometry
FMA:14668,Common hepatic duct,,FMA:14668,,digestive,unspecified,direct-source-geometry
FMA:14539,Cystic duct,,FMA:14539,,digestive,unspecified,direct-source-geometry
FMA:71904,Pre-hepatic portal vein,,FMA:71904,,venous,unspecified,direct-source-geometry
FMA:15800,Anterior inferior segmental tributary of middle hepatic vein,,FMA:15800,,venous,unspecified,direct-source-geometry
FMA:15801,Medial inferior segmental tributary of middle hepatic vein,,FMA:15801,,venous,unspecified,direct-source-geometry
FMA:71887|left,Lateral superior tributary of left hepatic biliary tree,,FMA:71887,,digestive,left,direct-source-geometry
FMA:71888|left,Lateral inferior tributary of left hepatic biliary tree,,FMA:71888,,digestive,left,direct-source-geometry
FMA:70452,Lateral superior segmental hepatic artery,,FMA:70452,,arterial,unspecified,direct-source-geometry
FMA:70453,Lateral inferior segmental hepatic artery,,FMA:70453,,arterial,unspecified,direct-source-geometry
FMA:76903|left,Left duct of caudate lobe of liver,,FMA:76903,,digestive,left,direct-source-geometry
FMA:70457|left,Trunk of left hepatic artery,,FMA:70457,,arterial,left,direct-source-geometry
FMA:14670|left,Left hepatic duct,,FMA:14670,,digestive,left,direct-source-geometry
FMA:15804|left,Lateral inferior segmental tributary of left hepatic vein,,FMA:15804,,venous,left,direct-source-geometry
FMA:15803|left,Lateral superior segmental tributary of left hepatic vein,,FMA:15803,,venous,left,direct-source-geometry
FMA:15802|left,Medial superior segmental tributary of left hepatic vein,,FMA:15802,,venous,left,direct-source-geometry
FMA:82697|left,Trunk of left portal vein,,FMA:82697,,venous,left,direct-source-geometry
FMA:71886|left,Medial inferior tributary of left hepatic biliary tree,,FMA:71886,,digestive,left,direct-source-geometry
FMA:71885|left,Medial superior tributary of left hepatic biliary tree,,FMA:71885,,digestive,left,direct-source-geometry
FMA:70450,Medial inferior segmental hepatic artery,,FMA:70450,,arterial,unspecified,direct-source-geometry
FMA:70449,Medial superior segmental hepatic artery,,FMA:70449,,arterial,unspecified,direct-source-geometry
FMA:71870|right,Posterior inferior tributary of right hepatic biliary tree,,FMA:71870,,digestive,right,direct-source-geometry
FMA:71869|right,Posterior superior tributary of right hepatic biliary tree,,FMA:71869,,digestive,right,direct-source-geometry
FMA:15424|right,Posterior inferior segmental branch of right portal vein,,FMA:15424,,venous,right,direct-source-geometry
FMA:15423|right,Posterior superior segmental branch of right portal vein,,FMA:15423,,venous,right,direct-source-geometry
FMA:70446,Posterior inferior segmental hepatic artery,,FMA:70446,,arterial,unspecified,direct-source-geometry
FMA:70445,Posterior superior segmental hepatic artery,,FMA:70445,,arterial,unspecified,direct-source-geometry
FMA:70456|right,Trunk of right hepatic artery,,FMA:70456,,arterial,right,direct-source-geometry
FMA:15797|right,Posterior inferior segmental tributary of right hepatic vein,,FMA:15797,,venous,right,direct-source-geometry
FMA:15796|right,Posterior superior segmental tributary of right hepatic vein,,FMA:15796,,venous,right,direct-source-geometry
FMA:15798|right,Anterior superior segmental tributary of right hepatic vein,,FMA:15798,,venous,right,direct-source-geometry
FMA:82695|right,Trunk of right portal vein,,FMA:82695,,venous,right,direct-source-geometry
FMA:14669|right,Right hepatic duct,,FMA:14669,,digestive,right,direct-source-geometry
FMA:15425|left,Caudate lobe branch of left portal vein,,FMA:15425,,venous,left,direct-source-geometry
FMA:15432|left,Lateral inferior segmental branch of left portal vein,,FMA:15432,,venous,left,direct-source-geometry
FMA:15431|left,Lateral superior segmental branch of left portal vein,,FMA:15431,,venous,left,direct-source-geometry
FMA:15428|left,Medial superior segmental branch of left portal vein,,FMA:15428,,venous,left,direct-source-geometry
FMA:15429|left,Medial inferior segmental branch of left portal vein,,FMA:15429,,venous,left,direct-source-geometry
FMA:15630|left,Left adrenal gland,,FMA:15630,,endocrine,left,direct-source-geometry
FMA:15629|right,Right adrenal gland,,FMA:15629,,endocrine,right,direct-source-geometry
FMA:13295,Diaphragm,,FMA:13295,,muscular,unspecified,direct-source-geometry
FMA:19618,Corpus cavernosum of penis,,FMA:19618,,reproductive,unspecified,direct-source-geometry
FMA:19617,Corpus spongiosum of penis,,FMA:19617,,reproductive,unspecified,direct-source-geometry
FMA:18247,Glans penis,,FMA:18247,,reproductive,unspecified,direct-source-geometry
FMA:19236|left,Left deferent duct,,FMA:19236,,reproductive,left,direct-source-geometry
FMA:18257|left,Left epididymis,,FMA:18257,,reproductive,left,direct-source-geometry
FMA:19388|left,Left seminal vesicle,,FMA:19388,,reproductive,left,direct-source-geometry
FMA:7212|left,Left testis,,FMA:7212,,reproductive,left,direct-source-geometry
FMA:9600,Prostate,,FMA:9600,,reproductive,unspecified,direct-source-geometry
FMA:19235|right,Right deferent duct,,FMA:19235,,reproductive,right,direct-source-geometry
FMA:18256|right,Right epididymis,,FMA:18256,,reproductive,right,direct-source-geometry
FMA:7211|right,Right testis,,FMA:7211,,reproductive,right,direct-source-geometry
FMA:19387|right,Right seminal vesicle,,FMA:19387,,reproductive,right,direct-source-geometry
FMA:15572|left,Left ureter,,FMA:15572,,urinary,left,direct-source-geometry
FMA:7205|left,Left kidney,,FMA:7205,,urinary,left,direct-source-geometry
FMA:15571|right,Right ureter,,FMA:15571,,urinary,right,direct-source-geometry
FMA:7204|right,Right kidney,,FMA:7204,,urinary,right,direct-source-geometry
FMA:19667,Urethra,,FMA:19667,,urinary,unspecified,direct-source-geometry
FMA:15900,Urinary bladder,,FMA:15900,,urinary,unspecified,direct-source-geometry
FMA:71195|left,Left lobe of thymus,,FMA:71195,,lymphatic,left,direct-source-geometry
FMA:71194|right,Right lobe of thymus,,FMA:71194,,lymphatic,right,direct-source-geometry
FMA:16586|right,Right hip bone,,FMA:16586,,skeletal,right,direct-source-geometry
FMA:7488,Xiphoid process,,FMA:7488,,skeletal,unspecified,direct-source-geometry
FMA:10037,Tenth thoracic vertebra,,FMA:10037,,skeletal,unspecified,direct-source-geometry
FMA:10059,Eleventh thoracic vertebra,,FMA:10059,,skeletal,unspecified,direct-source-geometry
FMA:10081,Twelfth thoracic vertebra,,FMA:10081,,skeletal,unspecified,direct-source-geometry
FMA:13072,First lumbar vertebra,,FMA:13072,,skeletal,unspecified,direct-source-geometry
FMA:9165,First thoracic vertebra,,FMA:9165,,skeletal,unspecified,direct-source-geometry
FMA:13073,Second lumbar vertebra,,FMA:13073,,skeletal,unspecified,direct-source-geometry
FMA:9187,Second thoracic vertebra,,FMA:9187,,skeletal,unspecified,direct-source-geometry
FMA:12521,Third cervical vertebra,,FMA:12521,,skeletal,unspecified,direct-source-geometry
FMA:13074,Third lumbar vertebra,,FMA:13074,,skeletal,unspecified,direct-source-geometry
FMA:9209,Third thoracic vertebra,,FMA:9209,,skeletal,unspecified,direct-source-geometry
FMA:12522,Fourth cervical vertebra,,FMA:12522,,skeletal,unspecified,direct-source-geometry
FMA:13075,Fourth lumbar vertebra,,FMA:13075,,skeletal,unspecified,direct-source-geometry
FMA:9248,Fourth thoracic vertebra,,FMA:9248,,skeletal,unspecified,direct-source-geometry
FMA:12523,Fifth cervical vertebra,,FMA:12523,,skeletal,unspecified,direct-source-geometry
FMA:13076,Fifth lumbar vertebra,,FMA:13076,,skeletal,unspecified,direct-source-geometry
FMA:9922,Fifth thoracic vertebra,,FMA:9922,,skeletal,unspecified,direct-source-geometry
FMA:12524,Sixth cervical vertebra,,FMA:12524,,skeletal,unspecified,direct-source-geometry
FMA:9945,Sixth thoracic vertebra,,FMA:9945,,skeletal,unspecified,direct-source-geometry
FMA:12525,Seventh cervical vertebra,,FMA:12525,,skeletal,unspecified,direct-source-geometry
FMA:9968,Seventh thoracic vertebra,,FMA:9968,,skeletal,unspecified,direct-source-geometry
FMA:9991,Eighth thoracic vertebra,,FMA:9991,,skeletal,unspecified,direct-source-geometry
FMA:10014,Ninth thoracic vertebra,,FMA:10014,,skeletal,unspecified,direct-source-geometry
FMA:12519,Atlas,,FMA:12519,,skeletal,unspecified,direct-source-geometry
FMA:12520,Axis,,FMA:12520,,skeletal,unspecified,direct-source-geometry
FMA:7487,Body of sternum,,FMA:7487,,skeletal,unspecified,direct-source-geometry
FMA:32653|left,Distal phalanx of left second toe,,FMA:32653,,skeletal,left,direct-source-geometry
FMA:32655|left,Distal phalanx of left third toe,,FMA:32655,,skeletal,left,direct-source-geometry
FMA:32657|left,Distal phalanx of left fourth toe,,FMA:32657,,skeletal,left,direct-source-geometry
FMA:32651|left,Distal phalanx of left big toe,,FMA:32651,,skeletal,left,direct-source-geometry
FMA:23953|left,Distal phalanx of left index finger,,FMA:23953,,skeletal,left,direct-source-geometry
FMA:23959|left,Distal phalanx of left little finger,,FMA:23959,,skeletal,left,direct-source-geometry
FMA:32659|left,Distal phalanx of left little toe,,FMA:32659,,skeletal,left,direct-source-geometry
FMA:23955|left,Distal phalanx of left middle finger,,FMA:23955,,skeletal,left,direct-source-geometry
FMA:23957|left,Distal phalanx of left ring finger,,FMA:23957,,skeletal,left,direct-source-geometry
FMA:23951|left,Distal phalanx of left thumb,,FMA:23951,,skeletal,left,direct-source-geometry
FMA:32652|right,Distal phalanx of right second toe,,FMA:32652,,skeletal,right,direct-source-geometry
FMA:32654|right,Distal phalanx of right third toe,,FMA:32654,,skeletal,right,direct-source-geometry
FMA:32656|right,Distal phalanx of right fourth toe,,FMA:32656,,skeletal,right,direct-source-geometry
FMA:32650|right,Distal phalanx of right big toe,,FMA:32650,,skeletal,right,direct-source-geometry
FMA:24460|right,Distal phalanx of right index finger,,FMA:24460,,skeletal,right,direct-source-geometry
FMA:24463|right,Distal phalanx of right little finger,,FMA:24463,,skeletal,right,direct-source-geometry
FMA:32658|right,Distal phalanx of right little toe,,FMA:32658,,skeletal,right,direct-source-geometry
FMA:24461|right,Distal phalanx of right middle finger,,FMA:24461,,skeletal,right,direct-source-geometry
FMA:24462|right,Distal phalanx of right ring finger,,FMA:24462,,skeletal,right,direct-source-geometry
FMA:24459|right,Distal phalanx of right thumb,,FMA:24459,,skeletal,right,direct-source-geometry
FMA:52740,Ethmoid,,FMA:52740,,skeletal,unspecified,direct-source-geometry
FMA:52734,Frontal bone,,FMA:52734,,skeletal,unspecified,direct-source-geometry
FMA:25058,Intervertebral disk of axis,,FMA:25058,,skeletal,unspecified,direct-source-geometry
FMA:13501,Intervertebral disk of fourth thoracic vertebra,,FMA:13501,,skeletal,unspecified,direct-source-geometry
FMA:13502,Intervertebral disk of fifth thoracic vertebra,,FMA:13502,,skeletal,unspecified,direct-source-geometry
FMA:13503,Intervertebral disk of sixth thoracic vertebra,,FMA:13503,,skeletal,unspecified,direct-source-geometry
FMA:13504,Intervertebral disk of seventh thoracic vertebra,,FMA:13504,,skeletal,unspecified,direct-source-geometry
FMA:13505,Intervertebral disk of eighth thoracic vertebra,,FMA:13505,,skeletal,unspecified,direct-source-geometry
FMA:13506,Intervertebral disk of ninth thoracic vertebra,,FMA:13506,,skeletal,unspecified,direct-source-geometry
FMA:13507,Intervertebral disk of tenth thoracic vertebra,,FMA:13507,,skeletal,unspecified,direct-source-geometry
FMA:13508,Intervertebral disk of eleventh thoracic vertebra,,FMA:13508,,skeletal,unspecified,direct-source-geometry
FMA:10446,Intervertebral disk,,FMA:10446,,skeletal,unspecified,direct-source-geometry
FMA:16033,Intervertebral disk of first lumbar vertebra,,FMA:16033,,skeletal,unspecified,direct-source-geometry
FMA:13896,Intervertebral disk of third cervical vertebra,,FMA:13896,,skeletal,unspecified,direct-source-geometry
FMA:16034,Intervertebral disk of second lumbar vertebra,,FMA:16034,,skeletal,unspecified,direct-source-geometry
FMA:16035,Intervertebral disk of third lumbar vertebra,,FMA:16035,,skeletal,unspecified,direct-source-geometry
FMA:16036,Intervertebral disk of fourth lumbar vertebra,,FMA:16036,,skeletal,unspecified,direct-source-geometry
FMA:16037,Intervertebral disk of fifth lumbar vertebra,,FMA:16037,,skeletal,unspecified,direct-source-geometry
FMA:13897,Intervertebral disk of fourth cervical vertebra,,FMA:13897,,skeletal,unspecified,direct-source-geometry
FMA:13898,Intervertebral disk of fifth cervical vertebra,,FMA:13898,,skeletal,unspecified,direct-source-geometry
FMA:13899,Intervertebral disk of sixth cervical vertebra,,FMA:13899,,skeletal,unspecified,direct-source-geometry
FMA:13900,Intervertebral disk of seventh cervical vertebra,,FMA:13900,,skeletal,unspecified,direct-source-geometry
FMA:10458,Intervertebral disk of first thoracic vertebra,,FMA:10458,,skeletal,unspecified,direct-source-geometry
FMA:13495,Intervertebral disk of second thoracic vertebra,,FMA:13495,,skeletal,unspecified,direct-source-geometry
FMA:13500,Intervertebral disk of third thoracic vertebra,,FMA:13500,,skeletal,unspecified,direct-source-geometry
FMA:8472|left,Left tenth rib,,FMA:8472,,skeletal,left,direct-source-geometry
FMA:8532|left,Left eleventh rib,,FMA:8532,,skeletal,left,direct-source-geometry
FMA:8534|left,Left twelfth rib,,FMA:8534,,skeletal,left,direct-source-geometry
FMA:7987|left,Left first rib,,FMA:7987,,skeletal,left,direct-source-geometry
FMA:8012|left,Left second rib,,FMA:8012,,skeletal,left,direct-source-geometry
FMA:8039|left,Left third rib,,FMA:8039,,skeletal,left,direct-source-geometry
FMA:8148|left,Left fourth rib,,FMA:8148,,skeletal,left,direct-source-geometry
FMA:8093|left,Left fifth rib,,FMA:8093,,skeletal,left,direct-source-geometry
FMA:8202|left,Left sixth rib,,FMA:8202,,skeletal,left,direct-source-geometry
FMA:8256|left,Left seventh rib,,FMA:8256,,skeletal,left,direct-source-geometry
FMA:8310|left,Left eighth rib,,FMA:8310,,skeletal,left,direct-source-geometry
FMA:8391|left,Left ninth rib,,FMA:8391,,skeletal,left,direct-source-geometry
FMA:13323|left,Left clavicle,,FMA:13323,,skeletal,left,direct-source-geometry
FMA:8005|left,Left first costal cartilage,,FMA:8005,,skeletal,left,direct-source-geometry
FMA:24465|left,Left first metacarpal bone,,FMA:24465,,skeletal,left,direct-source-geometry
FMA:24508|left,Left first metatarsal bone,,FMA:24508,,skeletal,left,direct-source-geometry
FMA:8031|left,Left second costal cartilage,,FMA:8031,,skeletal,left,direct-source-geometry
FMA:24467|left,Left second metacarpal bone,,FMA:24467,,skeletal,left,direct-source-geometry
FMA:24510|left,Left second metatarsal bone,,FMA:24510,,skeletal,left,direct-source-geometry
FMA:8058|left,Left third costal cartilage,,FMA:8058,,skeletal,left,direct-source-geometry
FMA:24469|left,Left third metacarpal bone,,FMA:24469,,skeletal,left,direct-source-geometry
FMA:24512|left,Left third metatarsal bone,,FMA:24512,,skeletal,left,direct-source-geometry
FMA:8167|left,Left fourth costal cartilage,,FMA:8167,,skeletal,left,direct-source-geometry
FMA:24471|left,Left fourth metacarpal bone,,FMA:24471,,skeletal,left,direct-source-geometry
FMA:24514|left,Left fourth metatarsal bone,,FMA:24514,,skeletal,left,direct-source-geometry
FMA:8112|left,Left fifth costal cartilage,,FMA:8112,,skeletal,left,direct-source-geometry
FMA:24473|left,Left fifth metacarpal bone,,FMA:24473,,skeletal,left,direct-source-geometry
FMA:24516|left,Left fifth metatarsal bone,,FMA:24516,,skeletal,left,direct-source-geometry
FMA:8221|left,Left sixth costal cartilage,,FMA:8221,,skeletal,left,direct-source-geometry
FMA:8275|left,Left seventh costal cartilage,,FMA:8275,,skeletal,left,direct-source-geometry
FMA:24498|left,Left calcaneus,,FMA:24498,,skeletal,left,direct-source-geometry
FMA:24447|left,Left capitate,,FMA:24447,,skeletal,left,direct-source-geometry
FMA:24529|left,Left cuboid bone,,FMA:24529,,skeletal,left,direct-source-geometry
FMA:24449|left,Left hamate,,FMA:24449,,skeletal,left,direct-source-geometry
FMA:23131|left,Left humerus,,FMA:23131,,skeletal,left,direct-source-geometry
FMA:54738|left,Left inferior nasal concha,,FMA:54738,,respiratory,left,direct-source-geometry
FMA:24524|left,Left intermediate cuneiform bone,,FMA:24524,,skeletal,left,direct-source-geometry
FMA:53646|left,Left lacrimal bone,,FMA:53646,,sensory,left,direct-source-geometry
FMA:45098|left,Sesamoid bone of left foot,,FMA:45098,,skeletal,left,direct-source-geometry
FMA:24526|left,Left lateral cuneiform bone,,FMA:24526,,skeletal,left,direct-source-geometry
FMA:24438|left,Left lunate,,FMA:24438,,skeletal,left,direct-source-geometry
FMA:53650|left,Left maxilla,,FMA:53650,,skeletal,left,direct-source-geometry
FMA:24522|left,Left medial cuneiform bone,,FMA:24522,,skeletal,left,direct-source-geometry
FMA:53648|left,Left nasal bone,,FMA:53648,,skeletal,left,direct-source-geometry
FMA:53656|left,Left palatine bone,,FMA:53656,,skeletal,left,direct-source-geometry
FMA:52789|left,Left parietal bone,,FMA:52789,,skeletal,left,direct-source-geometry
FMA:24442|left,Left pisiform,,FMA:24442,,skeletal,left,direct-source-geometry
FMA:23465|left,Left radius,,FMA:23465,,skeletal,left,direct-source-geometry
FMA:24436|left,Left scaphoid,,FMA:24436,,skeletal,left,direct-source-geometry
FMA:13396|left,Left scapula,,FMA:13396,,skeletal,left,direct-source-geometry
FMA:24483|left,Left talus,,FMA:24483,,skeletal,left,direct-source-geometry
FMA:52739|left,Left temporal bone,,FMA:52739,,skeletal,left,direct-source-geometry
FMA:24444|left,Left trapezium,,FMA:24444,,skeletal,left,direct-source-geometry
FMA:24445|left,Left trapezoid,,FMA:24445,,skeletal,left,direct-source-geometry
FMA:24440|left,Left triquetral,,FMA:24440,,skeletal,left,direct-source-geometry
FMA:23468|left,Left ulna,,FMA:23468,,skeletal,left,direct-source-geometry
FMA:52893|left,Left zygomatic bone,,FMA:52893,,skeletal,left,direct-source-geometry
FMA:16587|left,Left hip bone,,FMA:16587,,skeletal,left,direct-source-geometry
FMA:52748,Mandible,,FMA:52748,,skeletal,unspecified,direct-source-geometry
FMA:7486,Manubrium,,FMA:7486,,skeletal,unspecified,direct-source-geometry
FMA:23942|left,Middle phalanx of left ring finger,,FMA:23942,,skeletal,left,direct-source-geometry
FMA:24457|right,Middle phalanx of right ring finger,,FMA:24457,,skeletal,right,direct-source-geometry
FMA:32643|left,Middle phalanx of left second toe,,FMA:32643,,skeletal,left,direct-source-geometry
FMA:32645|left,Middle phalanx of left third toe,,FMA:32645,,skeletal,left,direct-source-geometry
FMA:32647|left,Middle phalanx of left fourth toe,,FMA:32647,,skeletal,left,direct-source-geometry
FMA:23938|left,Middle phalanx of left index finger,,FMA:23938,,skeletal,left,direct-source-geometry
FMA:23944|left,Middle phalanx of left little finger,,FMA:23944,,skeletal,left,direct-source-geometry
FMA:230988|left,Middle phalanx of left little toe,,FMA:230988,,skeletal,left,direct-source-geometry
FMA:23940|left,Middle phalanx of left middle finger,,FMA:23940,,skeletal,left,direct-source-geometry
FMA:32642|right,Middle phalanx of right second toe,,FMA:32642,,skeletal,right,direct-source-geometry
FMA:32644|right,Middle phalanx of right third toe,,FMA:32644,,skeletal,right,direct-source-geometry
FMA:32646|right,Middle phalanx of right fourth toe,,FMA:32646,,skeletal,right,direct-source-geometry
FMA:24455|right,Middle phalanx of right index finger,,FMA:24455,,skeletal,right,direct-source-geometry
FMA:24458|right,Middle phalanx of right little finger,,FMA:24458,,skeletal,right,direct-source-geometry
FMA:230986|right,Middle phalanx of right little toe,,FMA:230986,,skeletal,right,direct-source-geometry
FMA:24456|right,Middle phalanx of right middle finger,,FMA:24456,,skeletal,right,direct-source-geometry
FMA:24501|left,Navicular bone of left foot,,FMA:24501,,skeletal,left,direct-source-geometry
FMA:24500|right,Navicular bone of right foot,,FMA:24500,,skeletal,right,direct-source-geometry
FMA:52735,Occipital bone,,FMA:52735,,skeletal,unspecified,direct-source-geometry
FMA:43253|right,Proximal phalanx of right big toe,,FMA:43253,,skeletal,right,direct-source-geometry
FMA:32637|left,Proximal phalanx of left third toe,,FMA:32637,,skeletal,left,direct-source-geometry
FMA:32639|left,Proximal phalanx of left fourth toe,,FMA:32639,,skeletal,left,direct-source-geometry
FMA:71915|left,Proximal phalanx of left index finger,,FMA:71915,,skeletal,left,direct-source-geometry
FMA:66791|left,Proximal phalanx of left little finger,,FMA:66791,,skeletal,left,direct-source-geometry
FMA:32641|left,Proximal phalanx of left little toe,,FMA:32641,,skeletal,left,direct-source-geometry
FMA:71908|left,Proximal phalanx of left middle finger,,FMA:71908,,skeletal,left,direct-source-geometry
FMA:71916|left,Proximal phalanx of left ring finger,,FMA:71916,,skeletal,left,direct-source-geometry
FMA:65470|left,Proximal phalanx of left thumb,,FMA:65470,,skeletal,left,direct-source-geometry
FMA:32634|right,Proximal phalanx of right second toe,,FMA:32634,,skeletal,right,direct-source-geometry
FMA:32636|right,Proximal phalanx of right third toe,,FMA:32636,,skeletal,right,direct-source-geometry
FMA:32638|right,Proximal phalanx of right fourth toe,,FMA:32638,,skeletal,right,direct-source-geometry
FMA:24451|right,Proximal phalanx of right index finger,,FMA:24451,,skeletal,right,direct-source-geometry
FMA:24454|right,Proximal phalanx of right little finger,,FMA:24454,,skeletal,right,direct-source-geometry
FMA:32640|right,Proximal phalanx of right little toe,,FMA:32640,,skeletal,right,direct-source-geometry
FMA:24452|right,Proximal phalanx of right middle finger,,FMA:24452,,skeletal,right,direct-source-geometry
FMA:24453|right,Proximal phalanx of right ring finger,,FMA:24453,,skeletal,right,direct-source-geometry
FMA:24450|right,Proximal phalanx of right thumb,,FMA:24450,,skeletal,right,direct-source-geometry
FMA:32635|left,Proximal phalanx of left second toe,,FMA:32635,,skeletal,left,direct-source-geometry
FMA:43254|left,Proximal phalanx of left big toe,,FMA:43254,,skeletal,left,direct-source-geometry
FMA:8445|right,Right tenth rib,,FMA:8445,,skeletal,right,direct-source-geometry
FMA:8531|right,Right eleventh rib,,FMA:8531,,skeletal,right,direct-source-geometry
FMA:8533|right,Right twelfth rib,,FMA:8533,,skeletal,right,direct-source-geometry
FMA:7875|right,Right first costal cartilage,,FMA:7875,,skeletal,right,direct-source-geometry
FMA:7857|right,Right first rib,,FMA:7857,,skeletal,right,direct-source-geometry
FMA:7886|right,Right second costal cartilage,,FMA:7886,,skeletal,right,direct-source-geometry
FMA:7882|right,Right second rib,,FMA:7882,,skeletal,right,direct-source-geometry
FMA:7913|right,Right third costal cartilage,,FMA:7913,,skeletal,right,direct-source-geometry
FMA:7909|right,Right third rib,,FMA:7909,,skeletal,right,direct-source-geometry
FMA:7976|right,Right fourth costal cartilage,,FMA:7976,,skeletal,right,direct-source-geometry
FMA:7957|right,Right fourth rib,,FMA:7957,,skeletal,right,direct-source-geometry
FMA:8070|right,Right fifth costal cartilage,,FMA:8070,,skeletal,right,direct-source-geometry
FMA:8066|right,Right fifth rib,,FMA:8066,,skeletal,right,direct-source-geometry
FMA:8194|right,Right sixth costal cartilage,,FMA:8194,,skeletal,right,direct-source-geometry
FMA:8175|right,Right sixth rib,,FMA:8175,,skeletal,right,direct-source-geometry
FMA:8248|right,Right seventh costal cartilage,,FMA:8248,,skeletal,right,direct-source-geometry
FMA:8229|right,Right seventh rib,,FMA:8229,,skeletal,right,direct-source-geometry
FMA:8283|right,Right eighth rib,,FMA:8283,,skeletal,right,direct-source-geometry
FMA:8364|right,Right ninth rib,,FMA:8364,,skeletal,right,direct-source-geometry
FMA:23464|right,Right radius,,FMA:23464,,skeletal,right,direct-source-geometry
FMA:24464|right,Right first metacarpal bone,,FMA:24464,,skeletal,right,direct-source-geometry
FMA:24507|right,Right first metatarsal bone,,FMA:24507,,skeletal,right,direct-source-geometry
FMA:24466|right,Right second metacarpal bone,,FMA:24466,,skeletal,right,direct-source-geometry
FMA:24509|right,Right second metatarsal bone,,FMA:24509,,skeletal,right,direct-source-geometry
FMA:24468|right,Right third metacarpal bone,,FMA:24468,,skeletal,right,direct-source-geometry
FMA:24511|right,Right third metatarsal bone,,FMA:24511,,skeletal,right,direct-source-geometry
FMA:24470|right,Right fourth metacarpal bone,,FMA:24470,,skeletal,right,direct-source-geometry
FMA:24513|right,Right fourth metatarsal bone,,FMA:24513,,skeletal,right,direct-source-geometry
FMA:24472|right,Right fifth metacarpal bone,,FMA:24472,,skeletal,right,direct-source-geometry
FMA:24515|right,Right fifth metatarsal bone,,FMA:24515,,skeletal,right,direct-source-geometry
FMA:24497|right,Right calcaneus,,FMA:24497,,skeletal,right,direct-source-geometry
FMA:24446|right,Right capitate,,FMA:24446,,skeletal,right,direct-source-geometry
FMA:13322|right,Right clavicle,,FMA:13322,,skeletal,right,direct-source-geometry
FMA:24528|right,Right cuboid bone,,FMA:24528,,skeletal,right,direct-source-geometry
FMA:24448|right,Right hamate,,FMA:24448,,skeletal,right,direct-source-geometry
FMA:23130|right,Right humerus,,FMA:23130,,skeletal,right,direct-source-geometry
FMA:54737|right,Right inferior nasal concha,,FMA:54737,,respiratory,right,direct-source-geometry
FMA:24523|right,Right intermediate cuneiform bone,,FMA:24523,,skeletal,right,direct-source-geometry
FMA:53645|right,Right lacrimal bone,,FMA:53645,,sensory,right,direct-source-geometry
FMA:45097|right,Sesamoid bone of right foot,,FMA:45097,,skeletal,right,direct-source-geometry
FMA:24525|right,Right lateral cuneiform bone,,FMA:24525,,skeletal,right,direct-source-geometry
FMA:24437|right,Right lunate,,FMA:24437,,skeletal,right,direct-source-geometry
FMA:53649|right,Right maxilla,,FMA:53649,,skeletal,right,direct-source-geometry
FMA:24521|right,Right medial cuneiform bone,,FMA:24521,,skeletal,right,direct-source-geometry
FMA:53647|right,Right nasal bone,,FMA:53647,,skeletal,right,direct-source-geometry
FMA:53655|right,Right palatine bone,,FMA:53655,,skeletal,right,direct-source-geometry
FMA:52788|right,Right parietal bone,,FMA:52788,,skeletal,right,direct-source-geometry
FMA:24441|right,Right pisiform,,FMA:24441,,skeletal,right,direct-source-geometry
FMA:24435|right,Right scaphoid,,FMA:24435,,skeletal,right,direct-source-geometry
FMA:13395|right,Right scapula,,FMA:13395,,skeletal,right,direct-source-geometry
FMA:24482|right,Right talus,,FMA:24482,,skeletal,right,direct-source-geometry
FMA:52738|right,Right temporal bone,,FMA:52738,,skeletal,right,direct-source-geometry
FMA:24443|right,Right trapezium,,FMA:24443,,skeletal,right,direct-source-geometry
FMA:23725|right,Right trapezoid,,FMA:23725,,skeletal,right,direct-source-geometry
FMA:24439|right,Right triquetral,,FMA:24439,,skeletal,right,direct-source-geometry
FMA:23467|right,Right ulna,,FMA:23467,,skeletal,right,direct-source-geometry
FMA:52892|right,Right zygomatic bone,,FMA:52892,,skeletal,right,direct-source-geometry
FMA:16202,Sacrum,,FMA:16202,,skeletal,unspecified,direct-source-geometry
FMA:52736,Sphenoid bone,,FMA:52736,,skeletal,unspecified,direct-source-geometry
FMA:9710,Vomer,,FMA:9710,,skeletal,unspecified,direct-source-geometry
FMA:14643,Mesentery of small intestine,,FMA:14643,,digestive,unspecified,direct-source-geometry
FMA:16549,Mesoappendix,,FMA:16549,,digestive,unspecified,direct-source-geometry
FMA:14647,Transverse mesocolon,,FMA:14647,,digestive,unspecified,direct-source-geometry
FMA:14828|left,Ascending branch of left colic artery,,FMA:14828,,arterial,left,direct-source-geometry
FMA:70479,Anterior inferior pancreaticoduodenal artery,,FMA:70479,,arterial,unspecified,direct-source-geometry
FMA:14816,Anterior cecal artery,,FMA:14816,,arterial,unspecified,direct-source-geometry
FMA:14782,Anterior superior pancreaticoduodenal artery,,FMA:14782,,arterial,unspecified,direct-source-geometry
FMA:14818,Appendicular artery,,FMA:14818,,arterial,unspecified,direct-source-geometry
FMA:3768,Arch of aorta,,FMA:3768,,arterial,unspecified,direct-source-geometry
FMA:3736,Ascending aorta,,FMA:3736,,arterial,unspecified,direct-source-geometry
FMA:14820,Ascending branch of inferior branch of ileocolic artery,,FMA:14820,,arterial,unspecified,direct-source-geometry
FMA:15408,Ileocolic vein,,FMA:15408,,venous,unspecified,direct-source-geometry
FMA:4838,Azygos vein,,FMA:4838,,venous,unspecified,direct-source-geometry
FMA:3932,Brachiocephalic artery,,FMA:3932,,arterial,unspecified,direct-source-geometry
FMA:14177,Bronchial branch of arch of aorta,,FMA:14177,,arterial,unspecified,direct-source-geometry
FMA:14793,Caudal pancreatic artery,,FMA:14793,,arterial,unspecified,direct-source-geometry
FMA:21386|left,Left superficial dorsal vein of penis,,FMA:21386,,venous,left,direct-source-geometry
FMA:3784,Descending aorta,,FMA:3784,,arterial,unspecified,direct-source-geometry
FMA:14829|left,Descending branch of left colic artery,,FMA:14829,,arterial,left,direct-source-geometry
FMA:14787,Dorsal pancreatic artery,,FMA:14787,,arterial,unspecified,direct-source-geometry
FMA:71537,Set of oesophageal branches of thoracic aorta,,FMA:71537,,arterial,unspecified,direct-source-geometry
FMA:76574,Trunk of gastroduodenal artery,,FMA:76574,,arterial,unspecified,direct-source-geometry
FMA:14792,Great pancreatic artery,,FMA:14792,,arterial,unspecified,direct-source-geometry
FMA:4944,Hemiazygos vein,,FMA:4944,,venous,unspecified,direct-source-geometry
FMA:14809,Ileal artery,,FMA:14809,,arterial,unspecified,direct-source-geometry
FMA:15405,Ileal vein,,FMA:15405,,venous,unspecified,direct-source-geometry
FMA:14815,Ileocolic artery,,FMA:14815,,arterial,unspecified,direct-source-geometry
FMA:14750,Inferior mesenteric artery,,FMA:14750,,arterial,unspecified,direct-source-geometry
FMA:15391,Inferior mesenteric vein,,FMA:15391,,venous,unspecified,direct-source-geometry
FMA:14790,Inferior pancreatic artery,,FMA:14790,,arterial,unspecified,direct-source-geometry
FMA:14805,Inferior pancreaticoduodenal artery,,FMA:14805,,arterial,unspecified,direct-source-geometry
FMA:68068,Inferior phrenic vein,,FMA:68068,,venous,unspecified,direct-source-geometry
FMA:70487|left,Anterior division of left renal artery,,FMA:70487,,arterial,left,direct-source-geometry
FMA:14766|left,Left common iliac artery,,FMA:14766,,arterial,left,direct-source-geometry
FMA:18807|left,Left external iliac artery,,FMA:18807,,arterial,left,direct-source-geometry
FMA:69266|left,Left inferior suprarenal artery,,FMA:69266,,arterial,left,direct-source-geometry
FMA:18810|left,Left internal iliac artery,,FMA:18810,,arterial,left,direct-source-geometry
FMA:18888|left,Left internal iliac vein,,FMA:18888,,venous,left,direct-source-geometry
FMA:14756|left,Left middle suprarenal artery,,FMA:14756,,arterial,left,direct-source-geometry
FMA:70490|left,Posterior division of left renal artery,,FMA:70490,,arterial,left,direct-source-geometry
FMA:66364|left,Trunk of left renal artery,,FMA:66364,,arterial,left,direct-source-geometry
FMA:14336|left,Left renal vein,,FMA:14336,,venous,left,direct-source-geometry
FMA:4694|left,Left subclavian artery,,FMA:4694,,arterial,left,direct-source-geometry
FMA:14349|left,Left suprarenal vein,,FMA:14349,,venous,left,direct-source-geometry
FMA:70493|left,Ureteric segment of left renal artery,,FMA:70493,,arterial,left,direct-source-geometry
FMA:4761|left,Left brachiocephalic vein,,FMA:4761,,venous,left,direct-source-geometry
FMA:4058|left,Left common carotid artery,,FMA:4058,,arterial,left,direct-source-geometry
FMA:18886|left,Left external iliac vein,,FMA:18886,,venous,left,direct-source-geometry
FMA:4762|left,Left internal jugular vein,,FMA:4762,,venous,left,direct-source-geometry
FMA:4763|left,Left subclavian vein,,FMA:4763,,venous,left,direct-source-geometry
FMA:4950|left,Left ascending lumbar vein,,FMA:4950,,venous,left,direct-source-geometry
FMA:20819|left,Left dorsal artery of penis,,FMA:20819,,arterial,left,direct-source-geometry
FMA:14768|left,Left gastric artery,,FMA:14768,,arterial,left,direct-source-geometry
FMA:15399|left,Left gastric vein,,FMA:15399,,venous,left,direct-source-geometry
FMA:14796|left,Left gastro-epiploic artery,,FMA:14796,,arterial,left,direct-source-geometry
FMA:15390|left,Left gastroepiploic vein,,FMA:15390,,venous,left,direct-source-geometry
FMA:18904|left,Left iliolumbar vein,,FMA:18904,,venous,left,direct-source-geometry
FMA:20689|left,Left inferior epigastric artery,,FMA:20689,,arterial,left,direct-source-geometry
FMA:21164|left,Left inferior epigastric vein,,FMA:21164,,venous,left,direct-source-geometry
FMA:18913|left,Left inferior gluteal vein,,FMA:18913,,venous,left,direct-source-geometry
FMA:14747|left,Left inferior phrenic artery,,FMA:14747,,arterial,left,direct-source-geometry
FMA:18919|left,Left internal pudendal vein,,FMA:18919,,venous,left,direct-source-geometry
FMA:18907|left,Left lateral sacral vein,,FMA:18907,,venous,left,direct-source-geometry
FMA:18916|left,Left obturator vein,,FMA:18916,,venous,left,direct-source-geometry
FMA:20736|left,Left superficial epigastric artery,,FMA:20736,,arterial,left,direct-source-geometry
FMA:4785|left,Left superior epigastric vein,,FMA:4785,,venous,left,direct-source-geometry
FMA:18910|left,Left superior gluteal vein,,FMA:18910,,venous,left,direct-source-geometry
FMA:14760|left,Left testicular artery,,FMA:14760,,arterial,left,direct-source-geometry
FMA:14345|left,Left testicular vein,,FMA:14345,,venous,left,direct-source-geometry
FMA:14831,Marginal artery of colon,,FMA:14831,,arterial,unspecified,direct-source-geometry
FMA:77168,Median sacral vein,,FMA:77168,,venous,unspecified,direct-source-geometry
FMA:14810,Middle colic artery,,FMA:14810,,arterial,unspecified,direct-source-geometry
FMA:15406,Middle colic vein,,FMA:15406,,venous,unspecified,direct-source-geometry
FMA:15398,Pancreaticoduodenal vein,,FMA:15398,,venous,unspecified,direct-source-geometry
FMA:70480,Posterior inferior pancreaticoduodenal artery,,FMA:70480,,arterial,unspecified,direct-source-geometry
FMA:14817,Posterior cecal artery,,FMA:14817,,arterial,unspecified,direct-source-geometry
FMA:14784,Posterior superior pancreaticoduodenal artery,,FMA:14784,,arterial,unspecified,direct-source-geometry
FMA:70486|right,Anterior division of right renal artery,,FMA:70486,,arterial,right,direct-source-geometry
FMA:3941|right,Right common carotid artery,,FMA:3941,,arterial,right,direct-source-geometry
FMA:14765|right,Right common iliac artery,,FMA:14765,,arterial,right,direct-source-geometry
FMA:18806|right,Right external iliac artery,,FMA:18806,,arterial,right,direct-source-geometry
FMA:18885|right,Right external iliac vein,,FMA:18885,,venous,right,direct-source-geometry
FMA:18809|right,Right internal iliac artery,,FMA:18809,,arterial,right,direct-source-geometry
FMA:18887|right,Right internal iliac vein,,FMA:18887,,venous,right,direct-source-geometry
FMA:70489|right,Posterior division of right renal artery,,FMA:70489,,arterial,right,direct-source-geometry
FMA:66363|right,Trunk of right renal artery,,FMA:66363,,arterial,right,direct-source-geometry
FMA:14335|right,Right renal vein,,FMA:14335,,venous,right,direct-source-geometry
FMA:3953|right,Right subclavian artery,,FMA:3953,,arterial,right,direct-source-geometry
FMA:14343|right,Right suprarenal vein,,FMA:14343,,venous,right,direct-source-geometry
FMA:70492|right,Ureteric segment of right renal artery,,FMA:70492,,arterial,right,direct-source-geometry
FMA:4751|right,Right brachiocephalic vein,,FMA:4751,,venous,right,direct-source-geometry
FMA:69265|right,Right inferior suprarenal artery,,FMA:69265,,arterial,right,direct-source-geometry
FMA:4754|right,Right internal jugular vein,,FMA:4754,,venous,right,direct-source-geometry
FMA:14755|right,Right middle suprarenal artery,,FMA:14755,,arterial,right,direct-source-geometry
FMA:4755|right,Right subclavian vein,,FMA:4755,,venous,right,direct-source-geometry
FMA:4843|right,Right ascending lumbar vein,,FMA:4843,,venous,right,direct-source-geometry
FMA:20818|right,Right dorsal artery of penis,,FMA:20818,,arterial,right,direct-source-geometry
FMA:14776|right,Right gastric artery,,FMA:14776,,arterial,right,direct-source-geometry
FMA:15400|right,Right gastric vein,,FMA:15400,,venous,right,direct-source-geometry
FMA:14781|right,Right gastro-epiploic artery,,FMA:14781,,arterial,right,direct-source-geometry
FMA:15397|right,Right gastroepiploic vein,,FMA:15397,,venous,right,direct-source-geometry
FMA:18903|right,Right iliolumbar vein,,FMA:18903,,venous,right,direct-source-geometry
FMA:20688|right,Right inferior epigastric artery,,FMA:20688,,arterial,right,direct-source-geometry
FMA:21163|right,Right inferior epigastric vein,,FMA:21163,,venous,right,direct-source-geometry
FMA:18912|right,Right inferior gluteal vein,,FMA:18912,,venous,right,direct-source-geometry
FMA:18918|right,Right internal pudendal vein,,FMA:18918,,venous,right,direct-source-geometry
FMA:18906|right,Right lateral sacral vein,,FMA:18906,,venous,right,direct-source-geometry
FMA:18915|right,Right obturator vein,,FMA:18915,,venous,right,direct-source-geometry
FMA:20735|right,Right superficial epigastric artery,,FMA:20735,,arterial,right,direct-source-geometry
FMA:4771|right,Right superior epigastric vein,,FMA:4771,,venous,right,direct-source-geometry
FMA:18909|right,Right superior gluteal vein,,FMA:18909,,venous,right,direct-source-geometry
FMA:14759|right,Right testicular artery,,FMA:14759,,arterial,right,direct-source-geometry
FMA:14341|right,Right testicular vein,,FMA:14341,,venous,right,direct-source-geometry
FMA:14746|right,Right inferior phrenic artery,,FMA:14746,,arterial,right,direct-source-geometry
FMA:15370,Lumbar vein,,FMA:15370,,venous,unspecified,direct-source-geometry
FMA:14735,Lumbar artery,,FMA:14735,,arterial,unspecified,direct-source-geometry
FMA:21385|right,Right superficial dorsal vein of penis,,FMA:21385,,venous,right,direct-source-geometry
FMA:14830,Sigmoid artery,,FMA:14830,,arterial,unspecified,direct-source-geometry
FMA:14331,Splenic vein,,FMA:14331,,venous,unspecified,direct-source-geometry
FMA:66358,Trunk of superior mesenteric artery,,FMA:66358,,arterial,unspecified,direct-source-geometry
FMA:14332,Superior mesenteric vein,,FMA:14332,,venous,unspecified,direct-source-geometry
FMA:78121,Superior phrenic vein,,FMA:78121,,venous,unspecified,direct-source-geometry
FMA:14832,Superior rectal artery,,FMA:14832,,arterial,unspecified,direct-source-geometry
FMA:15393,Superior rectal vein,,FMA:15393,,venous,unspecified,direct-source-geometry
FMA:12858,Ascending lumbar vein,,FMA:12858,,venous,unspecified,direct-source-geometry
FMA:3710,vascular tree,,FMA:3710,,aggregate,unspecified,source-hierarchy-concept
FMA:3711,segment of artery,,FMA:3711,,aggregate,unspecified,source-hierarchy-concept
FMA:3714,variant artery,,FMA:3714,,aggregate,unspecified,source-hierarchy-concept
FMA:3726,anastomosis,,FMA:3726,,aggregate,unspecified,source-hierarchy-concept
FMA:3727,vascular anastomosis,,FMA:3727,,aggregate,unspecified,source-hierarchy-concept
FMA:3728,arterial anastomosis,,FMA:3728,,aggregate,unspecified,source-hierarchy-concept
FMA:3729,venous anastomosis,,FMA:3729,,aggregate,unspecified,source-hierarchy-concept
FMA:3813,anterior ventricular branch of right coronary artery,,FMA:3813,,aggregate,right,source-hierarchy-concept
FMA:3835,posterior ventricular branch of right coronary artery,,FMA:3835,,aggregate,right,source-hierarchy-concept
FMA:3845,septal branch of right posterior interventricular artery,,FMA:3845,,aggregate,right,source-hierarchy-concept
FMA:3870,right anterior branch of anterior interventricular branch of left coronary artery,,FMA:3870,,aggregate,unspecified,source-hierarchy-concept
FMA:3939,common carotid artery,,FMA:3939,,aggregate,unspecified,source-hierarchy-concept
FMA:3947,internal carotid artery,,FMA:3947,,aggregate,unspecified,source-hierarchy-concept
FMA:3951,subclavian artery,,FMA:3951,,aggregate,unspecified,source-hierarchy-concept
FMA:3956,vertebral artery,,FMA:3956,,aggregate,unspecified,source-hierarchy-concept
FMA:3960,internal thoracic artery,,FMA:3960,,aggregate,unspecified,source-hierarchy-concept
FMA:3990,thyrocervical trunk,,FMA:3990,,aggregate,unspecified,source-hierarchy-concept
FMA:3994,second posterior intercostal artery,,FMA:3994,,aggregate,unspecified,source-hierarchy-concept
FMA:4176,posterior intercostal artery,,FMA:4176,,aggregate,unspecified,source-hierarchy-concept
FMA:4613,subcostal artery,,FMA:4613,,aggregate,unspecified,source-hierarchy-concept
FMA:4677,trunk of branch of coronary artery,,FMA:4677,,aggregate,unspecified,source-hierarchy-concept
FMA:4723,brachiocephalic vein,,FMA:4723,,aggregate,unspecified,source-hierarchy-concept
FMA:4724,internal jugular vein,,FMA:4724,,aggregate,unspecified,source-hierarchy-concept
FMA:4725,subclavian vein,,FMA:4725,,aggregate,unspecified,source-hierarchy-concept
FMA:4729,internal thoracic vein,,FMA:4729,,aggregate,unspecified,source-hierarchy-concept
FMA:4731,superior epigastric vein,,FMA:4731,,aggregate,unspecified,source-hierarchy-concept
FMA:4732,musculophrenic vein,,FMA:4732,,aggregate,unspecified,source-hierarchy-concept
FMA:5018,bone organ,,FMA:5018,,aggregate,unspecified,source-hierarchy-concept
FMA:5022,muscle organ,,FMA:5022,,aggregate,unspecified,source-hierarchy-concept
FMA:5865,cranial nerve,,FMA:5865,,aggregate,unspecified,source-hierarchy-concept
FMA:5884,ganglion,,FMA:5884,,aggregate,unspecified,source-hierarchy-concept
FMA:5889,autonomic ganglion,,FMA:5889,,aggregate,unspecified,source-hierarchy-concept
FMA:5894,parasympathetic ganglion,,FMA:5894,,aggregate,unspecified,source-hierarchy-concept
FMA:5895,cranial parasympathetic ganglion,,FMA:5895,,aggregate,unspecified,source-hierarchy-concept
FMA:5897,anatomical space,,FMA:5897,,aggregate,unspecified,source-hierarchy-concept
FMA:5898,anatomical junction,,FMA:5898,,aggregate,unspecified,source-hierarchy-concept
FMA:5913,nerve trunk,,FMA:5913,,aggregate,unspecified,source-hierarchy-concept
FMA:6964,ciliary ganglion,,FMA:6964,,aggregate,unspecified,source-hierarchy-concept
FMA:7037,branch of ciliary ganglion,,FMA:7037,,aggregate,unspecified,source-hierarchy-concept
FMA:7145,membrane organ,,FMA:7145,,aggregate,unspecified,source-hierarchy-concept
FMA:7146,organ component gland,,FMA:7146,,aggregate,unspecified,source-hierarchy-concept
FMA:7203,kidney,,FMA:7203,,aggregate,unspecified,source-hierarchy-concept
FMA:7210,testis,,FMA:7210,,aggregate,unspecified,source-hierarchy-concept
FMA:7232,cusp of cardiac valve,,FMA:7232,,aggregate,unspecified,source-hierarchy-concept
FMA:7237,leaflet of tricuspid valve,,FMA:7237,,aggregate,unspecified,source-hierarchy-concept
FMA:7241,leaflet of mitral valve,,FMA:7241,,aggregate,unspecified,source-hierarchy-concept
FMA:7248,cusp of pulmonary valve,,FMA:7248,,aggregate,unspecified,source-hierarchy-concept
FMA:7251,cusp of aortic valve,,FMA:7251,,aggregate,unspecified,source-hierarchy-concept
FMA:7405,main bronchus,,FMA:7405,,aggregate,unspecified,source-hierarchy-concept
FMA:7409,bronchus,,FMA:7409,,aggregate,unspecified,source-hierarchy-concept
FMA:7474,long bone,,FMA:7474,,aggregate,unspecified,source-hierarchy-concept
FMA:7475,short bone,,FMA:7475,,aggregate,unspecified,source-hierarchy-concept
FMA:7476,flat bone,,FMA:7476,,aggregate,unspecified,source-hierarchy-concept
FMA:7477,irregular bone,,FMA:7477,,aggregate,unspecified,source-hierarchy-concept
FMA:7478,pneumatized bone,,FMA:7478,,aggregate,unspecified,source-hierarchy-concept
FMA:7538,cartilage organ component,,FMA:7538,,aggregate,unspecified,source-hierarchy-concept
FMA:7574,rib,,FMA:7574,,aggregate,unspecified,source-hierarchy-concept
FMA:7591,costal cartilage,,FMA:7591,,aggregate,unspecified,source-hierarchy-concept
FMA:7592,true rib,,FMA:7592,,aggregate,unspecified,source-hierarchy-concept
FMA:7593,typical rib,,FMA:7593,,aggregate,unspecified,source-hierarchy-concept
FMA:7594,false rib,,FMA:7594,,aggregate,unspecified,source-hierarchy-concept
FMA:7595,floating rib,,FMA:7595,,aggregate,unspecified,source-hierarchy-concept
FMA:7596,atypical rib,,FMA:7596,,aggregate,unspecified,source-hierarchy-concept
FMA:7597,first rib,,FMA:7597,,aggregate,unspecified,source-hierarchy-concept
FMA:7603,first costal cartilage,,FMA:7603,,aggregate,unspecified,source-hierarchy-concept
FMA:7620,second rib,,FMA:7620,,aggregate,unspecified,source-hierarchy-concept
FMA:7638,third rib,,FMA:7638,,aggregate,unspecified,source-hierarchy-concept
FMA:7646,retinaculum,,FMA:7646,,aggregate,unspecified,source-hierarchy-concept
FMA:7703,second costal cartilage,,FMA:7703,,aggregate,unspecified,source-hierarchy-concept
FMA:7741,third costal cartilage,,FMA:7741,,aggregate,unspecified,source-hierarchy-concept
FMA:7749,fourth rib,,FMA:7749,,aggregate,unspecified,source-hierarchy-concept
FMA:7768,fourth costal cartilage,,FMA:7768,,aggregate,unspecified,source-hierarchy-concept
FMA:7776,fifth rib,,FMA:7776,,aggregate,unspecified,source-hierarchy-concept
FMA:7795,fifth costal cartilage,,FMA:7795,,aggregate,unspecified,source-hierarchy-concept
FMA:7822,sixth costal cartilage,,FMA:7822,,aggregate,unspecified,source-hierarchy-concept
FMA:7830,seventh rib,,FMA:7830,,aggregate,unspecified,source-hierarchy-concept
FMA:7849,seventh costal cartilage,,FMA:7849,,aggregate,unspecified,source-hierarchy-concept
FMA:8120,eighth rib,,FMA:8120,,aggregate,unspecified,source-hierarchy-concept
FMA:8147,sixth rib,,FMA:8147,,aggregate,unspecified,source-hierarchy-concept
FMA:8337,ninth rib,,FMA:8337,,aggregate,unspecified,source-hierarchy-concept
FMA:8418,tenth rib,,FMA:8418,,aggregate,unspecified,source-hierarchy-concept
FMA:8499,eleventh rib,,FMA:8499,,aggregate,unspecified,source-hierarchy-concept
FMA:8515,twelfth rib,,FMA:8515,,aggregate,unspecified,source-hierarchy-concept
FMA:8615,pulmonary arterial trunk,,FMA:8615,,aggregate,unspecified,source-hierarchy-concept
FMA:8648,trunk of pulmonary vein,,FMA:8648,,aggregate,unspecified,source-hierarchy-concept
FMA:8683,superior part of anterior segmental vein,,FMA:8683,,aggregate,unspecified,source-hierarchy-concept
FMA:8693,inferior part of anterior segmental vein,,FMA:8693,,aggregate,unspecified,source-hierarchy-concept
FMA:8702,upper lobar artery,,FMA:8702,,aggregate,unspecified,source-hierarchy-concept
FMA:8707,apical segmental artery,,FMA:8707,,aggregate,unspecified,source-hierarchy-concept
FMA:8714,superior segmental artery,,FMA:8714,,aggregate,unspecified,source-hierarchy-concept
FMA:8716,medial basal segmental artery,,FMA:8716,,aggregate,unspecified,source-hierarchy-concept
FMA:8717,anterior basal segmental artery,,FMA:8717,,aggregate,unspecified,source-hierarchy-concept
FMA:8718,lateral basal segmental artery,,FMA:8718,,aggregate,unspecified,source-hierarchy-concept
FMA:8719,posterior basal segmental artery,,FMA:8719,,aggregate,unspecified,source-hierarchy-concept
FMA:8755,segmental pulmonary artery,,FMA:8755,,aggregate,unspecified,source-hierarchy-concept
FMA:9139,thoracic vertebra,,FMA:9139,,aggregate,unspecified,source-hierarchy-concept
FMA:9311,subsegmental pulmonary artery,,FMA:9311,,aggregate,unspecified,source-hierarchy-concept
FMA:9337,organ cavity subdivision,,FMA:9337,,aggregate,unspecified,source-hierarchy-concept
FMA:9338,anatomical conduit space,,FMA:9338,,aggregate,unspecified,source-hierarchy-concept
FMA:9411,segmental pulmonary vein,,FMA:9411,,aggregate,unspecified,source-hierarchy-concept
FMA:9413,subsegmental pulmonary vein,,FMA:9413,,aggregate,unspecified,source-hierarchy-concept
FMA:9419,subsegmental part of lateral segmental vein,,FMA:9419,,aggregate,unspecified,source-hierarchy-concept
FMA:9421,subsegmental part of medial segmental vein,,FMA:9421,,aggregate,unspecified,source-hierarchy-concept
FMA:9464,cavity of cardiac chamber,,FMA:9464,,aggregate,unspecified,source-hierarchy-concept
FMA:9597,salivary gland,,FMA:9597,,aggregate,unspecified,source-hierarchy-concept
FMA:9604,adrenal gland,,FMA:9604,,aggregate,unspecified,source-hierarchy-concept
FMA:9611,femur,,FMA:9611,,aggregate,unspecified,source-hierarchy-concept
FMA:9612,metacarpal bone,,FMA:9612,,aggregate,unspecified,source-hierarchy-concept
FMA:9613,parietal bone,,FMA:9613,,aggregate,unspecified,source-hierarchy-concept
FMA:9616,muscle of head,,FMA:9616,,aggregate,unspecified,source-hierarchy-concept
FMA:9617,muscle of neck,,FMA:9617,,aggregate,unspecified,source-hierarchy-concept
FMA:9619,muscle of thorax,,FMA:9619,,aggregate,unspecified,source-hierarchy-concept
FMA:9620,muscle of abdomen,,FMA:9620,,aggregate,unspecified,source-hierarchy-concept
FMA:9621,muscle of upper limb,,FMA:9621,,aggregate,unspecified,source-hierarchy-concept
FMA:9622,muscle of lower limb,,FMA:9622,,aggregate,unspecified,source-hierarchy-concept
FMA:9623,perineal muscle,,FMA:9623,,aggregate,unspecified,source-hierarchy-concept
FMA:9625,stylohyoid,,FMA:9625,,aggregate,unspecified,source-hierarchy-concept
FMA:9629,supraspinatus,,FMA:9629,,aggregate,unspecified,source-hierarchy-concept
FMA:9637,portion of tissue,,FMA:9637,,aggregate,unspecified,source-hierarchy-concept
FMA:9640,portion of connective tissue,,FMA:9640,,aggregate,unspecified,source-hierarchy-concept
FMA:9649,decussation,,FMA:9649,,aggregate,unspecified,source-hierarchy-concept
FMA:9657,anatomical line,,FMA:9657,,aggregate,unspecified,source-hierarchy-concept
FMA:9703,nasolacrimal duct,,FMA:9703,,aggregate,unspecified,source-hierarchy-concept
FMA:9704,ureter,,FMA:9704,,aggregate,unspecified,source-hierarchy-concept
FMA:9706,bile duct,,FMA:9706,,aggregate,unspecified,source-hierarchy-concept
FMA:9708,talus,,FMA:9708,,aggregate,unspecified,source-hierarchy-concept
FMA:9711,maxilla,,FMA:9711,,aggregate,unspecified,source-hierarchy-concept
FMA:9721,tendon,,FMA:9721,,aggregate,unspecified,source-hierarchy-concept
FMA:9760,transversus thoracis,,FMA:9760,,aggregate,unspecified,source-hierarchy-concept
FMA:9914,vertebra,,FMA:9914,,aggregate,unspecified,source-hierarchy-concept
FMA:9915,cervical vertebra,,FMA:9915,,aggregate,unspecified,source-hierarchy-concept
FMA:9921,lumbar vertebra,,FMA:9921,,aggregate,unspecified,source-hierarchy-concept
FMA:10455,intervertebral disk of thoracic vertebra,,FMA:10455,,aggregate,unspecified,source-hierarchy-concept
FMA:10474,zone of muscle organ,,FMA:10474,,aggregate,unspecified,source-hierarchy-concept
FMA:10483,zone of bone organ,,FMA:10483,,aggregate,unspecified,source-hierarchy-concept
FMA:10636,costocervical trunk,,FMA:10636,,aggregate,unspecified,source-hierarchy-concept
FMA:10645,musculophrenic artery,,FMA:10645,,aggregate,unspecified,source-hierarchy-concept
FMA:10646,superior epigastric artery,,FMA:10646,,aggregate,unspecified,source-hierarchy-concept
FMA:10659,deep cervical artery,,FMA:10659,,aggregate,unspecified,source-hierarchy-concept
FMA:10662,inferior thyroid artery,,FMA:10662,,aggregate,unspecified,source-hierarchy-concept
FMA:10663,suprascapular artery,,FMA:10663,,aggregate,unspecified,source-hierarchy-concept
FMA:10664,transverse cervical artery,,FMA:10664,,aggregate,unspecified,source-hierarchy-concept
FMA:10665,superficial cervical artery,,FMA:10665,,aggregate,unspecified,source-hierarchy-concept
FMA:10704,variant bronchial artery,,FMA:10704,,aggregate,unspecified,source-hierarchy-concept
FMA:11195,segment of neural tree organ,,FMA:11195,,aggregate,unspecified,source-hierarchy-concept
FMA:11337,zone of continuity,,FMA:11337,,aggregate,unspecified,source-hierarchy-concept
FMA:12215,zone of sternum,,FMA:12215,,aggregate,unspecified,source-hierarchy-concept
FMA:12224,segment of tracheobronchial tree,,FMA:12224,,aggregate,unspecified,source-hierarchy-concept
FMA:12516,tooth,,FMA:12516,,aggregate,unspecified,source-hierarchy-concept
FMA:12823,incisor tooth,,FMA:12823,,aggregate,unspecified,source-hierarchy-concept
FMA:12845,subcostal vein,,FMA:12845,,aggregate,unspecified,source-hierarchy-concept
FMA:12846,cardiac vein,,FMA:12846,,aggregate,unspecified,source-hierarchy-concept
FMA:13087,segment of aorta,,FMA:13087,,aggregate,unspecified,source-hierarchy-concept
FMA:13109,pectoralis minor,,FMA:13109,,aggregate,unspecified,source-hierarchy-concept
FMA:13237,cavity of atrium,,FMA:13237,,aggregate,unspecified,source-hierarchy-concept
FMA:13238,cavity of ventricle,,FMA:13238,,aggregate,unspecified,source-hierarchy-concept
FMA:13256,wall of cardiac chamber,,FMA:13256,,aggregate,unspecified,source-hierarchy-concept
FMA:13278,anterior segmental artery,,FMA:13278,,aggregate,unspecified,source-hierarchy-concept
FMA:13280,posterior segmental artery,,FMA:13280,,aggregate,unspecified,source-hierarchy-concept
FMA:13289,medial basal segmental vein,,FMA:13289,,aggregate,unspecified,source-hierarchy-concept
FMA:13290,anterior basal segmental vein,,FMA:13290,,aggregate,unspecified,source-hierarchy-concept
FMA:13291,lateral basal segmental vein,,FMA:13291,,aggregate,unspecified,source-hierarchy-concept
FMA:13292,posterior basal segmental vein,,FMA:13292,,aggregate,unspecified,source-hierarchy-concept
FMA:13303,humerus,,FMA:13303,,aggregate,unspecified,source-hierarchy-concept
FMA:13321,clavicle,,FMA:13321,,aggregate,unspecified,source-hierarchy-concept
FMA:13324,cephalic vein,,FMA:13324,,aggregate,unspecified,source-hierarchy-concept
FMA:13329,axillary vein,,FMA:13329,,aggregate,unspecified,source-hierarchy-concept
FMA:13335,external oblique,,FMA:13335,,aggregate,unspecified,source-hierarchy-concept
FMA:13338,infrahyoid muscle,,FMA:13338,,aggregate,unspecified,source-hierarchy-concept
FMA:13341,sternohyoid,,FMA:13341,,aggregate,unspecified,source-hierarchy-concept
FMA:13342,omohyoid,,FMA:13342,,aggregate,unspecified,source-hierarchy-concept
FMA:13343,sternothyroid,,FMA:13343,,aggregate,unspecified,source-hierarchy-concept
FMA:13344,thyrohyoid,,FMA:13344,,aggregate,unspecified,source-hierarchy-concept
FMA:13354,intercostal muscle,,FMA:13354,,aggregate,unspecified,source-hierarchy-concept
FMA:13379,rhomboid major,,FMA:13379,,aggregate,unspecified,source-hierarchy-concept
FMA:13380,rhomboid minor,,FMA:13380,,aggregate,unspecified,source-hierarchy-concept
FMA:13385,scalenus anterior,,FMA:13385,,aggregate,unspecified,source-hierarchy-concept
FMA:13386,scalenus medius,,FMA:13386,,aggregate,unspecified,source-hierarchy-concept
FMA:13387,scalenus posterior,,FMA:13387,,aggregate,unspecified,source-hierarchy-concept
FMA:13394,scapula,,FMA:13394,,aggregate,unspecified,source-hierarchy-concept
FMA:13397,serratus anterior,,FMA:13397,,aggregate,unspecified,source-hierarchy-concept
FMA:13400,serratus posterior,,FMA:13400,,aggregate,unspecified,source-hierarchy-concept
FMA:13401,serratus posterior superior,,FMA:13401,,aggregate,unspecified,source-hierarchy-concept
FMA:13402,serratus posterior inferior,,FMA:13402,,aggregate,unspecified,source-hierarchy-concept
FMA:13407,sternocleidomastoid,,FMA:13407,,aggregate,unspecified,source-hierarchy-concept
FMA:13410,subclavius,,FMA:13410,,aggregate,unspecified,source-hierarchy-concept
FMA:13413,subscapularis,,FMA:13413,,aggregate,unspecified,source-hierarchy-concept
FMA:13442,anterior segmental vein,,FMA:13442,,aggregate,unspecified,source-hierarchy-concept
FMA:13443,posterior segmental vein,,FMA:13443,,aggregate,unspecified,source-hierarchy-concept
FMA:13444,apical segmental vein,,FMA:13444,,aggregate,unspecified,source-hierarchy-concept
FMA:13445,superior segmental vein,,FMA:13445,,aggregate,unspecified,source-hierarchy-concept
FMA:13883,wall of atrium,,FMA:13883,,aggregate,unspecified,source-hierarchy-concept
FMA:13894,intervertebral disk of lumbar vertebra,,FMA:13894,,aggregate,unspecified,source-hierarchy-concept
FMA:13895,intervertebral disk of cervical vertebra,,FMA:13895,,aggregate,unspecified,source-hierarchy-concept
FMA:13912,ventricular branch of right coronary artery,,FMA:13912,,aggregate,right,source-hierarchy-concept
FMA:13914,anterior branch of anterior interventricular branch of left coronary artery,,FMA:13914,,aggregate,left,source-hierarchy-concept
FMA:13921,branch of anterior interventricular branch of left coronary artery,,FMA:13921,,aggregate,left,source-hierarchy-concept
FMA:14065,organ component,,FMA:14065,,aggregate,unspecified,source-hierarchy-concept
FMA:14092,zone of small intestine,,FMA:14092,,aggregate,unspecified,source-hierarchy-concept
FMA:14284,venous tree organ,,FMA:14284,,aggregate,unspecified,source-hierarchy-concept
FMA:14293,tributary of internal thoracic vein,,FMA:14293,,aggregate,unspecified,source-hierarchy-concept
FMA:14294,tributary of azygos vein,,FMA:14294,,aggregate,unspecified,source-hierarchy-concept
FMA:14309,subsegmental part of apical segmental vein,,FMA:14309,,aggregate,unspecified,source-hierarchy-concept
FMA:14310,subsegmental part of anterior segmental vein,,FMA:14310,,aggregate,unspecified,source-hierarchy-concept
FMA:14317,tributary of external jugular vein,,FMA:14317,,aggregate,unspecified,source-hierarchy-concept
FMA:14319,suprascapular vein,,FMA:14319,,aggregate,unspecified,source-hierarchy-concept
FMA:14329,trunk of portal vein,,FMA:14329,,aggregate,unspecified,source-hierarchy-concept
FMA:14333,common iliac vein,,FMA:14333,,aggregate,unspecified,source-hierarchy-concept
FMA:14334,renal vein,,FMA:14334,,aggregate,unspecified,source-hierarchy-concept
FMA:14337,hepatic vein,,FMA:14337,,aggregate,unspecified,source-hierarchy-concept
FMA:14344,testicular vein,,FMA:14344,,aggregate,unspecified,source-hierarchy-concept
FMA:14348,suprarenal vein,,FMA:14348,,aggregate,unspecified,source-hierarchy-concept
FMA:14495,segment of liver,,FMA:14495,,aggregate,unspecified,source-hierarchy-concept
FMA:14540,segment of large intestine,,FMA:14540,,aggregate,unspecified,source-hierarchy-concept
FMA:14645,mesentery of large intestine,,FMA:14645,,aggregate,unspecified,source-hierarchy-concept
FMA:14678,extrahepatic bile duct,,FMA:14678,,aggregate,unspecified,source-hierarchy-concept
FMA:14734,inferior phrenic artery,,FMA:14734,,aggregate,unspecified,source-hierarchy-concept
FMA:14751,renal artery,,FMA:14751,,aggregate,unspecified,source-hierarchy-concept
FMA:14754,middle suprarenal artery,,FMA:14754,,aggregate,unspecified,source-hierarchy-concept
FMA:14758,testicular artery,,FMA:14758,,aggregate,unspecified,source-hierarchy-concept
FMA:14764,common iliac artery,,FMA:14764,,aggregate,unspecified,source-hierarchy-concept
FMA:14767,trunk of branch of coeliac artery,,FMA:14767,,aggregate,unspecified,source-hierarchy-concept
FMA:14769,hepatic artery,,FMA:14769,,aggregate,unspecified,source-hierarchy-concept
FMA:14821,branch of ileocolic artery,,FMA:14821,,aggregate,unspecified,source-hierarchy-concept
FMA:14825,trunk of branch of inferior mesenteric artery,,FMA:14825,,aggregate,unspecified,source-hierarchy-concept
FMA:14837,subdivision of hepatic artery proper,,FMA:14837,,aggregate,unspecified,source-hierarchy-concept
FMA:14963,zone of ileum,,FMA:14963,,aggregate,unspecified,source-hierarchy-concept
FMA:15041,taenia coli,,FMA:15041,,aggregate,unspecified,source-hierarchy-concept
FMA:15387,tributary of splenic vein,,FMA:15387,,aggregate,unspecified,source-hierarchy-concept
FMA:15392,tributary of inferior mesenteric vein,,FMA:15392,,aggregate,unspecified,source-hierarchy-concept
FMA:15396,tributary of superior mesenteric vein,,FMA:15396,,aggregate,unspecified,source-hierarchy-concept
FMA:15737,hepatovenous subsector,,FMA:15737,,aggregate,unspecified,source-hierarchy-concept
FMA:15755,region of anterior sector of right liver (in-vivo),,FMA:15755,,aggregate,right,source-hierarchy-concept
FMA:15756,region of posterior sector of right liver (in-vivo),,FMA:15756,,aggregate,right,source-hierarchy-concept
FMA:15757,region of anterior sector of left liver (in-vivo),,FMA:15757,,aggregate,left,source-hierarchy-concept
FMA:15791,tributary of right hepatic vein,,FMA:15791,,aggregate,right,source-hierarchy-concept
FMA:15794,tributary of left hepatic vein,,FMA:15794,,aggregate,left,source-hierarchy-concept
FMA:16585,hip bone,,FMA:16585,,aggregate,unspecified,source-hierarchy-concept
FMA:16980,zone of jejunum,,FMA:16980,,aggregate,unspecified,source-hierarchy-concept
FMA:17541,tributary of hepatic vein,,FMA:17541,,aggregate,unspecified,source-hierarchy-concept
FMA:18060,psoas major,,FMA:18060,,aggregate,unspecified,source-hierarchy-concept
FMA:18255,epididymis,,FMA:18255,,aggregate,unspecified,source-hierarchy-concept
FMA:18805,external iliac artery,,FMA:18805,,aggregate,unspecified,source-hierarchy-concept
FMA:18808,internal iliac artery,,FMA:18808,,aggregate,unspecified,source-hierarchy-concept
FMA:18883,external iliac vein,,FMA:18883,,aggregate,unspecified,source-hierarchy-concept
FMA:18884,internal iliac vein,,FMA:18884,,aggregate,unspecified,source-hierarchy-concept
FMA:18889,tributary of internal iliac vein,,FMA:18889,,aggregate,unspecified,source-hierarchy-concept
FMA:18902,iliolumbar vein,,FMA:18902,,aggregate,unspecified,source-hierarchy-concept
FMA:18905,lateral sacral vein,,FMA:18905,,aggregate,unspecified,source-hierarchy-concept
FMA:18908,superior gluteal vein,,FMA:18908,,aggregate,unspecified,source-hierarchy-concept
FMA:18911,inferior gluteal vein,,FMA:18911,,aggregate,unspecified,source-hierarchy-concept
FMA:18914,obturator vein,,FMA:18914,,aggregate,unspecified,source-hierarchy-concept
FMA:18917,internal pudendal vein,,FMA:18917,,aggregate,unspecified,source-hierarchy-concept
FMA:19082,piriformis,,FMA:19082,,aggregate,unspecified,source-hierarchy-concept
FMA:19083,obturator muscle,,FMA:19083,,aggregate,unspecified,source-hierarchy-concept
FMA:19086,muscle of pelvis,,FMA:19086,,aggregate,unspecified,source-hierarchy-concept
FMA:19088,coccygeus,,FMA:19088,,aggregate,unspecified,source-hierarchy-concept
FMA:19089,zone of levator ani,,FMA:19089,,aggregate,unspecified,source-hierarchy-concept
FMA:19090,pubococcygeus,,FMA:19090,,aggregate,unspecified,source-hierarchy-concept
FMA:19091,puborectalis,,FMA:19091,,aggregate,unspecified,source-hierarchy-concept
FMA:19092,iliococcygeus,,FMA:19092,,aggregate,unspecified,source-hierarchy-concept
FMA:19234,deferent duct,,FMA:19234,,aggregate,unspecified,source-hierarchy-concept
FMA:19386,seminal vesicle,,FMA:19386,,aggregate,unspecified,source-hierarchy-concept
FMA:19754,region of peritoneum,,FMA:19754,,aggregate,unspecified,source-hierarchy-concept
FMA:19783,loose connective tissue,,FMA:19783,,aggregate,unspecified,source-hierarchy-concept
FMA:19795,dorsal artery of penis,,FMA:19795,,aggregate,unspecified,source-hierarchy-concept
FMA:20107,irregular connective tissue,,FMA:20107,,aggregate,unspecified,source-hierarchy-concept
FMA:20111,mucoid tissue,,FMA:20111,,aggregate,unspecified,source-hierarchy-concept
FMA:20194,cavernous organ,,FMA:20194,,aggregate,unspecified,source-hierarchy-concept
FMA:20221,zone of cavernous organ,,FMA:20221,,aggregate,unspecified,source-hierarchy-concept
FMA:20247,zone of corpus spongiosum of penis,,FMA:20247,,aggregate,unspecified,source-hierarchy-concept
FMA:20278,muscle of anterior abdominal wall,,FMA:20278,,aggregate,unspecified,source-hierarchy-concept
FMA:20289,lacrimal sac,,FMA:20289,,aggregate,unspecified,source-hierarchy-concept
FMA:20570,peritoneal mesentery,,FMA:20570,,aggregate,unspecified,source-hierarchy-concept
FMA:20593,region of visceral peritoneum,,FMA:20593,,aggregate,unspecified,source-hierarchy-concept
FMA:20684,trunk of branch of external iliac artery,,FMA:20684,,aggregate,unspecified,source-hierarchy-concept
FMA:20686,inferior epigastric artery,,FMA:20686,,aggregate,unspecified,source-hierarchy-concept
FMA:20734,superficial epigastric artery,,FMA:20734,,aggregate,unspecified,source-hierarchy-concept
FMA:20798,lateral circumflex femoral artery,,FMA:20798,,aggregate,unspecified,source-hierarchy-concept
FMA:20803,branch of lateral circumflex femoral artery,,FMA:20803,,aggregate,unspecified,source-hierarchy-concept
FMA:20805,descending branch of lateral circumflex femoral artery,,FMA:20805,,aggregate,unspecified,source-hierarchy-concept
FMA:21162,inferior epigastric vein,,FMA:21162,,aggregate,unspecified,source-hierarchy-concept
FMA:21185,femoral vein,,FMA:21185,,aggregate,unspecified,source-hierarchy-concept
FMA:21240,tributary of internal pudendal vein,,FMA:21240,,aggregate,unspecified,source-hierarchy-concept
FMA:21376,great saphenous vein,,FMA:21376,,aggregate,unspecified,source-hierarchy-concept
FMA:21378,tributary of great saphenous vein,,FMA:21378,,aggregate,unspecified,source-hierarchy-concept
FMA:21383,tributary of superficial external pudendal vein,,FMA:21383,,aggregate,unspecified,source-hierarchy-concept
FMA:21496,ligament organ,,FMA:21496,,aggregate,unspecified,source-hierarchy-concept
FMA:21520,branch of inferior branch of ileocolic artery,,FMA:21520,,aggregate,unspecified,source-hierarchy-concept
FMA:21521,trunk of branch of left colic artery,,FMA:21521,,aggregate,left,source-hierarchy-concept
FMA:22298,obturator internus,,FMA:22298,,aggregate,unspecified,source-hierarchy-concept
FMA:22299,obturator externus,,FMA:22299,,aggregate,unspecified,source-hierarchy-concept
FMA:22310,iliacus,,FMA:22310,,aggregate,unspecified,source-hierarchy-concept
FMA:22314,gluteus maximus,,FMA:22314,,aggregate,unspecified,source-hierarchy-concept
FMA:22315,gluteus medius,,FMA:22315,,aggregate,unspecified,source-hierarchy-concept
FMA:22317,gluteus minimus,,FMA:22317,,aggregate,unspecified,source-hierarchy-concept
FMA:22318,gemellus superior,,FMA:22318,,aggregate,unspecified,source-hierarchy-concept
FMA:22319,gemellus,,FMA:22319,,aggregate,unspecified,source-hierarchy-concept
FMA:22320,gemellus inferior,,FMA:22320,,aggregate,unspecified,source-hierarchy-concept
FMA:22321,quadratus femoris,,FMA:22321,,aggregate,unspecified,source-hierarchy-concept
FMA:22353,sartorius,,FMA:22353,,aggregate,unspecified,source-hierarchy-concept
FMA:22357,semitendinosus,,FMA:22357,,aggregate,unspecified,source-hierarchy-concept
FMA:22423,tensor fasciae latae,,FMA:22423,,aggregate,unspecified,source-hierarchy-concept
FMA:22424,muscle of anterior compartment of thigh,,FMA:22424,,aggregate,unspecified,source-hierarchy-concept
FMA:22427,muscle of posterior compartment of thigh,,FMA:22427,,aggregate,unspecified,source-hierarchy-concept
FMA:22429,zone of quadriceps femoris,,FMA:22429,,aggregate,unspecified,source-hierarchy-concept
FMA:22430,rectus femoris,,FMA:22430,,aggregate,unspecified,source-hierarchy-concept
FMA:22431,vastus lateralis,,FMA:22431,,aggregate,unspecified,source-hierarchy-concept
FMA:22432,vastus medialis,,FMA:22432,,aggregate,unspecified,source-hierarchy-concept
FMA:22433,vastus intermedius,,FMA:22433,,aggregate,unspecified,source-hierarchy-concept
FMA:22438,semimembranosus,,FMA:22438,,aggregate,unspecified,source-hierarchy-concept
FMA:22439,muscle of medial compartment of thigh,,FMA:22439,,aggregate,unspecified,source-hierarchy-concept
FMA:22440,pectineus,,FMA:22440,,aggregate,unspecified,source-hierarchy-concept
FMA:22441,adductor longus,,FMA:22441,,aggregate,unspecified,source-hierarchy-concept
FMA:22442,adductor brevis,,FMA:22442,,aggregate,unspecified,source-hierarchy-concept
FMA:22443,adductor magnus,,FMA:22443,,aggregate,unspecified,source-hierarchy-concept
FMA:22470,muscle of thigh,,FMA:22470,,aggregate,unspecified,source-hierarchy-concept
FMA:22471,muscle of leg,,FMA:22471,,aggregate,unspecified,source-hierarchy-concept
FMA:22472,muscle of anterior compartment of leg,,FMA:22472,,aggregate,unspecified,source-hierarchy-concept
FMA:22473,muscle of lateral compartment of leg,,FMA:22473,,aggregate,unspecified,source-hierarchy-concept
FMA:22474,muscle of posterior compartment of leg,,FMA:22474,,aggregate,unspecified,source-hierarchy-concept
FMA:22506,descending genicular artery,,FMA:22506,,aggregate,unspecified,source-hierarchy-concept
FMA:22532,tibialis anterior,,FMA:22532,,aggregate,unspecified,source-hierarchy-concept
FMA:22533,extensor hallucis longus,,FMA:22533,,aggregate,unspecified,source-hierarchy-concept
FMA:22534,extensor digitorum longus,,FMA:22534,,aggregate,unspecified,source-hierarchy-concept
FMA:22535,superior genicular artery,,FMA:22535,,aggregate,unspecified,source-hierarchy-concept
FMA:22536,middle genicular artery,,FMA:22536,,aggregate,unspecified,source-hierarchy-concept
FMA:22537,inferior genicular artery,,FMA:22537,,aggregate,unspecified,source-hierarchy-concept
FMA:22538,fibularis tertius,,FMA:22538,,aggregate,unspecified,source-hierarchy-concept
FMA:22539,fibularis longus,,FMA:22539,,aggregate,unspecified,source-hierarchy-concept
FMA:22540,fibularis brevis,,FMA:22540,,aggregate,unspecified,source-hierarchy-concept
FMA:22542,soleus,,FMA:22542,,aggregate,unspecified,source-hierarchy-concept
FMA:22543,plantaris,,FMA:22543,,aggregate,unspecified,source-hierarchy-concept
FMA:22584,superior medial genicular artery,,FMA:22584,,aggregate,unspecified,source-hierarchy-concept
FMA:22585,superior lateral genicular artery,,FMA:22585,,aggregate,unspecified,source-hierarchy-concept
FMA:22590,popliteus,,FMA:22590,,aggregate,unspecified,source-hierarchy-concept
FMA:22593,flexor hallucis longus,,FMA:22593,,aggregate,unspecified,source-hierarchy-concept
FMA:22594,muscle of vertebral column,,FMA:22594,,aggregate,unspecified,source-hierarchy-concept
FMA:22653,splenius capitis,,FMA:22653,,aggregate,unspecified,source-hierarchy-concept
FMA:22654,axillary artery,,FMA:22654,,aggregate,unspecified,source-hierarchy-concept
FMA:22674,lateral thoracic artery,,FMA:22674,,aggregate,unspecified,source-hierarchy-concept
FMA:22677,subscapular artery,,FMA:22677,,aggregate,unspecified,source-hierarchy-concept
FMA:22680,anterior circumflex humeral artery,,FMA:22680,,aggregate,unspecified,source-hierarchy-concept
FMA:22681,splenius cervicis,,FMA:22681,,aggregate,unspecified,source-hierarchy-concept
FMA:22684,posterior circumflex humeral artery,,FMA:22684,,aggregate,unspecified,source-hierarchy-concept
FMA:22689,brachial artery,,FMA:22689,,aggregate,unspecified,source-hierarchy-concept
FMA:22693,branch of brachial artery,,FMA:22693,,aggregate,unspecified,source-hierarchy-concept
FMA:22695,deep brachial artery,,FMA:22695,,aggregate,unspecified,source-hierarchy-concept
FMA:22702,iliocostalis lumborum,,FMA:22702,,aggregate,unspecified,source-hierarchy-concept
FMA:22703,iliocostalis thoracis,,FMA:22703,,aggregate,unspecified,source-hierarchy-concept
FMA:22704,iliocostalis cervicis,,FMA:22704,,aggregate,unspecified,source-hierarchy-concept
FMA:22706,superior ulnar collateral artery,,FMA:22706,,aggregate,unspecified,source-hierarchy-concept
FMA:22709,longissimus thoracis,,FMA:22709,,aggregate,unspecified,source-hierarchy-concept
FMA:22710,inferior ulnar collateral artery,,FMA:22710,,aggregate,unspecified,source-hierarchy-concept
FMA:22711,longissimus cervicis,,FMA:22711,,aggregate,unspecified,source-hierarchy-concept
FMA:22714,longissimus capitis,,FMA:22714,,aggregate,unspecified,source-hierarchy-concept
FMA:22730,radial artery,,FMA:22730,,aggregate,unspecified,source-hierarchy-concept
FMA:22738,branch of radial artery,,FMA:22738,,aggregate,unspecified,source-hierarchy-concept
FMA:22748,radial recurrent artery,,FMA:22748,,aggregate,unspecified,source-hierarchy-concept
FMA:22755,dorsal carpal branch of radial artery,,FMA:22755,,aggregate,unspecified,source-hierarchy-concept
FMA:22762,arteria princeps pollicis,,FMA:22762,,aggregate,unspecified,source-hierarchy-concept
FMA:22763,arteria radialis indicis,,FMA:22763,,aggregate,unspecified,source-hierarchy-concept
FMA:22765,spinalis thoracis,,FMA:22765,,aggregate,unspecified,source-hierarchy-concept
FMA:22796,ulnar artery,,FMA:22796,,aggregate,unspecified,source-hierarchy-concept
FMA:22799,branch of ulnar artery,,FMA:22799,,aggregate,unspecified,source-hierarchy-concept
FMA:22800,anterior ulnar recurrent artery,,FMA:22800,,aggregate,unspecified,source-hierarchy-concept
FMA:22803,posterior ulnar recurrent artery,,FMA:22803,,aggregate,unspecified,source-hierarchy-concept
FMA:22806,common interosseous artery,,FMA:22806,,aggregate,unspecified,source-hierarchy-concept
FMA:22809,branch of common interosseous artery,,FMA:22809,,aggregate,unspecified,source-hierarchy-concept
FMA:22810,anterior interosseous artery,,FMA:22810,,aggregate,unspecified,source-hierarchy-concept
FMA:22820,dorsal carpal branch of ulnar artery,,FMA:22820,,aggregate,unspecified,source-hierarchy-concept
FMA:22823,semispinalis,,FMA:22823,,aggregate,unspecified,source-hierarchy-concept
FMA:22828,semispinalis thoracis,,FMA:22828,,aggregate,unspecified,source-hierarchy-concept
FMA:22829,semispinalis cervicis,,FMA:22829,,aggregate,unspecified,source-hierarchy-concept
FMA:22830,semispinalis capitis,,FMA:22830,,aggregate,unspecified,source-hierarchy-concept
FMA:22834,superficial palmar arterial arch,,FMA:22834,,aggregate,unspecified,source-hierarchy-concept
FMA:22838,deep palmar arterial arch,,FMA:22838,,aggregate,unspecified,source-hierarchy-concept
FMA:22841,interspinalis muscle,,FMA:22841,,aggregate,unspecified,source-hierarchy-concept
FMA:22842,branch of arterial anastomosis,,FMA:22842,,aggregate,unspecified,source-hierarchy-concept
FMA:22843,branch of deep palmar arterial arch,,FMA:22843,,aggregate,unspecified,source-hierarchy-concept
FMA:22845,branch of superficial palmar arterial arch,,FMA:22845,,aggregate,unspecified,source-hierarchy-concept
FMA:22846,interspinalis thoracis,,FMA:22846,,aggregate,unspecified,source-hierarchy-concept
FMA:22848,intertransversarius muscle,,FMA:22848,,aggregate,unspecified,source-hierarchy-concept
FMA:22849,lumbar intertransversarius,,FMA:22849,,aggregate,unspecified,source-hierarchy-concept
FMA:22854,first common palmar digital artery,,FMA:22854,,aggregate,unspecified,source-hierarchy-concept
FMA:22855,second common palmar digital artery,,FMA:22855,,aggregate,unspecified,source-hierarchy-concept
FMA:22857,lateral proper palmar digital artery of middle finger,,FMA:22857,,aggregate,unspecified,source-hierarchy-concept
FMA:22863,palmar metacarpal artery,,FMA:22863,,aggregate,unspecified,source-hierarchy-concept
FMA:22908,basilic vein,,FMA:22908,,aggregate,unspecified,source-hierarchy-concept
FMA:22911,deep palmar venous arch,,FMA:22911,,aggregate,unspecified,source-hierarchy-concept
FMA:22914,superficial palmar venous arch,,FMA:22914,,aggregate,unspecified,source-hierarchy-concept
FMA:22917,tributary of venous anastomosis,,FMA:22917,,aggregate,unspecified,source-hierarchy-concept
FMA:22919,palmar metacarpal vein,,FMA:22919,,aggregate,unspecified,source-hierarchy-concept
FMA:22922,tributary of superficial palmar venous arch,,FMA:22922,,aggregate,unspecified,source-hierarchy-concept
FMA:22926,tributary of common palmar digital vein,,FMA:22926,,aggregate,unspecified,source-hierarchy-concept
FMA:22927,proper palmar digital vein of index finger,,FMA:22927,,aggregate,unspecified,source-hierarchy-concept
FMA:22928,proper palmar digital vein of middle finger,,FMA:22928,,aggregate,unspecified,source-hierarchy-concept
FMA:22929,proper palmar digital vein of ring finger,,FMA:22929,,aggregate,unspecified,source-hierarchy-concept
FMA:22930,tributary of subclavian vein,,FMA:22930,,aggregate,unspecified,source-hierarchy-concept
FMA:22934,brachial vein,,FMA:22934,,aggregate,unspecified,source-hierarchy-concept
FMA:22937,tributary of brachial vein,,FMA:22937,,aggregate,unspecified,source-hierarchy-concept
FMA:22947,radial vein,,FMA:22947,,aggregate,unspecified,source-hierarchy-concept
FMA:22950,ulnar vein,,FMA:22950,,aggregate,unspecified,source-hierarchy-concept
FMA:22953,tributary of radial vein,,FMA:22953,,aggregate,unspecified,source-hierarchy-concept
FMA:22963,median cubital vein,,FMA:22963,,aggregate,unspecified,source-hierarchy-concept
FMA:22967,median antebrachial vein,,FMA:22967,,aggregate,unspecified,source-hierarchy-concept
FMA:23046,medial proper palmar digital artery of ring finger,,FMA:23046,,aggregate,unspecified,source-hierarchy-concept
FMA:23047,medial proper palmar digital artery of index finger,,FMA:23047,,aggregate,unspecified,source-hierarchy-concept
FMA:23048,lateral proper palmar digital artery of little finger,,FMA:23048,,aggregate,unspecified,source-hierarchy-concept
FMA:23062,pectoral branch of thoraco-acromial artery,,FMA:23062,,aggregate,unspecified,source-hierarchy-concept
FMA:23065,acromial branch of thoraco-acromial artery,,FMA:23065,,aggregate,unspecified,source-hierarchy-concept
FMA:23067,deltoid branch of thoraco-acromial artery,,FMA:23067,,aggregate,unspecified,source-hierarchy-concept
FMA:23081,rotator muscle,,FMA:23081,,aggregate,unspecified,source-hierarchy-concept
FMA:23082,cervical rotator,,FMA:23082,,aggregate,unspecified,source-hierarchy-concept
FMA:23084,lumbar rotator,,FMA:23084,,aggregate,unspecified,source-hierarchy-concept
FMA:23113,subscapular vein,,FMA:23113,,aggregate,unspecified,source-hierarchy-concept
FMA:23117,branch of deep brachial artery,,FMA:23117,,aggregate,unspecified,source-hierarchy-concept
FMA:23119,medial collateral artery,,FMA:23119,,aggregate,unspecified,source-hierarchy-concept
FMA:23120,radial collateral artery,,FMA:23120,,aggregate,unspecified,source-hierarchy-concept
FMA:23179,circumflex scapular artery,,FMA:23179,,aggregate,unspecified,source-hierarchy-concept
FMA:23463,radius,,FMA:23463,,aggregate,unspecified,source-hierarchy-concept
FMA:23466,ulna,,FMA:23466,,aggregate,unspecified,source-hierarchy-concept
FMA:23706,interosseous membrane of forearm,,FMA:23706,,aggregate,unspecified,source-hierarchy-concept
FMA:23709,scaphoid,,FMA:23709,,aggregate,unspecified,source-hierarchy-concept
FMA:23712,lunate,,FMA:23712,,aggregate,unspecified,source-hierarchy-concept
FMA:23715,triquetral,,FMA:23715,,aggregate,unspecified,source-hierarchy-concept
FMA:23718,pisiform,,FMA:23718,,aggregate,unspecified,source-hierarchy-concept
FMA:23721,trapezium,,FMA:23721,,aggregate,unspecified,source-hierarchy-concept
FMA:23724,trapezoid,,FMA:23724,,aggregate,unspecified,source-hierarchy-concept
FMA:23727,capitate,,FMA:23727,,aggregate,unspecified,source-hierarchy-concept
FMA:23730,hamate,,FMA:23730,,aggregate,unspecified,source-hierarchy-concept
FMA:23889,carpal bone,,FMA:23889,,aggregate,unspecified,source-hierarchy-concept
FMA:23899,first metacarpal bone,,FMA:23899,,aggregate,unspecified,source-hierarchy-concept
FMA:23900,second metacarpal bone,,FMA:23900,,aggregate,unspecified,source-hierarchy-concept
FMA:23901,third metacarpal bone,,FMA:23901,,aggregate,unspecified,source-hierarchy-concept
FMA:23902,fourth metacarpal bone,,FMA:23902,,aggregate,unspecified,source-hierarchy-concept
FMA:23903,fifth metacarpal bone,,FMA:23903,,aggregate,unspecified,source-hierarchy-concept
FMA:23914,phalanx of finger,,FMA:23914,,aggregate,unspecified,source-hierarchy-concept
FMA:23918,proximal phalanx of thumb,,FMA:23918,,aggregate,unspecified,source-hierarchy-concept
FMA:23919,proximal phalanx of index finger,,FMA:23919,,aggregate,unspecified,source-hierarchy-concept
FMA:23920,proximal phalanx of middle finger,,FMA:23920,,aggregate,unspecified,source-hierarchy-concept
FMA:23921,proximal phalanx of ring finger,,FMA:23921,,aggregate,unspecified,source-hierarchy-concept
FMA:23922,proximal phalanx of little finger,,FMA:23922,,aggregate,unspecified,source-hierarchy-concept
FMA:23933,middle phalanx of index finger,,FMA:23933,,aggregate,unspecified,source-hierarchy-concept
FMA:23934,middle phalanx of middle finger,,FMA:23934,,aggregate,unspecified,source-hierarchy-concept
FMA:23935,middle phalanx of ring finger,,FMA:23935,,aggregate,unspecified,source-hierarchy-concept
FMA:23936,middle phalanx of little finger,,FMA:23936,,aggregate,unspecified,source-hierarchy-concept
FMA:23945,distal phalanx of thumb,,FMA:23945,,aggregate,unspecified,source-hierarchy-concept
FMA:23946,distal phalanx of index finger,,FMA:23946,,aggregate,unspecified,source-hierarchy-concept
FMA:23947,distal phalanx of middle finger,,FMA:23947,,aggregate,unspecified,source-hierarchy-concept
FMA:23948,distal phalanx of ring finger,,FMA:23948,,aggregate,unspecified,source-hierarchy-concept
FMA:23949,distal phalanx of little finger,,FMA:23949,,aggregate,unspecified,source-hierarchy-concept
FMA:24034,cavity of organ part,,FMA:24034,,aggregate,unspecified,source-hierarchy-concept
FMA:24218,subdivision of head,,FMA:24218,,aggregate,unspecified,source-hierarchy-concept
FMA:24476,tibia,,FMA:24476,,aggregate,unspecified,source-hierarchy-concept
FMA:24479,fibula,,FMA:24479,,aggregate,unspecified,source-hierarchy-concept
FMA:24485,patella,,FMA:24485,,aggregate,unspecified,source-hierarchy-concept
FMA:24491,tarsal bone,,FMA:24491,,aggregate,unspecified,source-hierarchy-concept
FMA:24492,metatarsal bone,,FMA:24492,,aggregate,unspecified,source-hierarchy-concept
FMA:24493,phalanx of toe,,FMA:24493,,aggregate,unspecified,source-hierarchy-concept
FMA:24496,calcaneus,,FMA:24496,,aggregate,unspecified,source-hierarchy-concept
FMA:24499,navicular bone of foot,,FMA:24499,,aggregate,unspecified,source-hierarchy-concept
FMA:24502,first metatarsal bone,,FMA:24502,,aggregate,unspecified,source-hierarchy-concept
FMA:24503,second metatarsal bone,,FMA:24503,,aggregate,unspecified,source-hierarchy-concept
FMA:24504,third metatarsal bone,,FMA:24504,,aggregate,unspecified,source-hierarchy-concept
FMA:24505,fourth metatarsal bone,,FMA:24505,,aggregate,unspecified,source-hierarchy-concept
FMA:24506,fifth metatarsal bone,,FMA:24506,,aggregate,unspecified,source-hierarchy-concept
FMA:24517,cuneiform bone,,FMA:24517,,aggregate,unspecified,source-hierarchy-concept
FMA:24518,medial cuneiform bone,,FMA:24518,,aggregate,unspecified,source-hierarchy-concept
FMA:24519,intermediate cuneiform bone,,FMA:24519,,aggregate,unspecified,source-hierarchy-concept
FMA:24520,lateral cuneiform bone,,FMA:24520,,aggregate,unspecified,source-hierarchy-concept
FMA:24527,cuboid bone,,FMA:24527,,aggregate,unspecified,source-hierarchy-concept
FMA:24551,trunk of intrapulmonary vein,,FMA:24551,,aggregate,unspecified,source-hierarchy-concept
FMA:25624,skeletal ligament,,FMA:25624,,aggregate,unspecified,source-hierarchy-concept
FMA:25625,nonskeletal ligament,,FMA:25625,,aggregate,unspecified,source-hierarchy-concept
FMA:30313,arterial trunk,,FMA:30313,,aggregate,unspecified,source-hierarchy-concept
FMA:30314,venous trunk,,FMA:30314,,aggregate,unspecified,source-hierarchy-concept
FMA:30320,duct,,FMA:30320,,aggregate,unspecified,source-hierarchy-concept
FMA:31739,segment of bronchial tree,,FMA:31739,,aggregate,unspecified,source-hierarchy-concept
FMA:32514,prevertebral muscle,,FMA:32514,,aggregate,unspecified,source-hierarchy-concept
FMA:32515,postvertebral muscle,,FMA:32515,,aggregate,unspecified,source-hierarchy-concept
FMA:32516,extrinsic muscle of shoulder,,FMA:32516,,aggregate,unspecified,source-hierarchy-concept
FMA:32518,deep extrinsic muscle of shoulder,,FMA:32518,,aggregate,unspecified,source-hierarchy-concept
FMA:32519,levator scapulae,,FMA:32519,,aggregate,unspecified,source-hierarchy-concept
FMA:32520,intrinsic muscle of shoulder,,FMA:32520,,aggregate,unspecified,source-hierarchy-concept
FMA:32525,rectus capitis posterior major,,FMA:32525,,aggregate,unspecified,source-hierarchy-concept
FMA:32526,rectus capitis posterior minor,,FMA:32526,,aggregate,unspecified,source-hierarchy-concept
FMA:32527,obliquus capitis superior,,FMA:32527,,aggregate,unspecified,source-hierarchy-concept
FMA:32528,obliquus capitis inferior,,FMA:32528,,aggregate,unspecified,source-hierarchy-concept
FMA:32529,zone of trapezius,,FMA:32529,,aggregate,unspecified,source-hierarchy-concept
FMA:32546,infraspinatus,,FMA:32546,,aggregate,unspecified,source-hierarchy-concept
FMA:32549,teres major,,FMA:32549,,aggregate,unspecified,source-hierarchy-concept
FMA:32550,teres minor,,FMA:32550,,aggregate,unspecified,source-hierarchy-concept
FMA:32555,ascending part of trapezius,,FMA:32555,,aggregate,unspecified,source-hierarchy-concept
FMA:32556,transverse part of trapezius,,FMA:32556,,aggregate,unspecified,source-hierarchy-concept
FMA:32557,descending part of trapezius,,FMA:32557,,aggregate,unspecified,source-hierarchy-concept
FMA:32558,musculature,,FMA:32558,,aggregate,unspecified,source-hierarchy-concept
FMA:32559,superficial postvertebral muscle,,FMA:32559,,aggregate,unspecified,source-hierarchy-concept
FMA:32560,intermediate postvertebral muscle,,FMA:32560,,aggregate,unspecified,source-hierarchy-concept
FMA:32561,deep postvertebral muscle,,FMA:32561,,aggregate,unspecified,source-hierarchy-concept
FMA:32582,posterior suboccipital muscle,,FMA:32582,,aggregate,unspecified,source-hierarchy-concept
FMA:32618,proximal phalanx of second toe,,FMA:32618,,aggregate,unspecified,source-hierarchy-concept
FMA:32619,proximal phalanx of third toe,,FMA:32619,,aggregate,unspecified,source-hierarchy-concept
FMA:32620,proximal phalanx of fourth toe,,FMA:32620,,aggregate,unspecified,source-hierarchy-concept
FMA:32621,proximal phalanx of little toe,,FMA:32621,,aggregate,unspecified,source-hierarchy-concept
FMA:32623,middle phalanx of second toe,,FMA:32623,,aggregate,unspecified,source-hierarchy-concept
FMA:32624,middle phalanx of third toe,,FMA:32624,,aggregate,unspecified,source-hierarchy-concept
FMA:32625,middle phalanx of fourth toe,,FMA:32625,,aggregate,unspecified,source-hierarchy-concept
FMA:32627,distal phalanx of big toe,,FMA:32627,,aggregate,unspecified,source-hierarchy-concept
FMA:32628,distal phalanx of second toe,,FMA:32628,,aggregate,unspecified,source-hierarchy-concept
FMA:32629,distal phalanx of third toe,,FMA:32629,,aggregate,unspecified,source-hierarchy-concept
FMA:32630,distal phalanx of fourth toe,,FMA:32630,,aggregate,unspecified,source-hierarchy-concept
FMA:32631,distal phalanx of little toe,,FMA:32631,,aggregate,unspecified,source-hierarchy-concept
FMA:32672,sesamoid bone,,FMA:32672,,aggregate,unspecified,source-hierarchy-concept
FMA:32884,phalanx of big toe,,FMA:32884,,aggregate,unspecified,source-hierarchy-concept
FMA:32899,phalanx of second toe,,FMA:32899,,aggregate,unspecified,source-hierarchy-concept
FMA:32900,phalanx of third toe,,FMA:32900,,aggregate,unspecified,source-hierarchy-concept
FMA:32901,phalanx of fourth toe,,FMA:32901,,aggregate,unspecified,source-hierarchy-concept
FMA:32902,phalanx of little toe,,FMA:32902,,aggregate,unspecified,source-hierarchy-concept
FMA:33302,proximal carpal bone,,FMA:33302,,aggregate,unspecified,source-hierarchy-concept
FMA:33303,distal carpal bone,,FMA:33303,,aggregate,unspecified,source-hierarchy-concept
FMA:33531,muscle of shoulder,,FMA:33531,,aggregate,unspecified,source-hierarchy-concept
FMA:34676,zone of deltoid,,FMA:34676,,aggregate,unspecified,source-hierarchy-concept
FMA:34677,clavicular part of deltoid,,FMA:34677,,aggregate,unspecified,source-hierarchy-concept
FMA:34678,acromial part of deltoid,,FMA:34678,,aggregate,unspecified,source-hierarchy-concept
FMA:34679,spinal part of deltoid,,FMA:34679,,aggregate,unspecified,source-hierarchy-concept
FMA:34686,zone of pectoralis major,,FMA:34686,,aggregate,unspecified,source-hierarchy-concept
FMA:34687,clavicular part of pectoralis major,,FMA:34687,,aggregate,unspecified,source-hierarchy-concept
FMA:34696,sternocostal part of pectoralis major,,FMA:34696,,aggregate,unspecified,source-hierarchy-concept
FMA:34699,abdominal part of pectoralis major,,FMA:34699,,aggregate,unspecified,source-hierarchy-concept
FMA:35187,interosseous membrane of leg,,FMA:35187,,aggregate,unspecified,source-hierarchy-concept
FMA:35477,phalanx of thumb,,FMA:35477,,aggregate,unspecified,source-hierarchy-concept
FMA:35480,phalanx of index finger,,FMA:35480,,aggregate,unspecified,source-hierarchy-concept
FMA:35483,phalanx of middle finger,,FMA:35483,,aggregate,unspecified,source-hierarchy-concept
FMA:35486,phalanx of ring finger,,FMA:35486,,aggregate,unspecified,source-hierarchy-concept
FMA:35489,phalanx of little finger,,FMA:35489,,aggregate,unspecified,source-hierarchy-concept
FMA:37347,muscle of pectoral girdle,,FMA:37347,,aggregate,unspecified,source-hierarchy-concept
FMA:37348,muscle of free upper limb,,FMA:37348,,aggregate,unspecified,source-hierarchy-concept
FMA:37349,pectoral muscle,,FMA:37349,,aggregate,unspecified,source-hierarchy-concept
FMA:37367,muscle of pelvic girdle,,FMA:37367,,aggregate,unspecified,source-hierarchy-concept
FMA:37368,muscle of free lower limb,,FMA:37368,,aggregate,unspecified,source-hierarchy-concept
FMA:37369,muscle of foot,,FMA:37369,,aggregate,unspecified,source-hierarchy-concept
FMA:37370,muscle of arm,,FMA:37370,,aggregate,unspecified,source-hierarchy-concept
FMA:37371,muscle of forearm,,FMA:37371,,aggregate,unspecified,source-hierarchy-concept
FMA:37372,muscle of hand,,FMA:37372,,aggregate,unspecified,source-hierarchy-concept
FMA:37373,abductor pollicis brevis,,FMA:37373,,aggregate,unspecified,source-hierarchy-concept
FMA:37378,flexor pollicis brevis,,FMA:37378,,aggregate,unspecified,source-hierarchy-concept
FMA:37379,opponens pollicis,,FMA:37379,,aggregate,unspecified,source-hierarchy-concept
FMA:37382,abductor digiti minimi of hand,,FMA:37382,,aggregate,unspecified,source-hierarchy-concept
FMA:37383,flexor digiti minimi brevis of hand,,FMA:37383,,aggregate,unspecified,source-hierarchy-concept
FMA:37384,opponens digiti minimi of hand,,FMA:37384,,aggregate,unspecified,source-hierarchy-concept
FMA:37448,abductor hallucis,,FMA:37448,,aggregate,unspecified,source-hierarchy-concept
FMA:37450,flexor digitorum brevis,,FMA:37450,,aggregate,unspecified,source-hierarchy-concept
FMA:37451,abductor digiti minimi of foot,,FMA:37451,,aggregate,unspecified,source-hierarchy-concept
FMA:37452,flexor accessorius,,FMA:37452,,aggregate,unspecified,source-hierarchy-concept
FMA:37453,lumbrical of foot,,FMA:37453,,aggregate,unspecified,source-hierarchy-concept
FMA:37455,flexor digiti minimi brevis of foot,,FMA:37455,,aggregate,unspecified,source-hierarchy-concept
FMA:37456,interosseous of foot,,FMA:37456,,aggregate,unspecified,source-hierarchy-concept
FMA:37458,plantar interosseous of foot,,FMA:37458,,aggregate,unspecified,source-hierarchy-concept
FMA:37479,first lumbrical of foot,,FMA:37479,,aggregate,unspecified,source-hierarchy-concept
FMA:37480,second lumbrical of foot,,FMA:37480,,aggregate,unspecified,source-hierarchy-concept
FMA:37481,third lumbrical of foot,,FMA:37481,,aggregate,unspecified,source-hierarchy-concept
FMA:37482,fourth lumbrical of foot,,FMA:37482,,aggregate,unspecified,source-hierarchy-concept
FMA:37664,coracobrachialis,,FMA:37664,,aggregate,unspecified,source-hierarchy-concept
FMA:37667,brachialis,,FMA:37667,,aggregate,unspecified,source-hierarchy-concept
FMA:37682,short head of biceps brachii,,FMA:37682,,aggregate,unspecified,source-hierarchy-concept
FMA:37683,long head of biceps brachii,,FMA:37683,,aggregate,unspecified,source-hierarchy-concept
FMA:37692,long head of triceps brachii,,FMA:37692,,aggregate,unspecified,source-hierarchy-concept
FMA:37693,medial head of triceps brachii,,FMA:37693,,aggregate,unspecified,source-hierarchy-concept
FMA:37694,lateral head of triceps brachii,,FMA:37694,,aggregate,unspecified,source-hierarchy-concept
FMA:37704,anconeus,,FMA:37704,,aggregate,unspecified,source-hierarchy-concept
FMA:37711,muscle of anterior compartment of arm,,FMA:37711,,aggregate,unspecified,source-hierarchy-concept
FMA:37712,muscle of posterior compartment of arm,,FMA:37712,,aggregate,unspecified,source-hierarchy-concept
FMA:37738,first plantar interosseous of foot,,FMA:37738,,aggregate,unspecified,source-hierarchy-concept
FMA:37739,second plantar interosseous of foot,,FMA:37739,,aggregate,unspecified,source-hierarchy-concept
FMA:37740,third plantar interosseous of foot,,FMA:37740,,aggregate,unspecified,source-hierarchy-concept
FMA:38453,pronator quadratus,,FMA:38453,,aggregate,unspecified,source-hierarchy-concept
FMA:38456,muscle of anterior compartment of forearm,,FMA:38456,,aggregate,unspecified,source-hierarchy-concept
FMA:38459,flexor carpi radialis,,FMA:38459,,aggregate,unspecified,source-hierarchy-concept
FMA:38462,palmaris longus,,FMA:38462,,aggregate,unspecified,source-hierarchy-concept
FMA:38469,flexor digitorum superficialis,,FMA:38469,,aggregate,unspecified,source-hierarchy-concept
FMA:38472,superficial muscle of anterior compartment of forearm,,FMA:38472,,aggregate,unspecified,source-hierarchy-concept
FMA:38475,deep muscle of anterior compartment of forearm,,FMA:38475,,aggregate,unspecified,source-hierarchy-concept
FMA:38478,flexor digitorum profundus,,FMA:38478,,aggregate,unspecified,source-hierarchy-concept
FMA:38481,flexor pollicis longus,,FMA:38481,,aggregate,unspecified,source-hierarchy-concept
FMA:38485,brachioradialis,,FMA:38485,,aggregate,unspecified,source-hierarchy-concept
FMA:38488,muscle of posterior compartment of forearm,,FMA:38488,,aggregate,unspecified,source-hierarchy-concept
FMA:38491,superficial muscle of posterior compartment of forearm,,FMA:38491,,aggregate,unspecified,source-hierarchy-concept
FMA:38494,extensor carpi radialis longus,,FMA:38494,,aggregate,unspecified,source-hierarchy-concept
FMA:38497,extensor carpi radialis brevis,,FMA:38497,,aggregate,unspecified,source-hierarchy-concept
FMA:38500,extensor digitorum,,FMA:38500,,aggregate,unspecified,source-hierarchy-concept
FMA:38503,extensor digiti minimi,,FMA:38503,,aggregate,unspecified,source-hierarchy-concept
FMA:38506,extensor carpi ulnaris,,FMA:38506,,aggregate,unspecified,source-hierarchy-concept
FMA:38509,deep muscle of posterior compartment of forearm,,FMA:38509,,aggregate,unspecified,source-hierarchy-concept
FMA:38512,supinator,,FMA:38512,,aggregate,unspecified,source-hierarchy-concept
FMA:38515,abductor pollicis longus,,FMA:38515,,aggregate,unspecified,source-hierarchy-concept
FMA:38518,extensor pollicis brevis,,FMA:38518,,aggregate,unspecified,source-hierarchy-concept
FMA:38521,extensor pollicis longus,,FMA:38521,,aggregate,unspecified,source-hierarchy-concept
FMA:38524,extensor indicis,,FMA:38524,,aggregate,unspecified,source-hierarchy-concept
FMA:38558,humeral head of pronator teres,,FMA:38558,,aggregate,unspecified,source-hierarchy-concept
FMA:38559,ulnar head of pronator teres,,FMA:38559,,aggregate,unspecified,source-hierarchy-concept
FMA:38615,humeral head of flexor carpi ulnaris,,FMA:38615,,aggregate,unspecified,source-hierarchy-concept
FMA:38616,ulnar head of flexor carpi ulnaris,,FMA:38616,,aggregate,unspecified,source-hierarchy-concept
FMA:39988,flexor retinaculum of wrist,,FMA:39988,,aggregate,unspecified,source-hierarchy-concept
FMA:42380,intrinsic muscle of hand,,FMA:42380,,aggregate,unspecified,source-hierarchy-concept
FMA:42603,organ component cluster,,FMA:42603,,aggregate,unspecified,source-hierarchy-concept
FMA:43252,proximal phalanx of big toe,,FMA:43252,,aggregate,unspecified,source-hierarchy-concept
FMA:43882,gracilis,,FMA:43882,,aggregate,unspecified,source-hierarchy-concept
FMA:43885,adductor minimus,,FMA:43885,,aggregate,unspecified,source-hierarchy-concept
FMA:43888,inferior lateral genicular artery,,FMA:43888,,aggregate,unspecified,source-hierarchy-concept
FMA:43889,inferior medial genicular artery,,FMA:43889,,aggregate,unspecified,source-hierarchy-concept
FMA:43894,anterior tibial artery,,FMA:43894,,aggregate,unspecified,source-hierarchy-concept
FMA:43895,posterior tibial artery,,FMA:43895,,aggregate,unspecified,source-hierarchy-concept
FMA:43901,subdivision of posterior tibial artery,,FMA:43901,,aggregate,unspecified,source-hierarchy-concept
FMA:43902,anterior tibial recurrent artery,,FMA:43902,,aggregate,unspecified,source-hierarchy-concept
FMA:43915,dorsalis pedis artery,,FMA:43915,,aggregate,unspecified,source-hierarchy-concept
FMA:43925,medial plantar artery,,FMA:43925,,aggregate,unspecified,source-hierarchy-concept
FMA:43926,lateral plantar artery,,FMA:43926,,aggregate,unspecified,source-hierarchy-concept
FMA:43933,superficial medial plantar artery,,FMA:43933,,aggregate,unspecified,source-hierarchy-concept
FMA:43940,branch of lateral plantar artery,,FMA:43940,,aggregate,unspecified,source-hierarchy-concept
FMA:43941,branch of medial plantar artery,,FMA:43941,,aggregate,unspecified,source-hierarchy-concept
FMA:43942,plantar arch,,FMA:43942,,aggregate,unspecified,source-hierarchy-concept
FMA:44197,tarsal ligament,,FMA:44197,,aggregate,unspecified,source-hierarchy-concept
FMA:44245,plantar tarsal ligament,,FMA:44245,,aggregate,unspecified,source-hierarchy-concept
FMA:44248,long plantar ligament,,FMA:44248,,aggregate,unspecified,source-hierarchy-concept
FMA:44318,superficial epigastric vein,,FMA:44318,,aggregate,unspecified,source-hierarchy-concept
FMA:44323,tributary of femoral vein,,FMA:44323,,aggregate,unspecified,source-hierarchy-concept
FMA:44324,tributary of deep femoral vein,,FMA:44324,,aggregate,unspecified,source-hierarchy-concept
FMA:44325,medial circumflex femoral vein,,FMA:44325,,aggregate,unspecified,source-hierarchy-concept
FMA:44326,lateral circumflex femoral vein,,FMA:44326,,aggregate,unspecified,source-hierarchy-concept
FMA:44327,popliteal vein,,FMA:44327,,aggregate,unspecified,source-hierarchy-concept
FMA:44330,tributary of popliteal vein,,FMA:44330,,aggregate,unspecified,source-hierarchy-concept
FMA:44331,anterior tibial vein,,FMA:44331,,aggregate,unspecified,source-hierarchy-concept
FMA:44332,posterior tibial vein,,FMA:44332,,aggregate,unspecified,source-hierarchy-concept
FMA:44333,small saphenous vein,,FMA:44333,,aggregate,unspecified,source-hierarchy-concept
FMA:44356,dorsal venous arch of foot,,FMA:44356,,aggregate,unspecified,source-hierarchy-concept
FMA:44489,plantar venous arch of foot,,FMA:44489,,aggregate,unspecified,source-hierarchy-concept
FMA:44558,fibular vein,,FMA:44558,,aggregate,unspecified,source-hierarchy-concept
FMA:44559,genicular vein,,FMA:44559,,aggregate,unspecified,source-hierarchy-concept
FMA:44594,arcuate artery,,FMA:44594,,aggregate,unspecified,source-hierarchy-concept
FMA:44595,lateral tarsal artery,,FMA:44595,,aggregate,unspecified,source-hierarchy-concept
FMA:45096,sesamoid bone of foot,,FMA:45096,,aggregate,unspecified,source-hierarchy-concept
FMA:45638,subdivision of nervous system,,FMA:45638,,aggregate,unspecified,source-hierarchy-concept
FMA:45728,anatomical lobe,,FMA:45728,,aggregate,unspecified,source-hierarchy-concept
FMA:45729,head of organ,,FMA:45729,,aggregate,unspecified,source-hierarchy-concept
FMA:45732,parenchyma,,FMA:45732,,aggregate,unspecified,source-hierarchy-concept
FMA:45734,body of organ,,FMA:45734,,aggregate,unspecified,source-hierarchy-concept
FMA:45738,platysma,,FMA:45738,,aggregate,unspecified,source-hierarchy-concept
FMA:45881,head of biceps femoris,,FMA:45881,,aggregate,unspecified,source-hierarchy-concept
FMA:45887,long head of biceps femoris,,FMA:45887,,aggregate,unspecified,source-hierarchy-concept
FMA:45890,short head of biceps femoris,,FMA:45890,,aggregate,unspecified,source-hierarchy-concept
FMA:45950,head of gastrocnemius,,FMA:45950,,aggregate,unspecified,source-hierarchy-concept
FMA:45956,medial head of gastrocnemius,,FMA:45956,,aggregate,unspecified,source-hierarchy-concept
FMA:45959,lateral head of gastrocnemius,,FMA:45959,,aggregate,unspecified,source-hierarchy-concept
FMA:45963,head of flexor hallucis brevis,,FMA:45963,,aggregate,unspecified,source-hierarchy-concept
FMA:45969,medial head of flexor hallucis brevis,,FMA:45969,,aggregate,unspecified,source-hierarchy-concept
FMA:45970,lateral head of flexor hallucis brevis,,FMA:45970,,aggregate,unspecified,source-hierarchy-concept
FMA:46012,head of adductor hallucis,,FMA:46012,,aggregate,unspecified,source-hierarchy-concept
FMA:46014,oblique head of adductor hallucis,,FMA:46014,,aggregate,unspecified,source-hierarchy-concept
FMA:46015,transverse head of adductor hallucis,,FMA:46015,,aggregate,unspecified,source-hierarchy-concept
FMA:46104,superficial head of flexor pollicis brevis,,FMA:46104,,aggregate,unspecified,source-hierarchy-concept
FMA:46119,oblique head of adductor pollicis,,FMA:46119,,aggregate,unspecified,source-hierarchy-concept
FMA:46120,transverse head of adductor pollicis,,FMA:46120,,aggregate,unspecified,source-hierarchy-concept
FMA:46279,zone of longus colli,,FMA:46279,,aggregate,unspecified,source-hierarchy-concept
FMA:46280,superior oblique part of longus colli,,FMA:46280,,aggregate,unspecified,source-hierarchy-concept
FMA:46281,inferior oblique part of longus colli,,FMA:46281,,aggregate,unspecified,source-hierarchy-concept
FMA:46282,vertical intermediate part of longus colli,,FMA:46282,,aggregate,unspecified,source-hierarchy-concept
FMA:46290,suprahyoid muscle,,FMA:46290,,aggregate,unspecified,source-hierarchy-concept
FMA:46291,digastric,,FMA:46291,,aggregate,unspecified,source-hierarchy-concept
FMA:46308,longus capitis,,FMA:46308,,aggregate,unspecified,source-hierarchy-concept
FMA:46312,rectus capitis anterior,,FMA:46312,,aggregate,unspecified,source-hierarchy-concept
FMA:46316,rectus capitis lateralis,,FMA:46316,,aggregate,unspecified,source-hierarchy-concept
FMA:46320,mylohyoid,,FMA:46320,,aggregate,unspecified,source-hierarchy-concept
FMA:46325,geniohyoid,,FMA:46325,,aggregate,unspecified,source-hierarchy-concept
FMA:46490,subdivision of mouth,,FMA:46490,,aggregate,unspecified,source-hierarchy-concept
FMA:46562,muscle of larynx,,FMA:46562,,aggregate,unspecified,source-hierarchy-concept
FMA:46576,posterior crico-arytenoid,,FMA:46576,,aggregate,unspecified,source-hierarchy-concept
FMA:46579,lateral crico-arytenoid,,FMA:46579,,aggregate,unspecified,source-hierarchy-concept
FMA:46583,oblique arytenoid,,FMA:46583,,aggregate,unspecified,source-hierarchy-concept
FMA:46588,thyro-arytenoid,,FMA:46588,,aggregate,unspecified,source-hierarchy-concept
FMA:46591,vocalis,,FMA:46591,,aggregate,unspecified,source-hierarchy-concept
FMA:46601,zone of oblique arytenoid,,FMA:46601,,aggregate,unspecified,source-hierarchy-concept
FMA:46602,aryepiglotticus,,FMA:46602,,aggregate,unspecified,source-hierarchy-concept
FMA:46608,zone of cricothyroid,,FMA:46608,,aggregate,unspecified,source-hierarchy-concept
FMA:46609,straight part of cricothyroid,,FMA:46609,,aggregate,unspecified,source-hierarchy-concept
FMA:46610,oblique part of cricothyroid,,FMA:46610,,aggregate,unspecified,source-hierarchy-concept
FMA:46619,muscle of pharynx,,FMA:46619,,aggregate,unspecified,source-hierarchy-concept
FMA:46620,constrictor muscle of pharynx,,FMA:46620,,aggregate,unspecified,source-hierarchy-concept
FMA:46621,superior pharyngeal constrictor,,FMA:46621,,aggregate,unspecified,source-hierarchy-concept
FMA:46622,middle pharyngeal constrictor,,FMA:46622,,aggregate,unspecified,source-hierarchy-concept
FMA:46623,inferior pharyngeal constrictor,,FMA:46623,,aggregate,unspecified,source-hierarchy-concept
FMA:46664,stylopharyngeus,,FMA:46664,,aggregate,unspecified,source-hierarchy-concept
FMA:46665,salpingopharyngeus,,FMA:46665,,aggregate,unspecified,source-hierarchy-concept
FMA:46666,palatopharyngeus,,FMA:46666,,aggregate,unspecified,source-hierarchy-concept
FMA:46689,muscle of tongue,,FMA:46689,,aggregate,unspecified,source-hierarchy-concept
FMA:46690,genioglossus,,FMA:46690,,aggregate,unspecified,source-hierarchy-concept
FMA:46691,hyoglossus,,FMA:46691,,aggregate,unspecified,source-hierarchy-concept
FMA:46699,extrinsic muscle of tongue,,FMA:46699,,aggregate,unspecified,source-hierarchy-concept
FMA:46726,muscle of palate,,FMA:46726,,aggregate,unspecified,source-hierarchy-concept
FMA:46727,levator veli palatini,,FMA:46727,,aggregate,unspecified,source-hierarchy-concept
FMA:46730,tensor veli palatini,,FMA:46730,,aggregate,unspecified,source-hierarchy-concept
FMA:46751,muscle of face,,FMA:46751,,aggregate,unspecified,source-hierarchy-concept
FMA:49033,extra-ocular muscle,,FMA:49033,,aggregate,unspecified,source-hierarchy-concept
FMA:49035,superior rectus,,FMA:49035,,aggregate,unspecified,source-hierarchy-concept
FMA:49036,inferior rectus,,FMA:49036,,aggregate,unspecified,source-hierarchy-concept
FMA:49037,medial rectus,,FMA:49037,,aggregate,unspecified,source-hierarchy-concept
FMA:49038,lateral rectus,,FMA:49038,,aggregate,unspecified,source-hierarchy-concept
FMA:49039,superior oblique,,FMA:49039,,aggregate,unspecified,source-hierarchy-concept
FMA:49040,inferior oblique,,FMA:49040,,aggregate,unspecified,source-hierarchy-concept
FMA:49041,levator palpebrae superioris,,FMA:49041,,aggregate,unspecified,source-hierarchy-concept
FMA:49065,trochlea of superior oblique,,FMA:49065,,aggregate,unspecified,source-hierarchy-concept
FMA:49071,common tendinous ring,,FMA:49071,,aggregate,unspecified,source-hierarchy-concept
FMA:49143,check ligament of lateral rectus,,FMA:49143,,aggregate,unspecified,source-hierarchy-concept
FMA:49146,check ligament of medial rectus,,FMA:49146,,aggregate,unspecified,source-hierarchy-concept
FMA:49443,anatomical cluster,,FMA:49443,,aggregate,unspecified,source-hierarchy-concept
FMA:49868,ophthalmic artery,,FMA:49868,,aggregate,unspecified,source-hierarchy-concept
FMA:49893,coronary artery,,FMA:49893,,aggregate,unspecified,source-hierarchy-concept
FMA:49907,pulmonary venous tree organ,,FMA:49907,,aggregate,unspecified,source-hierarchy-concept
FMA:49908,superior pulmonary vein,,FMA:49908,,aggregate,unspecified,source-hierarchy-concept
FMA:49910,inferior pulmonary vein,,FMA:49910,,aggregate,unspecified,source-hierarchy-concept
FMA:49918,systemic arterial trunk,,FMA:49918,,aggregate,unspecified,source-hierarchy-concept
FMA:50028,anterior cerebral artery,,FMA:50028,,aggregate,unspecified,source-hierarchy-concept
FMA:50031,branch of anterior cerebral artery,,FMA:50031,,aggregate,unspecified,source-hierarchy-concept
FMA:50080,zone of middle cerebral artery,,FMA:50080,,aggregate,unspecified,source-hierarchy-concept
FMA:50081,branch of middle cerebral artery,,FMA:50081,,aggregate,unspecified,source-hierarchy-concept
FMA:50084,posterior communicating artery,,FMA:50084,,aggregate,unspecified,source-hierarchy-concept
FMA:50087,anterior choroidal artery,,FMA:50087,,aggregate,unspecified,source-hierarchy-concept
FMA:50112,branch of anterior choroidal artery,,FMA:50112,,aggregate,unspecified,source-hierarchy-concept
FMA:50119,branch of anterior choroidal artery to posterior limb of internal capsule,,FMA:50119,,aggregate,unspecified,source-hierarchy-concept
FMA:50168,branch of posterior communicating artery,,FMA:50168,,aggregate,unspecified,source-hierarchy-concept
FMA:50185,musculature of subdivision of trunk,,FMA:50185,,aggregate,unspecified,source-hierarchy-concept
FMA:50200,musculature of subdivision of upper limb,,FMA:50200,,aggregate,unspecified,source-hierarchy-concept
FMA:50328,medial frontobasal artery,,FMA:50328,,aggregate,unspecified,source-hierarchy-concept
FMA:50330,callosomarginal artery,,FMA:50330,,aggregate,unspecified,source-hierarchy-concept
FMA:50331,branch of callosomarginal artery,,FMA:50331,,aggregate,unspecified,source-hierarchy-concept
FMA:50333,intermediomedial branch of callosomarginal artery,,FMA:50333,,aggregate,unspecified,source-hierarchy-concept
FMA:50334,posteromedial branch of callosomarginal artery,,FMA:50334,,aggregate,unspecified,source-hierarchy-concept
FMA:50336,paracentral branch of callosomarginal artery,,FMA:50336,,aggregate,unspecified,source-hierarchy-concept
FMA:50337,pericallosal artery,,FMA:50337,,aggregate,unspecified,source-hierarchy-concept
FMA:50338,branch of pericallosal artery,,FMA:50338,,aggregate,unspecified,source-hierarchy-concept
FMA:50339,precuneal branch of pericallosal artery,,FMA:50339,,aggregate,unspecified,source-hierarchy-concept
FMA:50365,sphenoid part of middle cerebral artery,,FMA:50365,,aggregate,unspecified,source-hierarchy-concept
FMA:50368,insular part of middle cerebral artery,,FMA:50368,,aggregate,unspecified,source-hierarchy-concept
FMA:50376,anterolateral central branch of middle cerebral artery,,FMA:50376,,aggregate,unspecified,source-hierarchy-concept
FMA:50379,polar temporal artery,,FMA:50379,,aggregate,unspecified,source-hierarchy-concept
FMA:50382,anterior temporal artery,,FMA:50382,,aggregate,unspecified,source-hierarchy-concept
FMA:50391,musculature of subdivision of free upper limb,,FMA:50391,,aggregate,unspecified,source-hierarchy-concept
FMA:50427,hypothalamic branch of posterior communicating artery,,FMA:50427,,aggregate,unspecified,source-hierarchy-concept
FMA:50436,superior terminal branch of middle cerebral artery,,FMA:50436,,aggregate,unspecified,source-hierarchy-concept
FMA:50437,prefrontal artery,,FMA:50437,,aggregate,unspecified,source-hierarchy-concept
FMA:50438,temporal artery,,FMA:50438,,aggregate,unspecified,source-hierarchy-concept
FMA:50439,inferior terminal branch of middle cerebral artery,,FMA:50439,,aggregate,unspecified,source-hierarchy-concept
FMA:50442,lateral frontobasal artery,,FMA:50442,,aggregate,unspecified,source-hierarchy-concept
FMA:50466,middle temporal branch of middle cerebral artery,,FMA:50466,,aggregate,unspecified,source-hierarchy-concept
FMA:50469,posterior temporal branch of middle cerebral artery,,FMA:50469,,aggregate,unspecified,source-hierarchy-concept
FMA:50472,temporo-occipital branch of middle cerebral artery,,FMA:50472,,aggregate,unspecified,source-hierarchy-concept
FMA:50475,branch of middle cerebral artery to angular gyrus,,FMA:50475,,aggregate,unspecified,source-hierarchy-concept
FMA:50479,artery of precentral sulcus,,FMA:50479,,aggregate,unspecified,source-hierarchy-concept
FMA:50482,artery of postcentral sulcus,,FMA:50482,,aggregate,unspecified,source-hierarchy-concept
FMA:50485,anterior parietal artery,,FMA:50485,,aggregate,unspecified,source-hierarchy-concept
FMA:50488,posterior parietal artery,,FMA:50488,,aggregate,unspecified,source-hierarchy-concept
FMA:50518,posterior inferior cerebellar artery,,FMA:50518,,aggregate,unspecified,source-hierarchy-concept
FMA:50531,anterior spinal artery,,FMA:50531,,aggregate,unspecified,source-hierarchy-concept
FMA:50563,branch of pontine artery,,FMA:50563,,aggregate,unspecified,source-hierarchy-concept
FMA:50564,medial branch of pontine artery,,FMA:50564,,aggregate,unspecified,source-hierarchy-concept
FMA:50565,lateral branch of pontine artery,,FMA:50565,,aggregate,unspecified,source-hierarchy-concept
FMA:50573,superior cerebellar artery,,FMA:50573,,aggregate,unspecified,source-hierarchy-concept
FMA:50576,branch of superior cerebellar artery,,FMA:50576,,aggregate,unspecified,source-hierarchy-concept
FMA:50577,lateral superior cerebellar artery,,FMA:50577,,aggregate,unspecified,source-hierarchy-concept
FMA:50580,medial branch of superior cerebellar artery,,FMA:50580,,aggregate,unspecified,source-hierarchy-concept
FMA:50586,branch of posterior cerebral artery,,FMA:50586,,aggregate,unspecified,source-hierarchy-concept
FMA:50587,posteromedial central branch of posterior cerebral artery,,FMA:50587,,aggregate,unspecified,source-hierarchy-concept
FMA:50589,zone of posterior cerebral artery,,FMA:50589,,aggregate,unspecified,source-hierarchy-concept
FMA:50590,precommunicating part of posterior cerebral artery,,FMA:50590,,aggregate,unspecified,source-hierarchy-concept
FMA:50591,postcommunicating part of posterior cerebral artery,,FMA:50591,,aggregate,unspecified,source-hierarchy-concept
FMA:50624,thalamoperforating artery,,FMA:50624,,aggregate,unspecified,source-hierarchy-concept
FMA:50629,thalamogeniculate artery,,FMA:50629,,aggregate,unspecified,source-hierarchy-concept
FMA:50630,posterior medial choroidal artery,,FMA:50630,,aggregate,unspecified,source-hierarchy-concept
FMA:50633,lateral occipital artery,,FMA:50633,,aggregate,unspecified,source-hierarchy-concept
FMA:50638,medial occipital artery,,FMA:50638,,aggregate,unspecified,source-hierarchy-concept
FMA:50647,branch of lateral occipital artery,,FMA:50647,,aggregate,unspecified,source-hierarchy-concept
FMA:50648,anterior temporal branch of lateral occipital artery,,FMA:50648,,aggregate,unspecified,source-hierarchy-concept
FMA:50649,middle temporal branch of lateral occipital artery,,FMA:50649,,aggregate,unspecified,source-hierarchy-concept
FMA:50651,branch of medial occipital artery,,FMA:50651,,aggregate,unspecified,source-hierarchy-concept
FMA:50652,splenial artery,,FMA:50652,,aggregate,unspecified,source-hierarchy-concept
FMA:50694,branch of medial branch of superior cerebellar artery,,FMA:50694,,aggregate,unspecified,source-hierarchy-concept
FMA:50695,superior vermian branch of medial branch of superior cerebellar artery,,FMA:50695,,aggregate,unspecified,source-hierarchy-concept
FMA:50705,anatomical boundary entity,,FMA:50705,,aggregate,unspecified,source-hierarchy-concept
FMA:50720,artery,,FMA:50720,,aggregate,unspecified,source-hierarchy-concept
FMA:50722,region of vascular tree organ,,FMA:50722,,aggregate,unspecified,source-hierarchy-concept
FMA:50723,vein,,FMA:50723,,aggregate,unspecified,source-hierarchy-concept
FMA:50736,subdivision of pre-hepatic portal vein,,FMA:50736,,aggregate,unspecified,source-hierarchy-concept
FMA:50863,optic nerve,,FMA:50863,,aggregate,unspecified,source-hierarchy-concept
FMA:50865,trochlear nerve,,FMA:50865,,aggregate,unspecified,source-hierarchy-concept
FMA:51041,deep femoral vein,,FMA:51041,,aggregate,unspecified,source-hierarchy-concept
FMA:51048,iliotibial tract,,FMA:51048,,aggregate,unspecified,source-hierarchy-concept
FMA:51061,calcaneal tendon,,FMA:51061,,aggregate,unspecified,source-hierarchy-concept
FMA:51071,flexor digitorum longus,,FMA:51071,,aggregate,unspecified,source-hierarchy-concept
FMA:51099,tibialis posterior,,FMA:51099,,aggregate,unspecified,source-hierarchy-concept
FMA:51141,extensor hallucis brevis,,FMA:51141,,aggregate,unspecified,source-hierarchy-concept
FMA:51886,branch of cerebral arterial circle,,FMA:51886,,aggregate,unspecified,source-hierarchy-concept
FMA:52570,branch of cranial nerve,,FMA:52570,,aggregate,unspecified,source-hierarchy-concept
FMA:52571,branch of oculomotor nerve,,FMA:52571,,aggregate,unspecified,source-hierarchy-concept
FMA:52572,superior branch of oculomotor nerve,,FMA:52572,,aggregate,unspecified,source-hierarchy-concept
FMA:52573,inferior branch of oculomotor nerve,,FMA:52573,,aggregate,unspecified,source-hierarchy-concept
FMA:52607,branch of trigeminal nerve,,FMA:52607,,aggregate,unspecified,source-hierarchy-concept
FMA:52621,ophthalmic nerve,,FMA:52621,,aggregate,unspecified,source-hierarchy-concept
FMA:52624,branch of ophthalmic nerve,,FMA:52624,,aggregate,unspecified,source-hierarchy-concept
FMA:52628,lacrimal nerve,,FMA:52628,,aggregate,unspecified,source-hierarchy-concept
FMA:52638,frontal nerve,,FMA:52638,,aggregate,unspecified,source-hierarchy-concept
FMA:52641,branch of frontal nerve,,FMA:52641,,aggregate,unspecified,source-hierarchy-concept
FMA:52642,supratrochlear nerve,,FMA:52642,,aggregate,unspecified,source-hierarchy-concept
FMA:52655,supra-orbital nerve,,FMA:52655,,aggregate,unspecified,source-hierarchy-concept
FMA:52668,nasociliary nerve,,FMA:52668,,aggregate,unspecified,source-hierarchy-concept
FMA:52671,branch of nasociliary nerve,,FMA:52671,,aggregate,unspecified,source-hierarchy-concept
FMA:52672,communicating branch of nasociliary nerve with ciliary ganglion,,FMA:52672,,aggregate,unspecified,source-hierarchy-concept
FMA:52675,anterior ethmoidal nerve,,FMA:52675,,aggregate,unspecified,source-hierarchy-concept
FMA:52691,long ciliary nerve,,FMA:52691,,aggregate,unspecified,source-hierarchy-concept
FMA:52693,infratrochlear nerve,,FMA:52693,,aggregate,unspecified,source-hierarchy-concept
FMA:52714,posterior ethmoidal nerve,,FMA:52714,,aggregate,unspecified,source-hierarchy-concept
FMA:52737,temporal bone,,FMA:52737,,aggregate,unspecified,source-hierarchy-concept
FMA:52741,lacrimal bone,,FMA:52741,,aggregate,unspecified,source-hierarchy-concept
FMA:52745,nasal bone,,FMA:52745,,aggregate,unspecified,source-hierarchy-concept
FMA:52746,palatine bone,,FMA:52746,,aggregate,unspecified,source-hierarchy-concept
FMA:52747,zygomatic bone,,FMA:52747,,aggregate,unspecified,source-hierarchy-concept
FMA:53667,hair,,FMA:53667,,aggregate,unspecified,source-hierarchy-concept
FMA:54158,tendon of levator palpebrae superioris,,FMA:54158,,aggregate,unspecified,source-hierarchy-concept
FMA:54250,hair of trunk,,FMA:54250,,aggregate,unspecified,source-hierarchy-concept
FMA:54393,subdivision of face,,FMA:54393,,aggregate,unspecified,source-hierarchy-concept
FMA:54736,inferior nasal concha,,FMA:54736,,aggregate,unspecified,source-hierarchy-concept
FMA:54839,interosseous membrane,,FMA:54839,,aggregate,unspecified,source-hierarchy-concept
FMA:54877,subdivision of pharynx,,FMA:54877,,aggregate,unspecified,source-hierarchy-concept
FMA:54921,extrinsic ligament of larynx,,FMA:54921,,aggregate,unspecified,source-hierarchy-concept
FMA:55053,subdivision of laryngopharynx,,FMA:55053,,aggregate,unspecified,source-hierarchy-concept
FMA:55093,submandibular gland,,FMA:55093,,aggregate,unspecified,source-hierarchy-concept
FMA:55107,cartilage organ,,FMA:55107,,aggregate,unspecified,source-hierarchy-concept
FMA:55108,laryngeal cartilage,,FMA:55108,,aggregate,unspecified,source-hierarchy-concept
FMA:55109,arytenoid cartilage,,FMA:55109,,aggregate,unspecified,source-hierarchy-concept
FMA:55110,corniculate cartilage,,FMA:55110,,aggregate,unspecified,source-hierarchy-concept
FMA:55111,cuneiform cartilage,,FMA:55111,,aggregate,unspecified,source-hierarchy-concept
FMA:55131,ligament of larynx,,FMA:55131,,aggregate,unspecified,source-hierarchy-concept
FMA:55132,thyrohyoid membrane,,FMA:55132,,aggregate,unspecified,source-hierarchy-concept
FMA:55135,thyrohyoid ligament,,FMA:55135,,aggregate,unspecified,source-hierarchy-concept
FMA:55139,lateral thyrohyoid ligament,,FMA:55139,,aggregate,unspecified,source-hierarchy-concept
FMA:55226,intrinsic muscle of larynx,,FMA:55226,,aggregate,unspecified,source-hierarchy-concept
FMA:55233,cricothyroid ligament,,FMA:55233,,aggregate,unspecified,source-hierarchy-concept
FMA:55244,vocal ligament,,FMA:55244,,aggregate,unspecified,source-hierarchy-concept
FMA:55250,conus elasticus,,FMA:55250,,aggregate,unspecified,source-hierarchy-concept
FMA:55268,organ zone,,FMA:55268,,aggregate,unspecified,source-hierarchy-concept
FMA:55618,pterygomandibular raphe,,FMA:55618,,aggregate,unspecified,source-hierarchy-concept
FMA:55636,canine tooth,,FMA:55636,,aggregate,unspecified,source-hierarchy-concept
FMA:55637,premolar tooth,,FMA:55637,,aggregate,unspecified,source-hierarchy-concept
FMA:55638,molar tooth,,FMA:55638,,aggregate,unspecified,source-hierarchy-concept
FMA:55652,anatomical set,,FMA:55652,,aggregate,unspecified,source-hierarchy-concept
FMA:55661,parenchymatous organ,,FMA:55661,,aggregate,unspecified,source-hierarchy-concept
FMA:55662,lobular organ,,FMA:55662,,aggregate,unspecified,source-hierarchy-concept
FMA:55663,corticomedullary organ,,FMA:55663,,aggregate,unspecified,source-hierarchy-concept
FMA:55665,nonparenchymatous organ,,FMA:55665,,aggregate,unspecified,source-hierarchy-concept
FMA:55670,solid organ,,FMA:55670,,aggregate,unspecified,source-hierarchy-concept
FMA:55671,cavitated organ,,FMA:55671,,aggregate,unspecified,source-hierarchy-concept
FMA:55672,organ with organ cavity,,FMA:55672,,aggregate,unspecified,source-hierarchy-concept
FMA:55673,organ with cavitated organ parts,,FMA:55673,,aggregate,unspecified,source-hierarchy-concept
FMA:55676,segment of brain,,FMA:55676,,aggregate,unspecified,source-hierarchy-concept
FMA:55677,hollow tree organ,,FMA:55677,,aggregate,unspecified,source-hierarchy-concept
FMA:55712,upper secondary incisor tooth,,FMA:55712,,aggregate,unspecified,source-hierarchy-concept
FMA:55713,lower secondary incisor tooth,,FMA:55713,,aggregate,unspecified,source-hierarchy-concept
FMA:55714,upper secondary canine tooth,,FMA:55714,,aggregate,unspecified,source-hierarchy-concept
FMA:55715,lower secondary canine tooth,,FMA:55715,,aggregate,unspecified,source-hierarchy-concept
FMA:55716,upper secondary premolar tooth,,FMA:55716,,aggregate,unspecified,source-hierarchy-concept
FMA:55717,lower secondary premolar tooth,,FMA:55717,,aggregate,unspecified,source-hierarchy-concept
FMA:55720,upper secondary molar tooth,,FMA:55720,,aggregate,unspecified,source-hierarchy-concept
FMA:55721,lower secondary molar tooth,,FMA:55721,,aggregate,unspecified,source-hierarchy-concept
FMA:55722,upper central secondary incisor tooth,,FMA:55722,,aggregate,unspecified,source-hierarchy-concept
FMA:55723,lower central secondary incisor tooth,,FMA:55723,,aggregate,unspecified,source-hierarchy-concept
FMA:55724,upper lateral secondary incisor tooth,,FMA:55724,,aggregate,unspecified,source-hierarchy-concept
FMA:55725,lower lateral secondary incisor tooth,,FMA:55725,,aggregate,unspecified,source-hierarchy-concept
FMA:55801,upper first secondary premolar tooth,,FMA:55801,,aggregate,unspecified,source-hierarchy-concept
FMA:55802,upper second secondary premolar tooth,,FMA:55802,,aggregate,unspecified,source-hierarchy-concept
FMA:55803,lower first secondary premolar tooth,,FMA:55803,,aggregate,unspecified,source-hierarchy-concept
FMA:55804,lower second secondary premolar tooth,,FMA:55804,,aggregate,unspecified,source-hierarchy-concept
FMA:55811,upper first secondary molar tooth,,FMA:55811,,aggregate,unspecified,source-hierarchy-concept
FMA:55812,upper second secondary molar tooth,,FMA:55812,,aggregate,unspecified,source-hierarchy-concept
FMA:55814,lower first secondary molar tooth,,FMA:55814,,aggregate,unspecified,source-hierarchy-concept
FMA:55815,lower second secondary molar tooth,,FMA:55815,,aggregate,unspecified,source-hierarchy-concept
FMA:57965,zone of investing fascia,,FMA:57965,,aggregate,unspecified,source-hierarchy-concept
FMA:58071,chamber of eyeball,,FMA:58071,,aggregate,unspecified,source-hierarchy-concept
FMA:58078,anterior chamber of eyeball,,FMA:58078,,aggregate,unspecified,source-hierarchy-concept
FMA:58101,layer of wall of eyeball,,FMA:58101,,aggregate,unspecified,source-hierarchy-concept
FMA:58102,fibrous layer of eyeball,,FMA:58102,,aggregate,unspecified,source-hierarchy-concept
FMA:58235,iris,,FMA:58235,,aggregate,unspecified,source-hierarchy-concept
FMA:58238,cornea,,FMA:58238,,aggregate,unspecified,source-hierarchy-concept
FMA:58241,lens,,FMA:58241,,aggregate,unspecified,source-hierarchy-concept
FMA:58245,lacrimal canaliculus,,FMA:58245,,aggregate,unspecified,source-hierarchy-concept
FMA:58269,sclera,,FMA:58269,,aggregate,unspecified,source-hierarchy-concept
FMA:58274,muscle of trunk,,FMA:58274,,aggregate,unspecified,source-hierarchy-concept
FMA:58298,choroid,,FMA:58298,,aggregate,unspecified,source-hierarchy-concept
FMA:58420,zone of investing fascia of free lower limb,,FMA:58420,,aggregate,unspecified,source-hierarchy-concept
FMA:58421,zone of investing fascia of lower limb,,FMA:58421,,aggregate,unspecified,source-hierarchy-concept
FMA:58431,corona ciliaris,,FMA:58431,,aggregate,unspecified,source-hierarchy-concept
FMA:58479,region of ciliary body,,FMA:58479,,aggregate,unspecified,source-hierarchy-concept
FMA:58599,region of retina,,FMA:58599,,aggregate,unspecified,source-hierarchy-concept
FMA:58604,optic part of retina,,FMA:58604,,aggregate,unspecified,source-hierarchy-concept
FMA:58741,zone of investing fascia of thigh,,FMA:58741,,aggregate,unspecified,source-hierarchy-concept
FMA:58775,zone of fascia lata,,FMA:58775,,aggregate,unspecified,source-hierarchy-concept
FMA:58817,subdivision of head proper,,FMA:58817,,aggregate,unspecified,source-hierarchy-concept
FMA:58827,vitreous body,,FMA:58827,,aggregate,unspecified,source-hierarchy-concept
FMA:58838,suspensory ligament of lens,,FMA:58838,,aggregate,unspecified,source-hierarchy-concept
FMA:59086,tarsal plate of eyelid,,FMA:59086,,aggregate,unspecified,source-hierarchy-concept
FMA:59087,tarsal plate of upper eyelid,,FMA:59087,,aggregate,unspecified,source-hierarchy-concept
FMA:59088,tarsal plate of lower eyelid,,FMA:59088,,aggregate,unspecified,source-hierarchy-concept
FMA:59101,lacrimal gland,,FMA:59101,,aggregate,unspecified,source-hierarchy-concept
FMA:59402,lacrimal lake,,FMA:59402,,aggregate,unspecified,source-hierarchy-concept
FMA:59502,nasal cartilage,,FMA:59502,,aggregate,unspecified,source-hierarchy-concept
FMA:59504,major alar cartilage,,FMA:59504,,aggregate,unspecified,source-hierarchy-concept
FMA:59511,lateral nasal cartilage,,FMA:59511,,aggregate,unspecified,source-hierarchy-concept
FMA:59762,gingiva,,FMA:59762,,aggregate,unspecified,source-hierarchy-concept
FMA:59788,major salivary gland,,FMA:59788,,aggregate,unspecified,source-hierarchy-concept
FMA:59791,sublingual gland,,FMA:59791,,aggregate,unspecified,source-hierarchy-concept
FMA:61284,neural tree organ,,FMA:61284,,aggregate,unspecified,source-hierarchy-concept
FMA:61708,subdivision of auriculotemporal part of head,,FMA:61708,,aggregate,unspecified,source-hierarchy-concept
FMA:61775,physical anatomical entity,,FMA:61775,,aggregate,unspecified,source-hierarchy-concept
FMA:61815,cardinal segment of brain,,FMA:61815,,aggregate,unspecified,source-hierarchy-concept
FMA:61820,segment of cerebral hemisphere,,FMA:61820,,aggregate,unspecified,source-hierarchy-concept
FMA:61823,lobe of cerebral hemisphere,,FMA:61823,,aggregate,unspecified,source-hierarchy-concept
FMA:61833,caudate nucleus,,FMA:61833,,aggregate,unspecified,source-hierarchy-concept
FMA:61834,putamen,,FMA:61834,,aggregate,unspecified,source-hierarchy-concept
FMA:61835,globus pallidus,,FMA:61835,,aggregate,unspecified,source-hierarchy-concept
FMA:61841,amygdala,,FMA:61841,,aggregate,unspecified,source-hierarchy-concept
FMA:61857,superior frontal gyrus,,FMA:61857,,aggregate,unspecified,source-hierarchy-concept
FMA:61859,middle frontal gyrus,,FMA:61859,,aggregate,unspecified,source-hierarchy-concept
FMA:61860,inferior frontal gyrus,,FMA:61860,,aggregate,unspecified,source-hierarchy-concept
FMA:61894,precentral gyrus,,FMA:61894,,aggregate,unspecified,source-hierarchy-concept
FMA:61896,postcentral gyrus,,FMA:61896,,aggregate,unspecified,source-hierarchy-concept
FMA:61897,supramarginal gyrus,,FMA:61897,,aggregate,unspecified,source-hierarchy-concept
FMA:61898,angular gyrus,,FMA:61898,,aggregate,unspecified,source-hierarchy-concept
FMA:61899,superior parietal lobule,,FMA:61899,,aggregate,unspecified,source-hierarchy-concept
FMA:61906,middle temporal gyrus,,FMA:61906,,aggregate,unspecified,source-hierarchy-concept
FMA:61907,inferior temporal gyrus,,FMA:61907,,aggregate,unspecified,source-hierarchy-concept
FMA:61908,fusiform gyrus,,FMA:61908,,aggregate,unspecified,source-hierarchy-concept
FMA:61918,parahippocampal gyrus,,FMA:61918,,aggregate,unspecified,source-hierarchy-concept
FMA:61950,internal capsule,,FMA:61950,,aggregate,unspecified,source-hierarchy-concept
FMA:61965,fornix of forebrain,,FMA:61965,,aggregate,unspecified,source-hierarchy-concept
FMA:61996,segment of forebrain,,FMA:61996,,aggregate,unspecified,source-hierarchy-concept
FMA:61997,segment of midbrain,,FMA:61997,,aggregate,unspecified,source-hierarchy-concept
FMA:61998,segment of hindbrain,,FMA:61998,,aggregate,unspecified,source-hierarchy-concept
FMA:62007,thalamus,,FMA:62007,,aggregate,unspecified,source-hierarchy-concept
FMA:62046,optic tract,,FMA:62046,,aggregate,unspecified,source-hierarchy-concept
FMA:62080,stria medullaris of thalamus,,FMA:62080,,aggregate,unspecified,source-hierarchy-concept
FMA:62209,lateral geniculate body,,FMA:62209,,aggregate,unspecified,source-hierarchy-concept
FMA:62211,medial geniculate body,,FMA:62211,,aggregate,unspecified,source-hierarchy-concept
FMA:62374,segment of telencephalon,,FMA:62374,,aggregate,unspecified,source-hierarchy-concept
FMA:62398,segment of midbrain tectum,,FMA:62398,,aggregate,unspecified,source-hierarchy-concept
FMA:62403,superior colliculus,,FMA:62403,,aggregate,unspecified,source-hierarchy-concept
FMA:62404,inferior colliculus,,FMA:62404,,aggregate,unspecified,source-hierarchy-concept
FMA:62434,cingulate gyrus,,FMA:62434,,aggregate,unspecified,source-hierarchy-concept
FMA:62445,commissure of diencephalon,,FMA:62445,,aggregate,unspecified,source-hierarchy-concept
FMA:62466,capsule of cerebral hemisphere,,FMA:62466,,aggregate,unspecified,source-hierarchy-concept
FMA:62493,hippocampus,,FMA:62493,,aggregate,unspecified,source-hierarchy-concept
FMA:62504,tributary of deep palmar venous arch,,FMA:62504,,aggregate,unspecified,source-hierarchy-concept
FMA:62512,trunk of systemic vein,,FMA:62512,,aggregate,unspecified,source-hierarchy-concept
FMA:62514,basal ganglion of telencephalon,,FMA:62514,,aggregate,unspecified,source-hierarchy-concept
FMA:62955,anatomical entity,,FMA:62955,,aggregate,unspecified,source-hierarchy-concept
FMA:63812,set of arteries,,FMA:63812,,aggregate,unspecified,source-hierarchy-concept
FMA:63814,set of veins,,FMA:63814,,aggregate,unspecified,source-hierarchy-concept
FMA:64796,region of serous membrane,,FMA:64796,,aggregate,unspecified,source-hierarchy-concept
FMA:64822,superficial muscle of neck,,FMA:64822,,aggregate,unspecified,source-hierarchy-concept
FMA:64829,scalene muscle,,FMA:64829,,aggregate,unspecified,source-hierarchy-concept
FMA:64875,anterior suboccipital muscle,,FMA:64875,,aggregate,unspecified,source-hierarchy-concept
FMA:64916,thenar muscle,,FMA:64916,,aggregate,unspecified,source-hierarchy-concept
FMA:64917,hypothenar muscle,,FMA:64917,,aggregate,unspecified,source-hierarchy-concept
FMA:64922,gluteal muscle,,FMA:64922,,aggregate,unspecified,source-hierarchy-concept
FMA:64989,heterogeneous cluster,,FMA:64989,,aggregate,unspecified,source-hierarchy-concept
FMA:64990,organ part cluster,,FMA:64990,,aggregate,unspecified,source-hierarchy-concept
FMA:65004,superficial muscle of posterior compartment of leg,,FMA:65004,,aggregate,unspecified,source-hierarchy-concept
FMA:65008,deep muscle of posterior compartment of leg,,FMA:65008,,aggregate,unspecified,source-hierarchy-concept
FMA:65020,intrinsic muscle of foot,,FMA:65020,,aggregate,unspecified,source-hierarchy-concept
FMA:65045,intrinsic muscle of dorsum of foot,,FMA:65045,,aggregate,unspecified,source-hierarchy-concept
FMA:65046,intrinsic muscle of plantar part of foot,,FMA:65046,,aggregate,unspecified,source-hierarchy-concept
FMA:65132,nerve,,FMA:65132,,aggregate,unspecified,source-hierarchy-concept
FMA:65410,intermediate tendon,,FMA:65410,,aggregate,unspecified,source-hierarchy-concept
FMA:65539,subdivision of parasympathetic nervous system,,FMA:65539,,aggregate,unspecified,source-hierarchy-concept
FMA:65551,subdivisionof autonomic nervous system,,FMA:65551,,aggregate,unspecified,source-hierarchy-concept
FMA:66241,first posterior intercostal artery,,FMA:66241,,aggregate,unspecified,source-hierarchy-concept
FMA:66267,variant systemic artery,,FMA:66267,,aggregate,unspecified,source-hierarchy-concept
FMA:66320,thoracodorsal artery,,FMA:66320,,aggregate,unspecified,source-hierarchy-concept
FMA:66326,pulmonary artery,,FMA:66326,,aggregate,unspecified,source-hierarchy-concept
FMA:66327,branch of right coronary artery,,FMA:66327,,aggregate,right,source-hierarchy-concept
FMA:66328,branch of left coronary artery,,FMA:66328,,aggregate,left,source-hierarchy-concept
FMA:66332,zone of artery,,FMA:66332,,aggregate,unspecified,source-hierarchy-concept
FMA:66362,trunk of renal artery,,FMA:66362,,aggregate,unspecified,source-hierarchy-concept
FMA:66464,systemic artery,,FMA:66464,,aggregate,unspecified,source-hierarchy-concept
FMA:66562,trunk of thoraco-acromial artery,,FMA:66562,,aggregate,unspecified,source-hierarchy-concept
FMA:66643,pulmonary vein,,FMA:66643,,aggregate,unspecified,source-hierarchy-concept
FMA:66644,systemic vein,,FMA:66644,,aggregate,unspecified,source-hierarchy-concept
FMA:66645,portal vein,,FMA:66645,,aggregate,unspecified,source-hierarchy-concept
FMA:67112,immaterial anatomical entity,,FMA:67112,,aggregate,unspecified,source-hierarchy-concept
FMA:67135,anatomical structure,,FMA:67135,,aggregate,unspecified,source-hierarchy-concept
FMA:67165,material anatomical entity,,FMA:67165,,aggregate,unspecified,source-hierarchy-concept
FMA:67242,gray matter of neuraxis,,FMA:67242,,aggregate,unspecified,source-hierarchy-concept
FMA:67325,occipital lobe,,FMA:67325,,aggregate,unspecified,source-hierarchy-concept
FMA:67329,insula,,FMA:67329,,aggregate,unspecified,source-hierarchy-concept
FMA:67396,articular disk of symphysis,,FMA:67396,,aggregate,unspecified,source-hierarchy-concept
FMA:67498,organ,,FMA:67498,,aggregate,unspecified,source-hierarchy-concept
FMA:67504,subdivision of cardinal body part,,FMA:67504,,aggregate,unspecified,source-hierarchy-concept
FMA:67536,cardinal tissue part,,FMA:67536,,aggregate,unspecified,source-hierarchy-concept
FMA:67538,subdivision of epithelium,,FMA:67538,,aggregate,unspecified,source-hierarchy-concept
FMA:67552,anatomical cavity,,FMA:67552,,aggregate,unspecified,source-hierarchy-concept
FMA:67598,leaf of cardiac valve,,FMA:67598,,aggregate,unspecified,source-hierarchy-concept
FMA:67601,process of organ,,FMA:67601,,aggregate,unspecified,source-hierarchy-concept
FMA:67619,organ region,,FMA:67619,,aggregate,unspecified,source-hierarchy-concept
FMA:67942,segment of metencephalon,,FMA:67942,,aggregate,unspecified,source-hierarchy-concept
FMA:67950,stria of telencephalon,,FMA:67950,,aggregate,unspecified,source-hierarchy-concept
FMA:67951,lamina of cerebral hemisphere,,FMA:67951,,aggregate,unspecified,source-hierarchy-concept
FMA:67957,segment of gyrus of cerebral hemisphere,,FMA:67957,,aggregate,unspecified,source-hierarchy-concept
FMA:67977,dorsal venous network of hand,,FMA:67977,,aggregate,unspecified,source-hierarchy-concept
FMA:68045,segment of thoracic aorta,,FMA:68045,,aggregate,unspecified,source-hierarchy-concept
FMA:68192,lobar artery,,FMA:68192,,aggregate,unspecified,source-hierarchy-concept
FMA:68208,pulmonary segment of bronchial tree,,FMA:68208,,aggregate,unspecified,source-hierarchy-concept
FMA:68219,anterior basal segmental bronchial tree,,FMA:68219,,aggregate,unspecified,source-hierarchy-concept
FMA:68229,posterior basal segmental bronchial tree,,FMA:68229,,aggregate,unspecified,source-hierarchy-concept
FMA:68234,apical segmental bronchial tree,,FMA:68234,,aggregate,unspecified,source-hierarchy-concept
FMA:68235,anterior segmental bronchial tree,,FMA:68235,,aggregate,unspecified,source-hierarchy-concept
FMA:68236,posterior segmental bronchial tree,,FMA:68236,,aggregate,unspecified,source-hierarchy-concept
FMA:68237,superior segmental bronchial tree,,FMA:68237,,aggregate,unspecified,source-hierarchy-concept
FMA:68238,basal segmental bronchial tree,,FMA:68238,,aggregate,unspecified,source-hierarchy-concept
FMA:68320,medial basal segmental bronchial tree,,FMA:68320,,aggregate,unspecified,source-hierarchy-concept
FMA:68322,lateral basal segmental bronchial tree,,FMA:68322,,aggregate,unspecified,source-hierarchy-concept
FMA:68661,apical part of apical segmental artery,,FMA:68661,,aggregate,unspecified,source-hierarchy-concept
FMA:68664,anterior part of apical segmental artery,,FMA:68664,,aggregate,unspecified,source-hierarchy-concept
FMA:68667,subsegmental part of apical segmental artery,,FMA:68667,,aggregate,unspecified,source-hierarchy-concept
FMA:68668,subsegmental part of posterior segmental artery,,FMA:68668,,aggregate,unspecified,source-hierarchy-concept
FMA:68669,apical part of posterior segmental artery,,FMA:68669,,aggregate,unspecified,source-hierarchy-concept
FMA:68672,posterior part of posterior segmental artery,,FMA:68672,,aggregate,unspecified,source-hierarchy-concept
FMA:68675,subsegmental part of anterior segmental artery,,FMA:68675,,aggregate,unspecified,source-hierarchy-concept
FMA:68676,posterior part of anterior segmental artery,,FMA:68676,,aggregate,unspecified,source-hierarchy-concept
FMA:68682,anterior branch of anterior segmental artery,,FMA:68682,,aggregate,unspecified,source-hierarchy-concept
FMA:68689,subsegmental part of lateral segmental artery,,FMA:68689,,aggregate,unspecified,source-hierarchy-concept
FMA:68692,subsegmental part of medial segmental artery,,FMA:68692,,aggregate,unspecified,source-hierarchy-concept
FMA:68704,medial branch of superior segmental artery,,FMA:68704,,aggregate,unspecified,source-hierarchy-concept
FMA:68705,subsegmental part of superior segmental artery,,FMA:68705,,aggregate,unspecified,source-hierarchy-concept
FMA:68708,superior branch of superior segmental artery,,FMA:68708,,aggregate,unspecified,source-hierarchy-concept
FMA:68711,lateral branch of superior segmental artery,,FMA:68711,,aggregate,unspecified,source-hierarchy-concept
FMA:68720,subsegmental part of anterior basal segmental artery,,FMA:68720,,aggregate,unspecified,source-hierarchy-concept
FMA:68721,lateral branch of anterior basal segmental artery,,FMA:68721,,aggregate,unspecified,source-hierarchy-concept
FMA:68722,basal branch of anterior basal segmental artery,,FMA:68722,,aggregate,unspecified,source-hierarchy-concept
FMA:68727,subsegmental part of lateral basal segmental artery,,FMA:68727,,aggregate,unspecified,source-hierarchy-concept
FMA:68733,subsegmental part of posterior basal segmental artery,,FMA:68733,,aggregate,unspecified,source-hierarchy-concept
FMA:68734,accessory subsuperior branch of posterior basal segmental artery,,FMA:68734,,aggregate,unspecified,source-hierarchy-concept
FMA:68737,laterobasal branch of posterior basal segmental artery,,FMA:68737,,aggregate,unspecified,source-hierarchy-concept
FMA:68740,mediobasal branch of posterior basal segmental artery,,FMA:68740,,aggregate,unspecified,source-hierarchy-concept
FMA:68878,trunk of segmental pulmonary vein,,FMA:68878,,aggregate,unspecified,source-hierarchy-concept
FMA:68879,trunk of apical segmental vein,,FMA:68879,,aggregate,unspecified,source-hierarchy-concept
FMA:68919,apical part of apical segmental vein,,FMA:68919,,aggregate,unspecified,source-hierarchy-concept
FMA:68920,anterior part of apical segmental vein,,FMA:68920,,aggregate,unspecified,source-hierarchy-concept
FMA:69264,inferior suprarenal artery,,FMA:69264,,aggregate,unspecified,source-hierarchy-concept
FMA:69418,trunk of branch of popliteal artery,,FMA:69418,,aggregate,unspecified,source-hierarchy-concept
FMA:69458,subdivision of external iliac artery,,FMA:69458,,aggregate,unspecified,source-hierarchy-concept
FMA:69459,subdivision of deep femoral artery,,FMA:69459,,aggregate,unspecified,source-hierarchy-concept
FMA:69476,subdivision of anterior tibial artery,,FMA:69476,,aggregate,unspecified,source-hierarchy-concept
FMA:69513,deep plantar artery,,FMA:69513,,aggregate,unspecified,source-hierarchy-concept
FMA:69559,zone of trunk of lateral plantar artery,,FMA:69559,,aggregate,unspecified,source-hierarchy-concept
FMA:69713,digital artery of foot,,FMA:69713,,aggregate,unspecified,source-hierarchy-concept
FMA:69784,branch of posterior tibial artery,,FMA:69784,,aggregate,unspecified,source-hierarchy-concept
FMA:69796,subdivision of internal iliac artery,,FMA:69796,,aggregate,unspecified,source-hierarchy-concept
FMA:69803,subdivision of anterior division of internal iliac artery,,FMA:69803,,aggregate,unspecified,source-hierarchy-concept
FMA:69805,subdivision of internal pudendal artery,,FMA:69805,,aggregate,unspecified,source-hierarchy-concept
FMA:70247,subdivision of external iliac artery proper,,FMA:70247,,aggregate,unspecified,source-hierarchy-concept
FMA:70248,femoral artery,,FMA:70248,,aggregate,unspecified,source-hierarchy-concept
FMA:70251,subdivision of femoral artery,,FMA:70251,,aggregate,unspecified,source-hierarchy-concept
FMA:70345,subdivision of subclavian artery,,FMA:70345,,aggregate,unspecified,source-hierarchy-concept
FMA:70353,subdivision of thyrocervical artery,,FMA:70353,,aggregate,unspecified,source-hierarchy-concept
FMA:70358,subdivision of internal thoracic artery,,FMA:70358,,aggregate,unspecified,source-hierarchy-concept
FMA:70399,subdivision of costocervical artery,,FMA:70399,,aggregate,unspecified,source-hierarchy-concept
FMA:70408,subdivision of thoraco-acromial artery,,FMA:70408,,aggregate,unspecified,source-hierarchy-concept
FMA:70422,subdivision of subscapular artery,,FMA:70422,,aggregate,unspecified,source-hierarchy-concept
FMA:70429,subdivision of celiac artery,,FMA:70429,,aggregate,unspecified,source-hierarchy-concept
FMA:70433,subdivision of common hepatic artery,,FMA:70433,,aggregate,unspecified,source-hierarchy-concept
FMA:70436,subdivision of gastroduodenal artery,,FMA:70436,,aggregate,unspecified,source-hierarchy-concept
FMA:70437,superior pancreaticoduodenal artery,,FMA:70437,,aggregate,unspecified,source-hierarchy-concept
FMA:70439,subdivision of right hepatic artery,,FMA:70439,,aggregate,right,source-hierarchy-concept
FMA:70440,subdivision of left hepatic artery,,FMA:70440,,aggregate,left,source-hierarchy-concept
FMA:70470,subdivision of splenic artery,,FMA:70470,,aggregate,unspecified,source-hierarchy-concept
FMA:70471,pancreatic artery,,FMA:70471,,aggregate,unspecified,source-hierarchy-concept
FMA:70478,subdivision of superior mesenteric artery,,FMA:70478,,aggregate,unspecified,source-hierarchy-concept
FMA:70481,subdivision of inferior pancreaticoduodenal artery,,FMA:70481,,aggregate,unspecified,source-hierarchy-concept
FMA:70483,subdivision of inferior mesenteric artery,,FMA:70483,,aggregate,unspecified,source-hierarchy-concept
FMA:70484,segment of renal artery,,FMA:70484,,aggregate,unspecified,source-hierarchy-concept
FMA:70485,anterior division of renal artery,,FMA:70485,,aggregate,unspecified,source-hierarchy-concept
FMA:70488,posterior division of renal artery,,FMA:70488,,aggregate,unspecified,source-hierarchy-concept
FMA:70491,ureteric segment of renal artery,,FMA:70491,,aggregate,unspecified,source-hierarchy-concept
FMA:70494,segmental renal artery,,FMA:70494,,aggregate,unspecified,source-hierarchy-concept
FMA:70499,superior segmental renal artery,,FMA:70499,,aggregate,unspecified,source-hierarchy-concept
FMA:70502,inferior segmental renal artery,,FMA:70502,,aggregate,unspecified,source-hierarchy-concept
FMA:70503,posterior segmental renal artery,,FMA:70503,,aggregate,unspecified,source-hierarchy-concept
FMA:70504,subdivision of common carotid artery,,FMA:70504,,aggregate,unspecified,source-hierarchy-concept
FMA:70506,subdivision of internal carotid artery,,FMA:70506,,aggregate,unspecified,source-hierarchy-concept
FMA:70523,subdivision of cerebral part of internal carotid artery,,FMA:70523,,aggregate,unspecified,source-hierarchy-concept
FMA:70593,subdivision of epidermis,,FMA:70593,,aggregate,unspecified,source-hierarchy-concept
FMA:70676,subdivision of superior temporal gyrus,,FMA:70676,,aggregate,unspecified,source-hierarchy-concept
FMA:70701,anterior part of superior temporal gyrus,,FMA:70701,,aggregate,unspecified,source-hierarchy-concept
FMA:70703,posterior part of superior temporal gyrus,,FMA:70703,,aggregate,unspecified,source-hierarchy-concept
FMA:70741,set of facial hairs,,FMA:70741,,aggregate,unspecified,source-hierarchy-concept
FMA:70752,set of hairs,,FMA:70752,,aggregate,unspecified,source-hierarchy-concept
FMA:70779,set of organs,,FMA:70779,,aggregate,unspecified,source-hierarchy-concept
FMA:71012,skin appendage,,FMA:71012,,aggregate,unspecified,source-hierarchy-concept
FMA:71114,brachium of inferior colliculus,,FMA:71114,,aggregate,unspecified,source-hierarchy-concept
FMA:71193,lobe of thymus,,FMA:71193,,aggregate,unspecified,source-hierarchy-concept
FMA:71209,tributary of axillary vein,,FMA:71209,,aggregate,unspecified,source-hierarchy-concept
FMA:71210,lateral thoracic vein,,FMA:71210,,aggregate,unspecified,source-hierarchy-concept
FMA:71213,thoracodorsal vein,,FMA:71213,,aggregate,unspecified,source-hierarchy-concept
FMA:71235,region of dura mater,,FMA:71235,,aggregate,unspecified,source-hierarchy-concept
FMA:71313,set of levatores costarum longi,,FMA:71313,,aggregate,unspecified,source-hierarchy-concept
FMA:71314,set of levatores costarum breves,,FMA:71314,,aggregate,unspecified,source-hierarchy-concept
FMA:71318,set of lumbricals of hand,,FMA:71318,,aggregate,unspecified,source-hierarchy-concept
FMA:71319,set of dorsal interossei of hand,,FMA:71319,,aggregate,unspecified,source-hierarchy-concept
FMA:71320,set of palmar interossei of hand,,FMA:71320,,aggregate,unspecified,source-hierarchy-concept
FMA:71709,subdivision of right lobe branch of right hepatic artery,,FMA:71709,,aggregate,right,source-hierarchy-concept
FMA:71736,subdivision of left lobe branch of left hepatic artery,,FMA:71736,,aggregate,left,source-hierarchy-concept
FMA:71856,segment of biliary tree,,FMA:71856,,aggregate,unspecified,source-hierarchy-concept
FMA:71859,segment of right hepatic biliary tree,,FMA:71859,,aggregate,right,source-hierarchy-concept
FMA:71860,segment of left hepatic biliary tree,,FMA:71860,,aggregate,left,source-hierarchy-concept
FMA:71865,segmental tributary of right hepatic biliary tree,,FMA:71865,,aggregate,right,source-hierarchy-concept
FMA:71866,segmental tributary of left hepatic biliary tree,,FMA:71866,,aggregate,left,source-hierarchy-concept
FMA:71903,subdivision of hepatic portal vein,,FMA:71903,,aggregate,unspecified,source-hierarchy-concept
FMA:71905,subdivision of right hepatic portal vein,,FMA:71905,,aggregate,right,source-hierarchy-concept
FMA:71906,subdivision of left hepatic portal vein,,FMA:71906,,aggregate,left,source-hierarchy-concept
FMA:71907,trunk of branch of hepatic portal vein,,FMA:71907,,aggregate,unspecified,source-hierarchy-concept
FMA:72058,intrinsic ligament of larynx,,FMA:72058,,aggregate,unspecified,source-hierarchy-concept
FMA:72308,stylohyoid ligament,,FMA:72308,,aggregate,unspecified,source-hierarchy-concept
FMA:72417,brachium of superior colliculus,,FMA:72417,,aggregate,unspecified,source-hierarchy-concept
FMA:73203,trunk of subdivision of axillary artery,,FMA:73203,,aggregate,unspecified,source-hierarchy-concept
FMA:73204,trunk of branch of common iliac artery,,FMA:73204,,aggregate,unspecified,source-hierarchy-concept
FMA:74779,musculature of chest,,FMA:74779,,aggregate,unspecified,source-hierarchy-concept
FMA:74866,zone of diencephalon,,FMA:74866,,aggregate,unspecified,source-hierarchy-concept
FMA:75445,membrane organ component,,FMA:75445,,aggregate,unspecified,source-hierarchy-concept
FMA:75865,trunk of branch of internal carotid artery,,FMA:75865,,aggregate,unspecified,source-hierarchy-concept
FMA:76107,trunk of branch of middle cerebral artery,,FMA:76107,,aggregate,unspecified,source-hierarchy-concept
FMA:76127,trunk of inferior terminal branch of middle cerebral artery,,FMA:76127,,aggregate,unspecified,source-hierarchy-concept
FMA:76259,branch of vertebral artery,,FMA:76259,,aggregate,unspecified,source-hierarchy-concept
FMA:76264,intracranial branch of vertebral artery,,FMA:76264,,aggregate,unspecified,source-hierarchy-concept
FMA:76269,branch of basilar artery,,FMA:76269,,aggregate,unspecified,source-hierarchy-concept
FMA:76301,trunk of branch of subclavian artery,,FMA:76301,,aggregate,unspecified,source-hierarchy-concept
FMA:76547,trunk of branch of common hepatic artery,,FMA:76547,,aggregate,unspecified,source-hierarchy-concept
FMA:76582,trunk of hepatic artery,,FMA:76582,,aggregate,unspecified,source-hierarchy-concept
FMA:76998,supreme intercostal artery,,FMA:76998,,aggregate,unspecified,source-hierarchy-concept
FMA:77140,ulnar recurrent artery,,FMA:77140,,aggregate,unspecified,source-hierarchy-concept
FMA:77144,recurrent interosseous artery,,FMA:77144,,aggregate,unspecified,source-hierarchy-concept
FMA:77155,popliteal artery,,FMA:77155,,aggregate,unspecified,source-hierarchy-concept
FMA:77177,iliocostalis,,FMA:77177,,aggregate,unspecified,source-hierarchy-concept
FMA:77178,longissimus,,FMA:77178,,aggregate,unspecified,source-hierarchy-concept
FMA:77180,splenius,,FMA:77180,,aggregate,unspecified,source-hierarchy-concept
FMA:77498,circumflex scapular vein,,FMA:77498,,aggregate,unspecified,source-hierarchy-concept
FMA:77499,anterior circumflex humeral vein,,FMA:77499,,aggregate,unspecified,source-hierarchy-concept
FMA:77883,subdivision of brachiocephalic vein,,FMA:77883,,aggregate,unspecified,source-hierarchy-concept
FMA:77884,subdivision of subclavian vein,,FMA:77884,,aggregate,unspecified,source-hierarchy-concept
FMA:78021,medial brachial vein,,FMA:78021,,aggregate,unspecified,source-hierarchy-concept
FMA:78048,subdivision of superior vena caval tree,,FMA:78048,,aggregate,unspecified,source-hierarchy-concept
FMA:78049,subdivision of inferior vena caval tree,,FMA:78049,,aggregate,unspecified,source-hierarchy-concept
FMA:78204,subdivision of external iliac vein,,FMA:78204,,aggregate,unspecified,source-hierarchy-concept
FMA:78207,tributary of basilic vein,,FMA:78207,,aggregate,unspecified,source-hierarchy-concept
FMA:78447,region of ventricular system of brain,,FMA:78447,,aggregate,unspecified,source-hierarchy-concept
FMA:78448,lateral ventricle,,FMA:78448,,aggregate,unspecified,source-hierarchy-concept
FMA:78562,set of organ regions,,FMA:78562,,aggregate,unspecified,source-hierarchy-concept
FMA:78590,set of heterogeneous clusters,,FMA:78590,,aggregate,unspecified,source-hierarchy-concept
FMA:79615,branch of postcommunicating part of anterior cerebral artery,,FMA:79615,,aggregate,unspecified,source-hierarchy-concept
FMA:79631,branch of sphenoid part of middle cerebral artery,,FMA:79631,,aggregate,unspecified,source-hierarchy-concept
FMA:79658,dorsal scapular artery,,FMA:79658,,aggregate,unspecified,source-hierarchy-concept
FMA:81150,lobule of cerebral hemisphere,,FMA:81150,,aggregate,unspecified,source-hierarchy-concept
FMA:82472,cardinal organ part,,FMA:82472,,aggregate,unspecified,source-hierarchy-concept
FMA:82478,lobular organ component,,FMA:82478,,aggregate,unspecified,source-hierarchy-concept
FMA:82481,organ chamber,,FMA:82481,,aggregate,unspecified,source-hierarchy-concept
FMA:82485,organ component layer,,FMA:82485,,aggregate,unspecified,source-hierarchy-concept
FMA:82494,lobular segment,,FMA:82494,,aggregate,unspecified,source-hierarchy-concept
FMA:82500,membranous layer,,FMA:82500,,aggregate,unspecified,source-hierarchy-concept
FMA:82594,segment of subclavian artery,,FMA:82594,,aggregate,unspecified,source-hierarchy-concept
FMA:83115,cell part cluster,,FMA:83115,,aggregate,unspecified,source-hierarchy-concept
FMA:83143,cell part cluster of neuraxis,,FMA:83143,,aggregate,unspecified,source-hierarchy-concept
FMA:83153,organ component of neuraxis,,FMA:83153,,aggregate,unspecified,source-hierarchy-concept
FMA:83465,segment of white matter of neuraxis,,FMA:83465,,aggregate,unspecified,source-hierarchy-concept
FMA:83563,subdivision of muscle layer,,FMA:83563,,aggregate,unspecified,source-hierarchy-concept
FMA:83686,nucleus of neuraxis,,FMA:83686,,aggregate,unspecified,source-hierarchy-concept
FMA:83738,subarachnoid incisure,,FMA:83738,,aggregate,unspecified,source-hierarchy-concept
FMA:83840,nucleus of brain,,FMA:83840,,aggregate,unspecified,source-hierarchy-concept
FMA:83854,stria of neuraxis,,FMA:83854,,aggregate,unspecified,source-hierarchy-concept
FMA:83856,lamina of neuraxis,,FMA:83856,,aggregate,unspecified,source-hierarchy-concept
FMA:83857,brachium of neuraxis,,FMA:83857,,aggregate,unspecified,source-hierarchy-concept
FMA:83860,peduncle of neuraxis,,FMA:83860,,aggregate,unspecified,source-hierarchy-concept
FMA:83865,fornix of neuraxis,,FMA:83865,,aggregate,unspecified,source-hierarchy-concept
FMA:83874,gyrus of neuraxis,,FMA:83874,,aggregate,unspecified,source-hierarchy-concept
FMA:83904,septum of neuraxis,,FMA:83904,,aggregate,unspecified,source-hierarchy-concept
FMA:83906,commissure of neuraxis,,FMA:83906,,aggregate,unspecified,source-hierarchy-concept
FMA:83912,gray matter of diencephalon,,FMA:83912,,aggregate,unspecified,source-hierarchy-concept
FMA:83915,gray matter of hypothalamus,,FMA:83915,,aggregate,unspecified,source-hierarchy-concept
FMA:83929,white matter of neuraxis,,FMA:83929,,aggregate,unspecified,source-hierarchy-concept
FMA:83930,white matter of telencephalon,,FMA:83930,,aggregate,unspecified,source-hierarchy-concept
FMA:84054,zone of neuraxis,,FMA:84054,,aggregate,unspecified,source-hierarchy-concept
FMA:84059,nuclear complex of neuraxis,,FMA:84059,,aggregate,unspecified,source-hierarchy-concept
FMA:84081,circumventricular organ of neuraxis,,FMA:84081,,aggregate,unspecified,source-hierarchy-concept
FMA:84201,secondary incisor tooth,,FMA:84201,,aggregate,unspecified,source-hierarchy-concept
FMA:84203,secondary canine tooth,,FMA:84203,,aggregate,unspecified,source-hierarchy-concept
FMA:84207,secondary molar tooth,,FMA:84207,,aggregate,unspecified,source-hierarchy-concept
FMA:84881,subdivision of subarachnoid space,,FMA:84881,,aggregate,unspecified,source-hierarchy-concept
FMA:84926,anatomical compartment space,,FMA:84926,,aggregate,unspecified,source-hierarchy-concept
FMA:84953,space of compartment of head,,FMA:84953,,aggregate,unspecified,source-hierarchy-concept
FMA:85095,proper palmar digital vein of little finger,,FMA:85095,,aggregate,unspecified,source-hierarchy-concept
FMA:85107,third common palmar digital artery,,FMA:85107,,aggregate,unspecified,source-hierarchy-concept
FMA:85108,fourth common palmar digital artery,,FMA:85108,,aggregate,unspecified,source-hierarchy-concept
FMA:85109,branch of first common palmar digital artery,,FMA:85109,,aggregate,unspecified,source-hierarchy-concept
FMA:85110,branch of second common palmar digital artery,,FMA:85110,,aggregate,unspecified,source-hierarchy-concept
FMA:85111,medial proper palmar digital artery of middle finger,,FMA:85111,,aggregate,unspecified,source-hierarchy-concept
FMA:85114,lateral proper palmar digital artery of ring finger,,FMA:85114,,aggregate,unspecified,source-hierarchy-concept
FMA:85117,branch of third common palmar digital artery,,FMA:85117,,aggregate,unspecified,source-hierarchy-concept
FMA:85453,head of muscle organ,,FMA:85453,,aggregate,unspecified,source-hierarchy-concept
FMA:86020,subdivision of transverse cervical artery,,FMA:86020,,aggregate,unspecified,source-hierarchy-concept
FMA:86033,opponens digiti minimi of foot,,FMA:86033,,aggregate,unspecified,source-hierarchy-concept
FMA:86103,region of organ component,,FMA:86103,,aggregate,unspecified,source-hierarchy-concept
FMA:86127,branch of posterior choroidal artery,,FMA:86127,,aggregate,unspecified,source-hierarchy-concept
FMA:86140,organ segment,,FMA:86140,,aggregate,unspecified,source-hierarchy-concept
FMA:86187,segment of arterial tree organ,,FMA:86187,,aggregate,unspecified,source-hierarchy-concept
FMA:86188,segment of venous tree organ,,FMA:86188,,aggregate,unspecified,source-hierarchy-concept
FMA:86195,segment of lacrimal duct,,FMA:86195,,aggregate,unspecified,source-hierarchy-concept
FMA:86212,region of wall of heart,,FMA:86212,,aggregate,unspecified,source-hierarchy-concept
FMA:86254,segment of systemic artery,,FMA:86254,,aggregate,unspecified,source-hierarchy-concept
FMA:86256,segment of arterial trunk,,FMA:86256,,aggregate,unspecified,source-hierarchy-concept
FMA:86375,ligament organ component,,FMA:86375,,aggregate,unspecified,source-hierarchy-concept
FMA:86565,region of papillary muscle of left ventricle,,FMA:86565,,aggregate,left,source-hierarchy-concept
FMA:86566,region of lateral papillary muscle of left ventricle,,FMA:86566,,aggregate,left,source-hierarchy-concept
FMA:87218,trunk of coronary artery,,FMA:87218,,aggregate,unspecified,source-hierarchy-concept
FMA:222905,segment of colon,,FMA:222905,,aggregate,unspecified,source-hierarchy-concept
FMA:223151,internal gray matter component,,FMA:223151,,aggregate,unspecified,source-hierarchy-concept
FMA:225818,region of layer of wall of eyeball,,FMA:225818,,aggregate,unspecified,source-hierarchy-concept
FMA:228667,set of organ parts,,FMA:228667,,aggregate,unspecified,source-hierarchy-concept
FMA:230984,middle phalanx of little toe,,FMA:230984,,aggregate,unspecified,source-hierarchy-concept
FMA:241998,cerebral white matter,,FMA:241998,,aggregate,unspecified,source-hierarchy-concept
FMA:242193,region of cerebral cortex,,FMA:242193,,aggregate,unspecified,source-hierarchy-concept
FMA:242770,region of wall of ventricular system of neuraxis,,FMA:242770,,aggregate,unspecified,source-hierarchy-concept
FMA:242789,region of ventricular system of neuraxis,,FMA:242789,,aggregate,unspecified,source-hierarchy-concept
FMA:256174,region of cerebral white matter,,FMA:256174,,aggregate,unspecified,source-hierarchy-concept
FMA:256237,segment of neuraxis,,FMA:256237,,aggregate,unspecified,source-hierarchy-concept
FMA:256693,nucleus of thalamus,,FMA:256693,,aggregate,unspecified,source-hierarchy-concept
FMA:265178,ligament of lower limb,,FMA:265178,,aggregate,unspecified,source-hierarchy-concept
FMA:265180,ligament of limb,,FMA:265180,,aggregate,unspecified,source-hierarchy-concept
FMA:265400,region of vascular layer of eyeball,,FMA:265400,,aggregate,unspecified,source-hierarchy-concept
FMA:266054,subdivision of cranial dura mater,,FMA:266054,,aggregate,unspecified,source-hierarchy-concept
FMA:268712,segment of anterior tibial artery,,FMA:268712,,aggregate,unspecified,source-hierarchy-concept
FMA:268955,region of papillary muscle,,FMA:268955,,aggregate,unspecified,source-hierarchy-concept
FMA:3734,aorta,,FMA:3734,,aggregate,unspecified,source-hierarchy-concept
FMA:3862,anterior interventricular branch of left coronary artery,,FMA:3862,,aggregate,left,source-hierarchy-concept
FMA:4717,anterior cardiac venous tree,,FMA:4717,,aggregate,unspecified,source-hierarchy-concept
FMA:7088,heart,,FMA:7088,,aggregate,unspecified,source-hierarchy-concept
FMA:7096,right atrium,,FMA:7096,,aggregate,right,source-hierarchy-concept
FMA:7097,left atrium,,FMA:7097,,aggregate,left,source-hierarchy-concept
FMA:7098,right ventricle,,FMA:7098,,aggregate,right,source-hierarchy-concept
FMA:7101,left ventricle,,FMA:7101,,aggregate,left,source-hierarchy-concept
FMA:7152,alimentary system,,FMA:7152,,aggregate,unspecified,source-hierarchy-concept
FMA:7154,head,,FMA:7154,,aggregate,unspecified,source-hierarchy-concept
FMA:7155,neck,,FMA:7155,,aggregate,unspecified,source-hierarchy-concept
FMA:7157,nervous system,,FMA:7157,,aggregate,unspecified,source-hierarchy-concept
FMA:7158,respiratory system,,FMA:7158,,aggregate,unspecified,source-hierarchy-concept
FMA:7159,urinary system,,FMA:7159,,aggregate,unspecified,source-hierarchy-concept
FMA:7160,genital system,,FMA:7160,,aggregate,unspecified,source-hierarchy-concept
FMA:7161,cardiovascular system,,FMA:7161,,aggregate,unspecified,source-hierarchy-concept
FMA:7165,right side of heart,,FMA:7165,,aggregate,right,source-hierarchy-concept
FMA:7166,left side of heart,,FMA:7166,,aggregate,left,source-hierarchy-concept
FMA:7181,trunk,,FMA:7181,,aggregate,unspecified,source-hierarchy-concept
FMA:7184,lower limb,,FMA:7184,,aggregate,unspecified,source-hierarchy-concept
FMA:7185,right upper limb,,FMA:7185,,aggregate,right,source-hierarchy-concept
FMA:7186,left upper limb,,FMA:7186,,aggregate,left,source-hierarchy-concept
FMA:7187,right lower limb,,FMA:7187,,aggregate,right,source-hierarchy-concept
FMA:7188,left lower limb,,FMA:7188,,aggregate,left,source-hierarchy-concept
FMA:7197,liver,,FMA:7197,,aggregate,unspecified,source-hierarchy-concept
FMA:7200,small intestine,,FMA:7200,,aggregate,unspecified,source-hierarchy-concept
FMA:7201,large intestine,,FMA:7201,,aggregate,unspecified,source-hierarchy-concept
FMA:7207,jejunum,,FMA:7207,,aggregate,unspecified,source-hierarchy-concept
FMA:7208,ileum,,FMA:7208,,aggregate,unspecified,source-hierarchy-concept
FMA:7216,outflow part of right ventricle,,FMA:7216,,aggregate,right,source-hierarchy-concept
FMA:7234,tricuspid valve,,FMA:7234,,aggregate,unspecified,source-hierarchy-concept
FMA:7235,mitral valve,,FMA:7235,,aggregate,unspecified,source-hierarchy-concept
FMA:7236,aortic valve,,FMA:7236,,aggregate,unspecified,source-hierarchy-concept
FMA:7246,pulmonary valve,,FMA:7246,,aggregate,unspecified,source-hierarchy-concept
FMA:7259,papillary muscle of right ventricle,,FMA:7259,,aggregate,right,source-hierarchy-concept
FMA:7309,right lung,,FMA:7309,,aggregate,right,source-hierarchy-concept
FMA:7310,left lung,,FMA:7310,,aggregate,left,source-hierarchy-concept
FMA:7333,upper lobe of right lung,,FMA:7333,,aggregate,right,source-hierarchy-concept
FMA:7337,lower lobe of right lung,,FMA:7337,,aggregate,right,source-hierarchy-concept
FMA:7338,right apical bronchopulmonary segment,,FMA:7338,,aggregate,right,source-hierarchy-concept
FMA:7339,right posterior bronchopulmonary segment,,FMA:7339,,aggregate,right,source-hierarchy-concept
FMA:7359,right anterior bronchopulmonary segment,,FMA:7359,,aggregate,right,source-hierarchy-concept
FMA:7360,medial bronchopulmonary segment,,FMA:7360,,aggregate,unspecified,source-hierarchy-concept
FMA:7361,lateral bronchopulmonary segment,,FMA:7361,,aggregate,unspecified,source-hierarchy-concept
FMA:7362,right posterior basal bronchopulmonary segment,,FMA:7362,,aggregate,right,source-hierarchy-concept
FMA:7363,right lateral basal bronchopulmonary segment,,FMA:7363,,aggregate,right,source-hierarchy-concept
FMA:7364,right anterior basal bronchopulmonary segment,,FMA:7364,,aggregate,right,source-hierarchy-concept
FMA:7365,right medial basal bronchopulmonary segment,,FMA:7365,,aggregate,right,source-hierarchy-concept
FMA:7366,right superior bronchopulmonary segment,,FMA:7366,,aggregate,right,source-hierarchy-concept
FMA:7370,upper lobe of left lung,,FMA:7370,,aggregate,left,source-hierarchy-concept
FMA:7371,lower lobe of left lung,,FMA:7371,,aggregate,left,source-hierarchy-concept
FMA:7372,apicoposterior bronchopulmonary segment,,FMA:7372,,aggregate,unspecified,source-hierarchy-concept
FMA:7373,left anterior bronchopulmonary segment,,FMA:7373,,aggregate,left,source-hierarchy-concept
FMA:7376,left superior bronchopulmonary segment,,FMA:7376,,aggregate,left,source-hierarchy-concept
FMA:7377,left medial basal bronchopulmonary segment,,FMA:7377,,aggregate,left,source-hierarchy-concept
FMA:7378,left anterior basal bronchopulmonary segment,,FMA:7378,,aggregate,left,source-hierarchy-concept
FMA:7379,left lateral basal bronchopulmonary segment,,FMA:7379,,aggregate,left,source-hierarchy-concept
FMA:7380,left posterior basal bronchopulmonary segment,,FMA:7380,,aggregate,left,source-hierarchy-concept
FMA:7383,middle lobe of lung,,FMA:7383,,aggregate,unspecified,source-hierarchy-concept
FMA:7385,left apical bronchopulmonary segment,,FMA:7385,,aggregate,left,source-hierarchy-concept
FMA:7386,left posterior bronchopulmonary segment,,FMA:7386,,aggregate,left,source-hierarchy-concept
FMA:7393,tracheobronchial tree,,FMA:7393,,aggregate,unspecified,source-hierarchy-concept
FMA:7395,right main bronchus,,FMA:7395,,aggregate,right,source-hierarchy-concept
FMA:7480,rib cage,,FMA:7480,,aggregate,unspecified,source-hierarchy-concept
FMA:7481,skeletal system of thorax,,FMA:7481,,aggregate,unspecified,source-hierarchy-concept
FMA:7482,musculoskeletal system,,FMA:7482,,aggregate,unspecified,source-hierarchy-concept
FMA:7483,axial skeletal system,,FMA:7483,,aggregate,unspecified,source-hierarchy-concept
FMA:7485,sternum,,FMA:7485,,aggregate,unspecified,source-hierarchy-concept
FMA:7563,body compartment,,FMA:7563,,aggregate,unspecified,source-hierarchy-concept
FMA:7647,spinal cord,,FMA:7647,,aggregate,unspecified,source-hierarchy-concept
FMA:8617,right apical segmental artery,,FMA:8617,,aggregate,right,source-hierarchy-concept
FMA:8619,right posterior segmental artery,,FMA:8619,,aggregate,right,source-hierarchy-concept
FMA:8627,right superior segmental artery,,FMA:8627,,aggregate,right,source-hierarchy-concept
FMA:8630,right anterior basal segmental artery,,FMA:8630,,aggregate,right,source-hierarchy-concept
FMA:8631,right lateral basal segmental artery,,FMA:8631,,aggregate,right,source-hierarchy-concept
FMA:8632,right posterior basal segmental artery,,FMA:8632,,aggregate,right,source-hierarchy-concept
FMA:8655,right upper lobar vein,,FMA:8655,,aggregate,right,source-hierarchy-concept
FMA:8656,middle lobar vein,,FMA:8656,,aggregate,unspecified,source-hierarchy-concept
FMA:8657,left upper lobar vein,,FMA:8657,,aggregate,left,source-hierarchy-concept
FMA:8658,lingular vein,,FMA:8658,,aggregate,unspecified,source-hierarchy-concept
FMA:8661,right apical segmental vein,,FMA:8661,,aggregate,right,source-hierarchy-concept
FMA:8664,lateral segmental vein,,FMA:8664,,aggregate,unspecified,source-hierarchy-concept
FMA:8665,medial segmental vein,,FMA:8665,,aggregate,unspecified,source-hierarchy-concept
FMA:8666,apicoposterior segmental vein,,FMA:8666,,aggregate,unspecified,source-hierarchy-concept
FMA:8671,right common basal vein,,FMA:8671,,aggregate,right,source-hierarchy-concept
FMA:8672,right superior basal vein,,FMA:8672,,aggregate,right,source-hierarchy-concept
FMA:8674,right inferior basal vein,,FMA:8674,,aggregate,right,source-hierarchy-concept
FMA:8676,left common basal vein,,FMA:8676,,aggregate,left,source-hierarchy-concept
FMA:8677,left superior basal vein,,FMA:8677,,aggregate,left,source-hierarchy-concept
FMA:8679,left inferior basal vein,,FMA:8679,,aggregate,left,source-hierarchy-concept
FMA:9140,thoracic vertebral column,,FMA:9140,,aggregate,unspecified,source-hierarchy-concept
FMA:9348,subaortic curtain of left ventricle,,FMA:9348,,aggregate,left,source-hierarchy-concept
FMA:9352,papillary muscle of left ventricle,,FMA:9352,,aggregate,left,source-hierarchy-concept
FMA:9473,outflow part of left ventricle,,FMA:9473,,aggregate,left,source-hierarchy-concept
FMA:9496,fibrous skeleton of heart,,FMA:9496,,aggregate,unspecified,source-hierarchy-concept
FMA:9498,fibrous ring of mitral valve,,FMA:9498,,aggregate,unspecified,source-hierarchy-concept
FMA:9533,wall of right ventricle,,FMA:9533,,aggregate,right,source-hierarchy-concept
FMA:9535,myocardium of right ventricle,,FMA:9535,,aggregate,right,source-hierarchy-concept
FMA:9550,outflow part of right atrium,,FMA:9550,,aggregate,right,source-hierarchy-concept
FMA:9551,outflow part of left atrium,,FMA:9551,,aggregate,left,source-hierarchy-concept
FMA:9552,inflow part of right ventricle,,FMA:9552,,aggregate,right,source-hierarchy-concept
FMA:9553,anterior wall of right ventricle,,FMA:9553,,aggregate,right,source-hierarchy-concept
FMA:9555,inferior wall of right ventricle,,FMA:9555,,aggregate,right,source-hierarchy-concept
FMA:9556,wall of left ventricle,,FMA:9556,,aggregate,left,source-hierarchy-concept
FMA:9558,myocardium of left ventricle,,FMA:9558,,aggregate,left,source-hierarchy-concept
FMA:9560,anterior wall of left ventricle,,FMA:9560,,aggregate,left,source-hierarchy-concept
FMA:9561,inferior wall of left ventricle,,FMA:9561,,aggregate,left,source-hierarchy-concept
FMA:9563,lateral wall of left ventricle,,FMA:9563,,aggregate,left,source-hierarchy-concept
FMA:9564,inflow part of left ventricle,,FMA:9564,,aggregate,left,source-hierarchy-concept
FMA:9576,thorax,,FMA:9576,,aggregate,unspecified,source-hierarchy-concept
FMA:9577,abdomen,,FMA:9577,,aggregate,unspecified,source-hierarchy-concept
FMA:9578,pelvis,,FMA:9578,,aggregate,unspecified,source-hierarchy-concept
FMA:9579,perineum,,FMA:9579,,aggregate,unspecified,source-hierarchy-concept
FMA:9584,peritoneum,,FMA:9584,,aggregate,unspecified,source-hierarchy-concept
FMA:9607,thymus,,FMA:9607,,aggregate,unspecified,source-hierarchy-concept
FMA:9668,endocrine system,,FMA:9668,,aggregate,unspecified,source-hierarchy-concept
FMA:9713,right hand,,FMA:9713,,aggregate,right,source-hierarchy-concept
FMA:9714,left hand,,FMA:9714,,aggregate,left,source-hierarchy-concept
FMA:9826,mediastinum,,FMA:9826,,aggregate,unspecified,source-hierarchy-concept
FMA:9827,superior mediastinum,,FMA:9827,,aggregate,unspecified,source-hierarchy-concept
FMA:9828,inferior mediastinum,,FMA:9828,,aggregate,unspecified,source-hierarchy-concept
FMA:9838,anterior mediastinum,,FMA:9838,,aggregate,unspecified,source-hierarchy-concept
FMA:9839,middle mediastinum,,FMA:9839,,aggregate,unspecified,source-hierarchy-concept
FMA:9840,posterior mediastinum,,FMA:9840,,aggregate,unspecified,source-hierarchy-concept
FMA:9908,peritoneal sac,,FMA:9908,,aggregate,unspecified,source-hierarchy-concept
FMA:10427,body wall,,FMA:10427,,aggregate,unspecified,source-hierarchy-concept
FMA:10428,thoracic wall,,FMA:10428,,aggregate,unspecified,source-hierarchy-concept
FMA:10429,wall of abdomen proper,,FMA:10429,,aggregate,unspecified,source-hierarchy-concept
FMA:10430,pelvic wall,,FMA:10430,,aggregate,unspecified,source-hierarchy-concept
FMA:11343,right foot,,FMA:11343,,aggregate,right,source-hierarchy-concept
FMA:11344,left foot,,FMA:11344,,aggregate,left,source-hierarchy-concept
FMA:11345,right forearm,,FMA:11345,,aggregate,right,source-hierarchy-concept
FMA:11346,left forearm,,FMA:11346,,aggregate,left,source-hierarchy-concept
FMA:12514,right eyeball,,FMA:12514,,aggregate,right,source-hierarchy-concept
FMA:12515,left eyeball,,FMA:12515,,aggregate,left,source-hierarchy-concept
FMA:13362,right lobe of liver,,FMA:13362,,aggregate,right,source-hierarchy-concept
FMA:13363,left lobe of liver,,FMA:13363,,aggregate,left,source-hierarchy-concept
FMA:13373,right pectoralis major,,FMA:13373,,aggregate,right,source-hierarchy-concept
FMA:13374,left pectoralis major,,FMA:13374,,aggregate,left,source-hierarchy-concept
FMA:13478,vertebral column,,FMA:13478,,aggregate,unspecified,source-hierarchy-concept
FMA:14541,cecum,,FMA:14541,,aggregate,unspecified,source-hierarchy-concept
FMA:14615,wall of small intestine,,FMA:14615,,aggregate,unspecified,source-hierarchy-concept
FMA:14618,wall of ileum,,FMA:14618,,aggregate,unspecified,source-hierarchy-concept
FMA:14619,wall of large intestine,,FMA:14619,,aggregate,unspecified,source-hierarchy-concept
FMA:14627,anterior abdominal wall,,FMA:14627,,aggregate,unspecified,source-hierarchy-concept
FMA:14628,posterior abdominal wall,,FMA:14628,,aggregate,unspecified,source-hierarchy-concept
FMA:14665,biliary tree,,FMA:14665,,aggregate,unspecified,source-hierarchy-concept
FMA:14703,visceral peritoneum,,FMA:14703,,aggregate,unspecified,source-hierarchy-concept
FMA:14775,gastroduodenal artery,,FMA:14775,,aggregate,unspecified,source-hierarchy-concept
FMA:14778,right hepatic artery,,FMA:14778,,aggregate,right,source-hierarchy-concept
FMA:14779,left hepatic artery,,FMA:14779,,aggregate,left,source-hierarchy-concept
FMA:14823,inferior branch of ileocolic artery,,FMA:14823,,aggregate,unspecified,source-hierarchy-concept
FMA:14971,muscle layer of large intestine,,FMA:14971,,aggregate,unspecified,source-hierarchy-concept
FMA:15419,anterior branch of right portal vein,,FMA:15419,,aggregate,right,source-hierarchy-concept
FMA:15422,posterior branch of right portal vein,,FMA:15422,,aggregate,right,source-hierarchy-concept
FMA:15427,medial branch of left portal vein,,FMA:15427,,aggregate,left,source-hierarchy-concept
FMA:15430,lateral branch of left portal vein,,FMA:15430,,aggregate,left,source-hierarchy-concept
FMA:15748,anterior sector of right liver,,FMA:15748,,aggregate,right,source-hierarchy-concept
FMA:15749,posterior sector of right liver,,FMA:15749,,aggregate,right,source-hierarchy-concept
FMA:15750,anterior sector of left liver,,FMA:15750,,aggregate,left,source-hierarchy-concept
FMA:15751,posterior sector of left liver,,FMA:15751,,aggregate,left,source-hierarchy-concept
FMA:15809,right hemiliver,,FMA:15809,,aggregate,right,source-hierarchy-concept
FMA:15810,left hemiliver,,FMA:15810,,aggregate,left,source-hierarchy-concept
FMA:16203,lumbar vertebral column,,FMA:16203,,aggregate,unspecified,source-hierarchy-concept
FMA:16580,bony pelvis,,FMA:16580,,aggregate,unspecified,source-hierarchy-concept
FMA:16581,pelvic girdle,,FMA:16581,,aggregate,unspecified,source-hierarchy-concept
FMA:16582,right pelvic girdle,,FMA:16582,,aggregate,right,source-hierarchy-concept
FMA:16583,left pelvic girdle,,FMA:16583,,aggregate,left,source-hierarchy-concept
FMA:17181,wall of distal part of ileum,,FMA:17181,,aggregate,unspecified,source-hierarchy-concept
FMA:20218,mons pubis,,FMA:20218,,aggregate,unspecified,source-hierarchy-concept
FMA:20224,right side of rib cage,,FMA:20224,,aggregate,right,source-hierarchy-concept
FMA:20225,left side of rib cage,,FMA:20225,,aggregate,left,source-hierarchy-concept
FMA:20226,right side of bony pelvis,,FMA:20226,,aggregate,right,source-hierarchy-concept
FMA:20227,left side of bony pelvis,,FMA:20227,,aggregate,left,source-hierarchy-concept
FMA:20347,anal part of perineum,,FMA:20347,,aggregate,unspecified,source-hierarchy-concept
FMA:20394,human body,,FMA:20394,,aggregate,unspecified,source-hierarchy-concept
FMA:20796,right deep femoral artery,,FMA:20796,,aggregate,right,source-hierarchy-concept
FMA:20797,left deep femoral artery,,FMA:20797,,aggregate,left,source-hierarchy-concept
FMA:22672,right thoraco-acromial artery,,FMA:22672,,aggregate,right,source-hierarchy-concept
FMA:22673,left thoraco-acromial artery,,FMA:22673,,aggregate,left,source-hierarchy-concept
FMA:23218,right pectoral girdle,,FMA:23218,,aggregate,right,source-hierarchy-concept
FMA:23219,left pectoral girdle,,FMA:23219,,aggregate,left,source-hierarchy-concept
FMA:23876,skeleton (in vivo),,FMA:23876,,aggregate,unspecified,source-hierarchy-concept
FMA:23881,skeletal system,,FMA:23881,,aggregate,unspecified,source-hierarchy-concept
FMA:24138,cervical vertebral column,,FMA:24138,,aggregate,unspecified,source-hierarchy-concept
FMA:24163,skeleton of right pectoral girdle,,FMA:24163,,aggregate,right,source-hierarchy-concept
FMA:24164,skeleton of left pectoral girdle,,FMA:24164,,aggregate,left,source-hierarchy-concept
FMA:24189,back of neck,,FMA:24189,,aggregate,unspecified,source-hierarchy-concept
FMA:24217,back of thorax,,FMA:24217,,aggregate,unspecified,source-hierarchy-concept
FMA:24228,posterior part of pelvis,,FMA:24228,,aggregate,unspecified,source-hierarchy-concept
FMA:24728,face,,FMA:24728,,aggregate,unspecified,source-hierarchy-concept
FMA:24816,anterior chest,,FMA:24816,,aggregate,unspecified,source-hierarchy-concept
FMA:24866,sternal part of chest,,FMA:24866,,aggregate,unspecified,source-hierarchy-concept
FMA:24880,right free upper limb,,FMA:24880,,aggregate,right,source-hierarchy-concept
FMA:24881,left free upper limb,,FMA:24881,,aggregate,left,source-hierarchy-concept
FMA:24882,right free lower limb,,FMA:24882,,aggregate,right,source-hierarchy-concept
FMA:24883,left free lower limb,,FMA:24883,,aggregate,left,source-hierarchy-concept
FMA:24895,right arm,,FMA:24895,,aggregate,right,source-hierarchy-concept
FMA:24896,left arm,,FMA:24896,,aggregate,left,source-hierarchy-concept
FMA:24940,right wrist,,FMA:24940,,aggregate,right,source-hierarchy-concept
FMA:24941,left wrist,,FMA:24941,,aggregate,left,source-hierarchy-concept
FMA:24965,right hip,,FMA:24965,,aggregate,right,source-hierarchy-concept
FMA:24966,left hip,,FMA:24966,,aggregate,left,source-hierarchy-concept
FMA:24968,right thigh,,FMA:24968,,aggregate,right,source-hierarchy-concept
FMA:24969,left thigh,,FMA:24969,,aggregate,left,source-hierarchy-concept
FMA:24977,right knee,,FMA:24977,,aggregate,right,source-hierarchy-concept
FMA:24978,left knee,,FMA:24978,,aggregate,left,source-hierarchy-concept
FMA:24980,right leg,,FMA:24980,,aggregate,right,source-hierarchy-concept
FMA:24981,left leg,,FMA:24981,,aggregate,left,source-hierarchy-concept
FMA:25511,intervertebral symphysis,,FMA:25511,,aggregate,unspecified,source-hierarchy-concept
FMA:25558,right lateral chest wall,,FMA:25558,,aggregate,right,source-hierarchy-concept
FMA:25559,left lateral chest wall,,FMA:25559,,aggregate,left,source-hierarchy-concept
FMA:25571,intervertebral symphysis of axis,,FMA:25571,,aggregate,unspecified,source-hierarchy-concept
FMA:25572,right bony pectoral girdle,,FMA:25572,,aggregate,right,source-hierarchy-concept
FMA:25573,left bony pectoral girdle,,FMA:25573,,aggregate,left,source-hierarchy-concept
FMA:26078,third cervical intervertebral symphysis,,FMA:26078,,aggregate,unspecified,source-hierarchy-concept
FMA:26083,fourth cervical intervertebral symphysis,,FMA:26083,,aggregate,unspecified,source-hierarchy-concept
FMA:26084,fifth cervical intervertebral symphysis,,FMA:26084,,aggregate,unspecified,source-hierarchy-concept
FMA:26085,sixth cervical intervertebral symphysis,,FMA:26085,,aggregate,unspecified,source-hierarchy-concept
FMA:26086,seventh cervical intervertebral symphysis,,FMA:26086,,aggregate,unspecified,source-hierarchy-concept
FMA:26089,first thoracic intervertebral symphysis,,FMA:26089,,aggregate,unspecified,source-hierarchy-concept
FMA:26094,second thoracic intervertebral symphysis,,FMA:26094,,aggregate,unspecified,source-hierarchy-concept
FMA:26095,third thoracic intervertebral symphysis,,FMA:26095,,aggregate,unspecified,source-hierarchy-concept
FMA:26096,fourth thoracic intervertebral symphysis,,FMA:26096,,aggregate,unspecified,source-hierarchy-concept
FMA:26097,fifth thoracic intervertebral symphysis,,FMA:26097,,aggregate,unspecified,source-hierarchy-concept
FMA:26098,sixth thoracic intervertebral symphysis,,FMA:26098,,aggregate,unspecified,source-hierarchy-concept
FMA:26099,seventh thoracic intervertebral symphysis,,FMA:26099,,aggregate,unspecified,source-hierarchy-concept
FMA:26100,eighth thoracic intervertebral symphysis,,FMA:26100,,aggregate,unspecified,source-hierarchy-concept
FMA:26101,ninth thoracic intervertebral symphysis,,FMA:26101,,aggregate,unspecified,source-hierarchy-concept
FMA:26102,tenth thoracic intervertebral symphysis,,FMA:26102,,aggregate,unspecified,source-hierarchy-concept
FMA:26103,eleventh thoracic intervertebral symphysis,,FMA:26103,,aggregate,unspecified,source-hierarchy-concept
FMA:26105,first lumbar intervertebral symphysis,,FMA:26105,,aggregate,unspecified,source-hierarchy-concept
FMA:26106,second lumbar intervertebral symphysis,,FMA:26106,,aggregate,unspecified,source-hierarchy-concept
FMA:26107,third lumbar intervertebral symphysis,,FMA:26107,,aggregate,unspecified,source-hierarchy-concept
FMA:26108,fourth lumbar intervertebral symphysis,,FMA:26108,,aggregate,unspecified,source-hierarchy-concept
FMA:26109,fifth lumbar intervertebral symphysis,,FMA:26109,,aggregate,unspecified,source-hierarchy-concept
FMA:26572,thoracic part of tracheobronchial tree,,FMA:26572,,aggregate,unspecified,source-hierarchy-concept
FMA:26661,right bronchial tree,,FMA:26661,,aggregate,right,source-hierarchy-concept
FMA:26662,left bronchial tree,,FMA:26662,,aggregate,left,source-hierarchy-concept
FMA:31741,middle lobe part of right bronchial tree,,FMA:31741,,aggregate,right,source-hierarchy-concept
FMA:31744,upper lobe part of right bronchial tree,,FMA:31744,,aggregate,right,source-hierarchy-concept
FMA:31746,upper lobe part of left bronchial tree,,FMA:31746,,aggregate,left,source-hierarchy-concept
FMA:31747,lower lobe part of right bronchial tree,,FMA:31747,,aggregate,right,source-hierarchy-concept
FMA:31748,lower lobe part of left bronchial tree,,FMA:31748,,aggregate,left,source-hierarchy-concept
FMA:33642,right shoulder,,FMA:33642,,aggregate,right,source-hierarchy-concept
FMA:33644,pectoral part of right pectoral girdle,,FMA:33644,,aggregate,right,source-hierarchy-concept
FMA:33645,pectoral part of left pectoral girdle,,FMA:33645,,aggregate,left,source-hierarchy-concept
FMA:33646,scapular part of right pectoral girdle,,FMA:33646,,aggregate,right,source-hierarchy-concept
FMA:33647,scapular part of left pectoral girdle,,FMA:33647,,aggregate,left,source-hierarchy-concept
FMA:45621,pulmonary vascular system,,FMA:45621,,aggregate,unspecified,source-hierarchy-concept
FMA:45623,systemic arterial system,,FMA:45623,,aggregate,unspecified,source-hierarchy-concept
FMA:45626,systemic venous system,,FMA:45626,,aggregate,unspecified,source-hierarchy-concept
FMA:45628,portal venous system,,FMA:45628,,aggregate,unspecified,source-hierarchy-concept
FMA:45659,lower urinary tract,,FMA:45659,,aggregate,unspecified,source-hierarchy-concept
FMA:45662,lower respiratory tract,,FMA:45662,,aggregate,unspecified,source-hierarchy-concept
FMA:45842,pulmonary arterial tree,,FMA:45842,,aggregate,unspecified,source-hierarchy-concept
FMA:45847,portal venous tree,,FMA:45847,,aggregate,unspecified,source-hierarchy-concept
FMA:46448,frontal part of head,,FMA:46448,,aggregate,unspecified,source-hierarchy-concept
FMA:46472,nose,,FMA:46472,,aggregate,unspecified,source-hierarchy-concept
FMA:46565,skull,,FMA:46565,,aggregate,unspecified,source-hierarchy-concept
FMA:49177,upper gastrointestinal tract,,FMA:49177,,aggregate,unspecified,source-hierarchy-concept
FMA:49179,lower gastrointestinal tract,,FMA:49179,,aggregate,unspecified,source-hierarchy-concept
FMA:49184,mouth,,FMA:49184,,aggregate,unspecified,source-hierarchy-concept
FMA:49187,occipital part of head,,FMA:49187,,aggregate,unspecified,source-hierarchy-concept
FMA:49207,wall of inflow part of right ventricle,,FMA:49207,,aggregate,right,source-hierarchy-concept
FMA:49214,wall of inflow part of left ventricle,,FMA:49214,,aggregate,left,source-hierarchy-concept
FMA:49894,systemic arterial tree,,FMA:49894,,aggregate,unspecified,source-hierarchy-concept
FMA:50039,right coronary artery,,FMA:50039,,aggregate,right,source-hierarchy-concept
FMA:50040,left coronary artery,,FMA:50040,,aggregate,left,source-hierarchy-concept
FMA:50060,chest wall,,FMA:50060,,aggregate,unspecified,source-hierarchy-concept
FMA:50061,superficial chest wall,,FMA:50061,,aggregate,unspecified,source-hierarchy-concept
FMA:50063,anterior superficial chest wall,,FMA:50063,,aggregate,unspecified,source-hierarchy-concept
FMA:50071,right lateral superficial chest wall,,FMA:50071,,aggregate,right,source-hierarchy-concept
FMA:50072,left lateral superficial chest wall,,FMA:50072,,aggregate,left,source-hierarchy-concept
FMA:50082,right middle cerebral artery,,FMA:50082,,aggregate,right,source-hierarchy-concept
FMA:50308,coronary sinus tree,,FMA:50308,,aggregate,unspecified,source-hierarchy-concept
FMA:50454,cerebral arterial circle,,FMA:50454,,aggregate,unspecified,source-hierarchy-concept
FMA:50561,right pontine artery,,FMA:50561,,aggregate,right,source-hierarchy-concept
FMA:50562,left pontine artery,,FMA:50562,,aggregate,left,source-hierarchy-concept
FMA:50584,right posterior cerebral artery,,FMA:50584,,aggregate,right,source-hierarchy-concept
FMA:50585,left posterior cerebral artery,,FMA:50585,,aggregate,left,source-hierarchy-concept
FMA:50658,right posterior choroidal artery,,FMA:50658,,aggregate,right,source-hierarchy-concept
FMA:50659,left posterior choroidal artery,,FMA:50659,,aggregate,left,source-hierarchy-concept
FMA:50801,brain,,FMA:50801,,aggregate,unspecified,source-hierarchy-concept
FMA:51044,fascia lata of right thigh,,FMA:51044,,aggregate,right,source-hierarchy-concept
FMA:51045,fascia lata of left thigh,,FMA:51045,,aggregate,left,source-hierarchy-concept
FMA:52801,basicranium,,FMA:52801,,aggregate,unspecified,source-hierarchy-concept
FMA:53082,right orbit,,FMA:53082,,aggregate,right,source-hierarchy-concept
FMA:53083,left orbit,,FMA:53083,,aggregate,left,source-hierarchy-concept
FMA:53637,right cheek,,FMA:53637,,aggregate,right,source-hierarchy-concept
FMA:53638,left cheek,,FMA:53638,,aggregate,left,source-hierarchy-concept
FMA:53672,neurocranium,,FMA:53672,,aggregate,unspecified,source-hierarchy-concept
FMA:53673,viscerocranium,,FMA:53673,,aggregate,unspecified,source-hierarchy-concept
FMA:54375,nasal septum,,FMA:54375,,aggregate,unspecified,source-hierarchy-concept
FMA:54397,upper jaw,,FMA:54397,,aggregate,unspecified,source-hierarchy-concept
FMA:54398,lower jaw,,FMA:54398,,aggregate,unspecified,source-hierarchy-concept
FMA:54440,right upper eyelid,,FMA:54440,,aggregate,right,source-hierarchy-concept
FMA:54441,left upper eyelid,,FMA:54441,,aggregate,left,source-hierarchy-concept
FMA:54443,right lower eyelid,,FMA:54443,,aggregate,right,source-hierarchy-concept
FMA:54444,left lower eyelid,,FMA:54444,,aggregate,left,source-hierarchy-concept
FMA:54449,right eye,,FMA:54449,,aggregate,right,source-hierarchy-concept
FMA:54450,left eye,,FMA:54450,,aggregate,left,source-hierarchy-concept
FMA:54545,head proper,,FMA:54545,,aggregate,unspecified,source-hierarchy-concept
FMA:54667,right orbital compartment,,FMA:54667,,aggregate,right,source-hierarchy-concept
FMA:54668,left orbital compartment,,FMA:54668,,aggregate,left,source-hierarchy-concept
FMA:55021,soft palate,,FMA:55021,,aggregate,unspecified,source-hierarchy-concept
FMA:55022,uvula,,FMA:55022,,aggregate,unspecified,source-hierarchy-concept
FMA:55675,neuraxis,,FMA:55675,,aggregate,unspecified,source-hierarchy-concept
FMA:58099,wall of right eyeball,,FMA:58099,,aggregate,right,source-hierarchy-concept
FMA:58100,wall of left eyeball,,FMA:58100,,aggregate,left,source-hierarchy-concept
FMA:58105,fibrous layer of right eyeball,,FMA:58105,,aggregate,right,source-hierarchy-concept
FMA:58106,fibrous layer of left eyeball,,FMA:58106,,aggregate,left,source-hierarchy-concept
FMA:58107,vascular layer of right eyeball,,FMA:58107,,aggregate,right,source-hierarchy-concept
FMA:58108,vascular layer of left eyeball,,FMA:58108,,aggregate,left,source-hierarchy-concept
FMA:58401,investing fascia of right upper limb,,FMA:58401,,aggregate,right,source-hierarchy-concept
FMA:58405,investing fascia of right free upper limb,,FMA:58405,,aggregate,right,source-hierarchy-concept
FMA:58406,investing fascia of left free upper limb,,FMA:58406,,aggregate,left,source-hierarchy-concept
FMA:58418,investing fascia of right lower limb,,FMA:58418,,aggregate,right,source-hierarchy-concept
FMA:58419,investing fascia of left lower limb,,FMA:58419,,aggregate,left,source-hierarchy-concept
FMA:58429,investing fascia of right free lower limb,,FMA:58429,,aggregate,right,source-hierarchy-concept
FMA:58430,investing fascia of left free lower limb,,FMA:58430,,aggregate,left,source-hierarchy-concept
FMA:58448,investing fascia of right wrist,,FMA:58448,,aggregate,right,source-hierarchy-concept
FMA:58449,investing fascia of left wrist,,FMA:58449,,aggregate,left,source-hierarchy-concept
FMA:58575,investing fascia of right forearm,,FMA:58575,,aggregate,right,source-hierarchy-concept
FMA:58576,investing fascia of left forearm,,FMA:58576,,aggregate,left,source-hierarchy-concept
FMA:58742,investing fascia of right thigh,,FMA:58742,,aggregate,right,source-hierarchy-concept
FMA:58743,investing fascia of left thigh,,FMA:58743,,aggregate,left,source-hierarchy-concept
FMA:59368,right lacrimal apparatus,,FMA:59368,,aggregate,right,source-hierarchy-concept
FMA:59369,left lacrimal apparatus,,FMA:59369,,aggregate,left,source-hierarchy-concept
FMA:59398,mandibular part of mouth,,FMA:59398,,aggregate,unspecified,source-hierarchy-concept
FMA:59399,maxillary part of mouth,,FMA:59399,,aggregate,unspecified,source-hierarchy-concept
FMA:59515,external nose,,FMA:59515,,aggregate,unspecified,source-hierarchy-concept
FMA:59516,root of nose,,FMA:59516,,aggregate,unspecified,source-hierarchy-concept
FMA:59517,dorsum of nose,,FMA:59517,,aggregate,unspecified,source-hierarchy-concept
FMA:59538,cartilaginous skeleton of nose,,FMA:59538,,aggregate,unspecified,source-hierarchy-concept
FMA:59637,internal nose,,FMA:59637,,aggregate,unspecified,source-hierarchy-concept
FMA:59654,osseous skeleton of nose,,FMA:59654,,aggregate,unspecified,source-hierarchy-concept
FMA:59655,osseous skeleton of external nose,,FMA:59655,,aggregate,unspecified,source-hierarchy-concept
FMA:59656,osseous skeleton of internal nose,,FMA:59656,,aggregate,unspecified,source-hierarchy-concept
FMA:59665,septum of internal nose,,FMA:59665,,aggregate,unspecified,source-hierarchy-concept
FMA:59668,wall of internal nose,,FMA:59668,,aggregate,unspecified,source-hierarchy-concept
FMA:59671,right lateral wall of internal nose,,FMA:59671,,aggregate,right,source-hierarchy-concept
FMA:59672,left lateral wall of internal nose,,FMA:59672,,aggregate,left,source-hierarchy-concept
FMA:59748,right side of internal nose,,FMA:59748,,aggregate,right,source-hierarchy-concept
FMA:59749,left side of internal nose,,FMA:59749,,aggregate,left,source-hierarchy-concept
FMA:59754,wall of right side of internal nose,,FMA:59754,,aggregate,right,source-hierarchy-concept
FMA:59755,wall of left side of internal nose,,FMA:59755,,aggregate,left,source-hierarchy-concept
FMA:59836,cartilaginous skeleton of external nose,,FMA:59836,,aggregate,unspecified,source-hierarchy-concept
FMA:59837,bony part of nasal septum,,FMA:59837,,aggregate,unspecified,source-hierarchy-concept
FMA:59838,cartilaginous part of nasal septum,,FMA:59838,,aggregate,unspecified,source-hierarchy-concept
FMA:59992,faucial part of mouth,,FMA:59992,,aggregate,unspecified,source-hierarchy-concept
FMA:60116,nasal skeleton,,FMA:60116,,aggregate,unspecified,source-hierarchy-concept
FMA:60118,skeleton of nasal septum,,FMA:60118,,aggregate,unspecified,source-hierarchy-concept
FMA:60325,right thumb,,FMA:60325,,aggregate,right,source-hierarchy-concept
FMA:60326,left thumb,,FMA:60326,,aggregate,left,source-hierarchy-concept
FMA:60327,right little finger,,FMA:60327,,aggregate,right,source-hierarchy-concept
FMA:60328,left little finger,,FMA:60328,,aggregate,left,source-hierarchy-concept
FMA:60329,right ring finger,,FMA:60329,,aggregate,right,source-hierarchy-concept
FMA:60330,left ring finger,,FMA:60330,,aggregate,left,source-hierarchy-concept
FMA:60331,right middle finger,,FMA:60331,,aggregate,right,source-hierarchy-concept
FMA:60332,left middle finger,,FMA:60332,,aggregate,left,source-hierarchy-concept
FMA:60333,right index finger,,FMA:60333,,aggregate,right,source-hierarchy-concept
FMA:60334,left index finger,,FMA:60334,,aggregate,left,source-hierarchy-concept
FMA:60335,right big toe,,FMA:60335,,aggregate,right,source-hierarchy-concept
FMA:60336,left big toe,,FMA:60336,,aggregate,left,source-hierarchy-concept
FMA:60337,right second toe,,FMA:60337,,aggregate,right,source-hierarchy-concept
FMA:60338,left second toe,,FMA:60338,,aggregate,left,source-hierarchy-concept
FMA:60339,right third toe,,FMA:60339,,aggregate,right,source-hierarchy-concept
FMA:60340,left third toe,,FMA:60340,,aggregate,left,source-hierarchy-concept
FMA:60341,right fourth toe,,FMA:60341,,aggregate,right,source-hierarchy-concept
FMA:60342,left fourth toe,,FMA:60342,,aggregate,left,source-hierarchy-concept
FMA:60343,right little toe,,FMA:60343,,aggregate,right,source-hierarchy-concept
FMA:60344,left little toe,,FMA:60344,,aggregate,left,source-hierarchy-concept
FMA:61064,right lacrimal duct,,FMA:61064,,aggregate,right,source-hierarchy-concept
FMA:61065,left lacrimal duct,,FMA:61065,,aggregate,left,source-hierarchy-concept
FMA:61068,right hand proper,,FMA:61068,,aggregate,right,source-hierarchy-concept
FMA:61069,left hand proper,,FMA:61069,,aggregate,left,source-hierarchy-concept
FMA:61472,right pectoral part of chest,,FMA:61472,,aggregate,right,source-hierarchy-concept
FMA:61473,left pectoral part of chest,,FMA:61473,,aggregate,left,source-hierarchy-concept
FMA:61670,skeleton of mouth,,FMA:61670,,aggregate,unspecified,source-hierarchy-concept
FMA:61680,abdomen proper,,FMA:61680,,aggregate,unspecified,source-hierarchy-concept
FMA:61681,back of abdomen,,FMA:61681,,aggregate,unspecified,source-hierarchy-concept
FMA:61732,right parietal part of head,,FMA:61732,,aggregate,right,source-hierarchy-concept
FMA:61733,left parietal part of head,,FMA:61733,,aggregate,left,source-hierarchy-concept
FMA:61819,left cerebral hemisphere,,FMA:61819,,aggregate,left,source-hierarchy-concept
FMA:61991,trunk of right middle cerebral artery,,FMA:61991,,aggregate,right,source-hierarchy-concept
FMA:61992,forebrain,,FMA:61992,,aggregate,unspecified,source-hierarchy-concept
FMA:62000,telencephalon,,FMA:62000,,aggregate,unspecified,source-hierarchy-concept
FMA:62001,diencephalon,,FMA:62001,,aggregate,unspecified,source-hierarchy-concept
FMA:62003,metencephalon,,FMA:62003,,aggregate,unspecified,source-hierarchy-concept
FMA:62009,epithalamus,,FMA:62009,,aggregate,unspecified,source-hierarchy-concept
FMA:62028,intermediate hypothalamic region,,FMA:62028,,aggregate,unspecified,source-hierarchy-concept
FMA:67292,right cerebral hemisphere,,FMA:67292,,aggregate,right,source-hierarchy-concept
FMA:67687,hindbrain,,FMA:67687,,aggregate,unspecified,source-hierarchy-concept
FMA:67994,intrapulmonary part of right pulmonary artery,,FMA:67994,,aggregate,right,source-hierarchy-concept
FMA:67995,intrapulmonary part of left pulmonary artery,,FMA:67995,,aggregate,left,source-hierarchy-concept
FMA:68002,intrapulmonary part of right superior pulmonary vein,,FMA:68002,,aggregate,right,source-hierarchy-concept
FMA:68003,intrapulmonary part of right inferior pulmonary vein,,FMA:68003,,aggregate,right,source-hierarchy-concept
FMA:68004,intrapulmonary part of left superior pulmonary vein,,FMA:68004,,aggregate,left,source-hierarchy-concept
FMA:68005,intrapulmonary part of left inferior pulmonary vein,,FMA:68005,,aggregate,left,source-hierarchy-concept
FMA:68016,intrahepatic biliary tree,,FMA:68016,,aggregate,unspecified,source-hierarchy-concept
FMA:68193,medial segmental artery,,FMA:68193,,aggregate,unspecified,source-hierarchy-concept
FMA:68194,lateral segmental artery,,FMA:68194,,aggregate,unspecified,source-hierarchy-concept
FMA:68196,middle lobar artery,,FMA:68196,,aggregate,unspecified,source-hierarchy-concept
FMA:68198,left upper lobar artery,,FMA:68198,,aggregate,left,source-hierarchy-concept
FMA:68200,right lower lobar artery,,FMA:68200,,aggregate,right,source-hierarchy-concept
FMA:68201,left lower lobar artery,,FMA:68201,,aggregate,left,source-hierarchy-concept
FMA:68317,superior division of upper lobe part of left bronchial tree,,FMA:68317,,aggregate,left,source-hierarchy-concept
FMA:68318,inferior division of upper lobe part of left bronchial tree,,FMA:68318,,aggregate,left,source-hierarchy-concept
FMA:68319,inferomedial part of right bronchial tree,,FMA:68319,,aggregate,right,source-hierarchy-concept
FMA:68658,inferomedial branch of right pulmonary artery,,FMA:68658,,aggregate,right,source-hierarchy-concept
FMA:68659,apicoposterior division of right upper lobar artery,,FMA:68659,,aggregate,right,source-hierarchy-concept
FMA:68843,antero-medial basal segmental artery,,FMA:68843,,aggregate,unspecified,source-hierarchy-concept
FMA:68845,right basal segmental artery,,FMA:68845,,aggregate,right,source-hierarchy-concept
FMA:68846,left basal segmental artery,,FMA:68846,,aggregate,left,source-hierarchy-concept
FMA:69566,trunk of right lateral plantar artery,,FMA:69566,,aggregate,right,source-hierarchy-concept
FMA:69567,trunk of left lateral plantar artery,,FMA:69567,,aggregate,left,source-hierarchy-concept
FMA:70347,right thyrocervical artery,,FMA:70347,,aggregate,right,source-hierarchy-concept
FMA:70348,left thyrocervical artery,,FMA:70348,,aggregate,left,source-hierarchy-concept
FMA:70351,right costocervical artery,,FMA:70351,,aggregate,right,source-hierarchy-concept
FMA:70352,left costocervical artery,,FMA:70352,,aggregate,left,source-hierarchy-concept
FMA:70441,anterior segmental hepatic artery,,FMA:70441,,aggregate,unspecified,source-hierarchy-concept
FMA:70444,posterior segmental hepatic artery,,FMA:70444,,aggregate,unspecified,source-hierarchy-concept
FMA:70448,medial segmental hepatic artery,,FMA:70448,,aggregate,unspecified,source-hierarchy-concept
FMA:70451,lateral segmental hepatic artery,,FMA:70451,,aggregate,unspecified,source-hierarchy-concept
FMA:71102,right upper urinary tract,,FMA:71102,,aggregate,right,source-hierarchy-concept
FMA:71103,left upper urinary tract,,FMA:71103,,aggregate,left,source-hierarchy-concept
FMA:71132,gastrointestinal tract,,FMA:71132,,aggregate,unspecified,source-hierarchy-concept
FMA:71221,axial skeleton,,FMA:71221,,aggregate,unspecified,source-hierarchy-concept
FMA:71857,right hepatic biliary tree,,FMA:71857,,aggregate,right,source-hierarchy-concept
FMA:71858,left hepatic biliary tree,,FMA:71858,,aggregate,left,source-hierarchy-concept
FMA:71861,anterior tributary of right hepatic biliary tree,,FMA:71861,,aggregate,right,source-hierarchy-concept
FMA:71862,posterior tributary of right hepatic biliary tree,,FMA:71862,,aggregate,right,source-hierarchy-concept
FMA:71863,lateral tributary of left hepatic biliary tree,,FMA:71863,,aggregate,left,source-hierarchy-concept
FMA:71864,medial tributary of left hepatic biliary tree,,FMA:71864,,aggregate,left,source-hierarchy-concept
FMA:71891,hepatic biliary tree,,FMA:71891,,aggregate,unspecified,source-hierarchy-concept
FMA:72062,pelvic skeleton,,FMA:72062,,aggregate,unspecified,source-hierarchy-concept
FMA:72063,set of cervical vertebrae,,FMA:72063,,aggregate,unspecified,source-hierarchy-concept
FMA:72064,set of thoracic vertebrae,,FMA:72064,,aggregate,unspecified,source-hierarchy-concept
FMA:72065,set of lumbar vertebrae,,FMA:72065,,aggregate,unspecified,source-hierarchy-concept
FMA:72952,orbital part of right eye,,FMA:72952,,aggregate,right,source-hierarchy-concept
FMA:72953,orbital part of left eye,,FMA:72953,,aggregate,left,source-hierarchy-concept
FMA:72969,right frontal lobe,,FMA:72969,,aggregate,right,source-hierarchy-concept
FMA:72970,left frontal lobe,,FMA:72970,,aggregate,left,source-hierarchy-concept
FMA:72971,right temporal lobe,,FMA:72971,,aggregate,right,source-hierarchy-concept
FMA:72972,left temporal lobe,,FMA:72972,,aggregate,left,source-hierarchy-concept
FMA:72973,right parietal lobe,,FMA:72973,,aggregate,right,source-hierarchy-concept
FMA:72974,left parietal lobe,,FMA:72974,,aggregate,left,source-hierarchy-concept
FMA:72979,integumentary system,,FMA:72979,,aggregate,unspecified,source-hierarchy-concept
FMA:72980,right limbic lobe,,FMA:72980,,aggregate,right,source-hierarchy-concept
FMA:72981,left limbic lobe,,FMA:72981,,aggregate,left,source-hierarchy-concept
FMA:73055,anterior part of right knee,,FMA:73055,,aggregate,right,source-hierarchy-concept
FMA:73056,anterior part of left knee,,FMA:73056,,aggregate,left,source-hierarchy-concept
FMA:73086,right foot proper,,FMA:73086,,aggregate,right,source-hierarchy-concept
FMA:73087,left foot proper,,FMA:73087,,aggregate,left,source-hierarchy-concept
FMA:73103,posterior thoracic wall,,FMA:73103,,aggregate,unspecified,source-hierarchy-concept
FMA:73703,wall of right side of heart,,FMA:73703,,aggregate,right,source-hierarchy-concept
FMA:73704,wall of left side of heart,,FMA:73704,,aggregate,left,source-hierarchy-concept
FMA:74657,integument,,FMA:74657,,aggregate,unspecified,source-hierarchy-concept
FMA:75007,cavity of neuraxis,,FMA:75007,,aggregate,unspecified,source-hierarchy-concept
FMA:78435,musculature of anterior abdominal wall,,FMA:78435,,aggregate,unspecified,source-hierarchy-concept
FMA:79063,deep fascial system,,FMA:79063,,aggregate,unspecified,source-hierarchy-concept
FMA:79065,patellar part of right knee,,FMA:79065,,aggregate,right,source-hierarchy-concept
FMA:79066,patellar part of left knee,,FMA:79066,,aggregate,left,source-hierarchy-concept
FMA:79181,skeleton of right hand proper,,FMA:79181,,aggregate,right,source-hierarchy-concept
FMA:79182,skeleton of left hand proper,,FMA:79182,,aggregate,left,source-hierarchy-concept
FMA:79269,content of thorax,,FMA:79269,,aggregate,unspecified,source-hierarchy-concept
FMA:79273,content of mediastinum,,FMA:79273,,aggregate,unspecified,source-hierarchy-concept
FMA:79274,content of superior mediastinum,,FMA:79274,,aggregate,unspecified,source-hierarchy-concept
FMA:79275,content of inferior mediastinum,,FMA:79275,,aggregate,unspecified,source-hierarchy-concept
FMA:79276,content of anterior mediastinum,,FMA:79276,,aggregate,unspecified,source-hierarchy-concept
FMA:79277,content of posterior mediastinum,,FMA:79277,,aggregate,unspecified,source-hierarchy-concept
FMA:79278,content of middle mediastinum,,FMA:79278,,aggregate,unspecified,source-hierarchy-concept
FMA:79876,brainstem,,FMA:79876,,aggregate,unspecified,source-hierarchy-concept
FMA:82672,superior systemic venous tree,,FMA:82672,,aggregate,unspecified,source-hierarchy-concept
FMA:82673,inferior systemic venous tree,,FMA:82673,,aggregate,unspecified,source-hierarchy-concept
FMA:83447,myocardium of right ventricle proper,,FMA:83447,,aggregate,right,source-hierarchy-concept
FMA:83448,myocardium of left ventricle proper,,FMA:83448,,aggregate,left,source-hierarchy-concept
FMA:83902,midbrain tectum,,FMA:83902,,aggregate,unspecified,source-hierarchy-concept
FMA:84842,free wall of right ventricle,,FMA:84842,,aggregate,right,source-hierarchy-concept
FMA:84850,free wall of left ventricle,,FMA:84850,,aggregate,left,source-hierarchy-concept
FMA:84856,subendocardial layer of myocardium of right ventricle,,FMA:84856,,aggregate,right,source-hierarchy-concept
FMA:84857,subendocardial layer of myocardium of left ventricle,,FMA:84857,,aggregate,left,source-hierarchy-concept
FMA:84931,myocardium of free wall of right ventricle,,FMA:84931,,aggregate,right,source-hierarchy-concept
FMA:84932,myocardium of free wall of left ventricle,,FMA:84932,,aggregate,left,source-hierarchy-concept
FMA:85008,compartment of thorax,,FMA:85008,,aggregate,unspecified,source-hierarchy-concept
FMA:85031,compartment of abdomen,,FMA:85031,,aggregate,unspecified,source-hierarchy-concept
FMA:85055,right pulmopleural compartment,,FMA:85055,,aggregate,right,source-hierarchy-concept
FMA:85056,left pulmopleural compartment,,FMA:85056,,aggregate,left,source-hierarchy-concept
FMA:86056,myocardial zone 4,,FMA:86056,,aggregate,unspecified,source-hierarchy-concept
FMA:86063,myocardial zone 11,,FMA:86063,,aggregate,unspecified,source-hierarchy-concept
FMA:86064,myocardial zone 12,,FMA:86064,,aggregate,unspecified,source-hierarchy-concept
FMA:86917,musculature of abdomen,,FMA:86917,,aggregate,unspecified,source-hierarchy-concept
FMA:87178,myocardium of lateral wall of left ventricle,,FMA:87178,,aggregate,left,source-hierarchy-concept
FMA:87179,myocardium of inferior wall of left ventricle,,FMA:87179,,aggregate,left,source-hierarchy-concept
FMA:87542,anterior thoracic wall,,FMA:87542,,aggregate,unspecified,source-hierarchy-concept
FMA:87543,anterior chest wall,,FMA:87543,,aggregate,unspecified,source-hierarchy-concept
FMA:87552,posterior chest,,FMA:87552,,aggregate,unspecified,source-hierarchy-concept
FMA:87598,skeletal system of trunk,,FMA:87598,,aggregate,unspecified,source-hierarchy-concept
FMA:228642,vasculature of body,,FMA:228642,,aggregate,unspecified,source-hierarchy-concept
FMA:231424,body proper,,FMA:231424,,aggregate,unspecified,source-hierarchy-concept
FMA:242180,cortex of right cerebral hemisphere,,FMA:242180,,aggregate,right,source-hierarchy-concept
FMA:242182,cortex of left cerebral hemisphere,,FMA:242182,,aggregate,left,source-hierarchy-concept
FMA:242184,subcortex of right cerebral hemisphere,,FMA:242184,,aggregate,right,source-hierarchy-concept
FMA:242186,subcortex of left cerebral hemisphere,,FMA:242186,,aggregate,left,source-hierarchy-concept
FMA:242207,cortex of right frontal lobe,,FMA:242207,,aggregate,right,source-hierarchy-concept
FMA:242209,cortex of left frontal lobe,,FMA:242209,,aggregate,left,source-hierarchy-concept
FMA:242609,right archicortex,,FMA:242609,,aggregate,right,source-hierarchy-concept
FMA:242611,left archicortex,,FMA:242611,,aggregate,left,source-hierarchy-concept
FMA:242625,right prefrontal cortex,,FMA:242625,,aggregate,right,source-hierarchy-concept
FMA:242627,left prefrontal cortex,,FMA:242627,,aggregate,left,source-hierarchy-concept
FMA:242675,ventricular system of neuraxis,,FMA:242675,,aggregate,unspecified,source-hierarchy-concept
FMA:242787,ventricular system of brain,,FMA:242787,,aggregate,unspecified,source-hierarchy-concept
FMA:259054,wall of abdomen,,FMA:259054,,aggregate,unspecified,source-hierarchy-concept
FMA:259209,thoracic segment of trunk,,FMA:259209,,aggregate,unspecified,source-hierarchy-concept
FMA:259211,abdominal segment of trunk,,FMA:259211,,aggregate,unspecified,source-hierarchy-concept
FMA:259248,content of abdomen,,FMA:259248,,aggregate,unspecified,source-hierarchy-concept
FMA:260124,right orbital content,,FMA:260124,,aggregate,right,source-hierarchy-concept
FMA:260127,left orbital content,,FMA:260127,,aggregate,left,source-hierarchy-concept
FMA:260456,body cavity content,,FMA:260456,,aggregate,unspecified,source-hierarchy-concept
FMA:261139,right hippocampal formation,,FMA:261139,,aggregate,right,source-hierarchy-concept
FMA:261141,left hippocampal formation,,FMA:261141,,aggregate,left,source-hierarchy-concept
FMA:265130,respiratory tract,,FMA:265130,,aggregate,unspecified,source-hierarchy-concept
FMA:265228,pancreaticobiliary system,,FMA:265228,,aggregate,unspecified,source-hierarchy-concept
FMA:270201,basicranial part of head proper,,FMA:270201,,aggregate,unspecified,source-hierarchy-concept
TCIA:003:label-1,Adrenal-glands,,,,endocrine,unspecified,direct-source-geometry
TCIA:003:label-2,Aorta,,,,arterial,unspecified,direct-source-geometry
TCIA:003:label-3,Bladder,,,,urinary,unspecified,direct-source-geometry
TCIA:003:label-4,Brain,,,,nervous,unspecified,direct-source-geometry
TCIA:003:label-5,Heart,,,,cardiac,unspecified,direct-source-geometry
TCIA:003:label-6,Kidneys,,,,urinary,unspecified,direct-source-geometry
TCIA:003:label-7,Liver,,,,digestive,unspecified,direct-source-geometry
TCIA:003:label-8,Pancreas,,,,digestive,unspecified,direct-source-geometry
TCIA:003:label-9,Spleen,,,,lymphatic,unspecified,direct-source-geometry
TCIA:003:label-10,Thyroid,,,,endocrine,unspecified,direct-source-geometry
TCIA:003:label-11,VCI,,,,venous,unspecified,direct-source-geometry
TCIA:003:label-12,Lung,,,,respiratory,unspecified,direct-source-geometry
TCIA:003:label-13,Carpal,,,,skeletal,unspecified,direct-source-geometry
TCIA:003:label-14,Clavicle,,,,skeletal,unspecified,direct-source-geometry
TCIA:003:label-15,Femur,,,,skeletal,unspecified,direct-source-geometry
TCIA:003:label-16,Fibula,,,,skeletal,unspecified,direct-source-geometry
TCIA:003:label-17,Humerus,,,,skeletal,unspecified,direct-source-geometry
TCIA:003:label-18,Metacarpal,,,,skeletal,unspecified,direct-source-geometry
TCIA:003:label-19,Metatarsal,,,,skeletal,unspecified,direct-source-geometry
TCIA:003:label-20,Patella,,,,skeletal,unspecified,direct-source-geometry
TCIA:003:label-21,Pelvis,,,,skeletal,unspecified,direct-source-geometry
TCIA:003:label-22,Fingers,,,,skeletal,unspecified,direct-source-geometry
TCIA:003:label-23,Radius,,,,skeletal,unspecified,direct-source-geometry
TCIA:003:label-24,Ribcage,,,,skeletal,unspecified,direct-source-geometry
TCIA:003:label-25,Scapula,,,,skeletal,unspecified,direct-source-geometry
TCIA:003:label-26,Skull,,,,skeletal,unspecified,direct-source-geometry
TCIA:003:label-27,Spine,,,,skeletal,unspecified,direct-source-geometry
TCIA:003:label-28,Sternum,,,,skeletal,unspecified,direct-source-geometry
TCIA:003:label-29,Tarsal,,,,skeletal,unspecified,direct-source-geometry
TCIA:003:label-30,Tibia,,,,skeletal,unspecified,direct-source-geometry
TCIA:003:label-31,Toes,,,,skeletal,unspecified,direct-source-geometry
TCIA:003:label-32,Ulna,,,,skeletal,unspecified,direct-source-geometry
TCIA:003:label-33,Skeletal-muscle,,,,muscular,unspecified,direct-source-geometry
TCIA:003:label-34,Subcutaneous-fat,,,,integumentary,unspecified,direct-source-geometry
TCIA:003:label-35,Torso-fat,,,,integumentary,unspecified,direct-source-geometry
TCIA:003:label-36,Psoas,,,,muscular,unspecified,direct-source-geometry
DENVER:VHF:Left_Bone_Calcaneous|left,Left calcaneus,,,,skeletal,left,direct-source-geometry
DENVER:VHF:Left_Bone_Coccyx,Coccyx,,,,skeletal,unspecified,direct-source-geometry
DENVER:VHF:Left_Bone_Cuboid|left,Left cuboid,,,,skeletal,left,direct-source-geometry
DENVER:VHF:Left_Bone_Femur|left,Left femur,,,,skeletal,left,direct-source-geometry
DENVER:VHF:Left_Bone_Fibula|left,Left fibula,,,,skeletal,left,direct-source-geometry
DENVER:VHF:Left_Bone_IntermediateCuneiform|left,Left intermediate cuneiform,,,,skeletal,left,direct-source-geometry
DENVER:VHF:Left_Bone_LateralCuneiform|left,Left lateral cuneiform,,,,skeletal,left,direct-source-geometry
DENVER:VHF:Left_Bone_MedialCuneiform|left,Left medial cuneiform,,,,skeletal,left,direct-source-geometry
DENVER:VHF:Left_Bone_Navicular|left,Left navicular,,,,skeletal,left,direct-source-geometry
DENVER:VHF:Left_Bone_Patella|left,Left patella,,,,skeletal,left,direct-source-geometry
DENVER:VHF:Left_Bone_Pelvis|left,Left pelvis,,,,skeletal,left,direct-source-geometry
DENVER:VHF:Left_Bone_Phalanges|left,Left phalanges,,,,skeletal,left,direct-source-geometry
DENVER:VHF:Left_Bone_Sacrum,Sacrum,,,,skeletal,unspecified,direct-source-geometry
DENVER:VHF:Left_Bone_Talus|left,Left talus,,,,skeletal,left,direct-source-geometry
DENVER:VHF:Left_Bone_Tibia|left,Left tibia,,,,skeletal,left,direct-source-geometry
DENVER:VHF:Left_Cartilage_FemurDistal|left,Left femur distal cartilage,,,,connective,left,direct-source-geometry
DENVER:VHF:Left_Cartilage_FemurHead|left,Left femur head cartilage,,,,connective,left,direct-source-geometry
DENVER:VHF:Left_Cartilage_Patella|left,Left patella cartilage,,,,connective,left,direct-source-geometry
DENVER:VHF:Left_Cartilage_PelvisAcetabulum|left,Left pelvis acetabulum cartilage,,,,connective,left,direct-source-geometry
DENVER:VHF:Left_Cartilage_Talus|left,Left talus cartilage,,,,connective,left,direct-source-geometry
DENVER:VHF:Left_Cartilage_TibiaDistal|left,Left tibia distal cartilage,,,,connective,left,direct-source-geometry
DENVER:VHF:Left_Cartilage_TibiaLateral|left,Left tibia lateral cartilage,,,,connective,left,direct-source-geometry
DENVER:VHF:Left_Cartilage_TibiaMedial|left,Left tibia medial cartilage,,,,connective,left,direct-source-geometry
DENVER:VHF:Left_Ligament_ACL|left,Left ACL,,,,connective,left,direct-source-geometry
DENVER:VHF:Left_Ligament_LCL|left,Left LCL,,,,connective,left,direct-source-geometry
DENVER:VHF:Left_Ligament_MCL|left,Left MCL,,,,connective,left,direct-source-geometry
DENVER:VHF:Left_Ligament_PCL|left,Left PCL,,,,connective,left,direct-source-geometry
DENVER:VHF:Left_Muscle_AdductorBrevis|left,Left adductor brevis,,,,muscular,left,direct-source-geometry
DENVER:VHF:Left_Muscle_AdductorLongus|left,Left adductor longus,,,,muscular,left,direct-source-geometry
DENVER:VHF:Left_Muscle_AdductorMagnus|left,Left adductor magnus,,,,muscular,left,direct-source-geometry
DENVER:VHF:Left_Muscle_BicepsFemorisLong|left,Left biceps femoris long head,,,,muscular,left,direct-source-geometry
DENVER:VHF:Left_Muscle_BicepsFemorisShort|left,Left biceps femoris short head,,,,muscular,left,direct-source-geometry
DENVER:VHF:Left_Muscle_ExtensorDigitorumLongus|left,Left extensor digitorum longus,,,,muscular,left,direct-source-geometry
DENVER:VHF:Left_Muscle_ExtensorHallucisLongus|left,Left extensor hallucis longus,,,,muscular,left,direct-source-geometry
DENVER:VHF:Left_Muscle_FlexorDigitorumLongus|left,Left flexor digitorum longus,,,,muscular,left,direct-source-geometry
DENVER:VHF:Left_Muscle_FlexorHallucisLongus|left,Left flexor hallucis longus,,,,muscular,left,direct-source-geometry
DENVER:VHF:Left_Muscle_GastrocnemiusLateral|left,Left gastrocnemius lateral,,,,muscular,left,direct-source-geometry
DENVER:VHF:Left_Muscle_GastrocnemiusMedial|left,Left gastrocnemius medial,,,,muscular,left,direct-source-geometry
DENVER:VHF:Left_Muscle_GluteusMaximus|left,Left gluteus maximus,,,,muscular,left,direct-source-geometry
DENVER:VHF:Left_Muscle_GluteusMedius|left,Left gluteus medius,,,,muscular,left,direct-source-geometry
DENVER:VHF:Left_Muscle_GluteusMinimus|left,Left gluteus minimus,,,,muscular,left,direct-source-geometry
DENVER:VHF:Left_Muscle_Gracilis|left,Left gracilis,,,,muscular,left,direct-source-geometry
DENVER:VHF:Left_Muscle_Illiacus|left,Left iliacus,,,,muscular,left,direct-source-geometry
DENVER:VHF:Left_Muscle_InferiorGemellus|left,Left inferior gemellus,,,,muscular,left,direct-source-geometry
DENVER:VHF:Left_Muscle_ObturatorExternus|left,Left obturator externus,,,,muscular,left,direct-source-geometry
DENVER:VHF:Left_Muscle_ObturatorInternus|left,Left obturator internus,,,,muscular,left,direct-source-geometry
DENVER:VHF:Left_Muscle_Pectineus|left,Left pectineus,,,,muscular,left,direct-source-geometry
DENVER:VHF:Left_Muscle_PeroneusLongus|left,Left peroneus longus,,,,muscular,left,direct-source-geometry
DENVER:VHF:Left_Muscle_Piriformis|left,Left piriformis,,,,muscular,left,direct-source-geometry
DENVER:VHF:Left_Muscle_Plantaris|left,Left plantaris,,,,muscular,left,direct-source-geometry
DENVER:VHF:Left_Muscle_Popliteus|left,Left popliteus,,,,muscular,left,direct-source-geometry
DENVER:VHF:Left_Muscle_PsoasMajor|left,Left psoas major,,,,muscular,left,direct-source-geometry
DENVER:VHF:Left_Muscle_QuadratusFemoris|left,Left quadratus femoris,,,,muscular,left,direct-source-geometry
DENVER:VHF:Left_Muscle_RectusFemoris|left,Left rectus femoris,,,,muscular,left,direct-source-geometry
DENVER:VHF:Left_Muscle_Sartorius|left,Left sartorius,,,,muscular,left,direct-source-geometry
DENVER:VHF:Left_Muscle_Semimembranosus|left,Left semimembranosus,,,,muscular,left,direct-source-geometry
DENVER:VHF:Left_Muscle_Semitendinosus|left,Left semitendinosus,,,,muscular,left,direct-source-geometry
DENVER:VHF:Left_Muscle_Soleus|left,Left soleus,,,,muscular,left,direct-source-geometry
DENVER:VHF:Left_Muscle_SuperiorGemellus|left,Left superior gemellus,,,,muscular,left,direct-source-geometry
DENVER:VHF:Left_Muscle_TensorFasciaeLatae|left,Left tensor fasciae latae,,,,muscular,left,direct-source-geometry
DENVER:VHF:Left_Muscle_TibialisAnterior|left,Left tibialis anterior,,,,muscular,left,direct-source-geometry
DENVER:VHF:Left_Muscle_TibialisPosterior|left,Left tibialis posterior,,,,muscular,left,direct-source-geometry
DENVER:VHF:Left_Muscle_VastusIntermedius|left,Left vastus intermedius,,,,muscular,left,direct-source-geometry
DENVER:VHF:Left_Muscle_VastusLateralis|left,Left vastus lateralis,,,,muscular,left,direct-source-geometry
DENVER:VHF:Left_Muscle_VastusMedialis|left,Left vastus medialis,,,,muscular,left,direct-source-geometry
DENVER:VHF:Right_Bone_Calcaneous|right,Right calcaneus,,,,skeletal,right,direct-source-geometry
DENVER:VHF:Right_Bone_Cuboid|right,Right cuboid,,,,skeletal,right,direct-source-geometry
DENVER:VHF:Right_Bone_Femur|right,Right femur,,,,skeletal,right,direct-source-geometry
DENVER:VHF:Right_Bone_Fibula|right,Right fibula,,,,skeletal,right,direct-source-geometry
DENVER:VHF:Right_Bone_IntermediateCuneiform|right,Right intermediate cuneiform,,,,skeletal,right,direct-source-geometry
DENVER:VHF:Right_Bone_LateralCuneiform|right,Right lateral cuneiform,,,,skeletal,right,direct-source-geometry
DENVER:VHF:Right_Bone_MedialCuneiform|right,Right medial cuneiform,,,,skeletal,right,direct-source-geometry
DENVER:VHF:Right_Bone_Navicular|right,Right navicular,,,,skeletal,right,direct-source-geometry
DENVER:VHF:Right_Bone_Patella|right,Right patella,,,,skeletal,right,direct-source-geometry
DENVER:VHF:Right_Bone_Pelvis|right,Right pelvis,,,,skeletal,right,direct-source-geometry
DENVER:VHF:Right_Bone_Phalanges|right,Right phalanges,,,,skeletal,right,direct-source-geometry
DENVER:VHF:Right_Bone_Talus|right,Right talus,,,,skeletal,right,direct-source-geometry
DENVER:VHF:Right_Bone_Tibia|right,Right tibia,,,,skeletal,right,direct-source-geometry
DENVER:VHF:Right_Cartilage_FemurDistal|right,Right femur distal cartilage,,,,connective,right,direct-source-geometry
DENVER:VHF:Right_Cartilage_FemurHead|right,Right femur head cartilage,,,,connective,right,direct-source-geometry
DENVER:VHF:Right_Cartilage_Patella|right,Right patella cartilage,,,,connective,right,direct-source-geometry
DENVER:VHF:Right_Cartilage_PelvisAcetabulum|right,Right pelvis acetabulum cartilage,,,,connective,right,direct-source-geometry
DENVER:VHF:Right_Cartilage_Talus|right,Right talus cartilage,,,,connective,right,direct-source-geometry
DENVER:VHF:Right_Cartilage_TibiaDistal|right,Right tibia distal cartilage,,,,connective,right,direct-source-geometry
DENVER:VHF:Right_Cartilage_TibiaLateral|right,Right tibia lateral cartilage,,,,connective,right,direct-source-geometry
DENVER:VHF:Right_Cartilage_TibiaMedial|right,Right tibia medial cartilage,,,,connective,right,direct-source-geometry
DENVER:VHF:Right_Ligament_ACL|right,Right ACL,,,,connective,right,direct-source-geometry
DENVER:VHF:Right_Ligament_LCL|right,Right LCL,,,,connective,right,direct-source-geometry
DENVER:VHF:Right_Ligament_MCL|right,Right MCL,,,,connective,right,direct-source-geometry
DENVER:VHF:Right_Ligament_PCL|right,Right PCL,,,,connective,right,direct-source-geometry
DENVER:VHF:Right_Muscle_AdductorBrevis|right,Right adductor brevis,,,,muscular,right,direct-source-geometry
DENVER:VHF:Right_Muscle_AdductorLongus|right,Right adductor longus,,,,muscular,right,direct-source-geometry
DENVER:VHF:Right_Muscle_AdductorMagnus|right,Right adductor magnus,,,,muscular,right,direct-source-geometry
DENVER:VHF:Right_Muscle_BicepsFemorisLongHead|right,Right biceps femoris long head,,,,muscular,right,direct-source-geometry
DENVER:VHF:Right_Muscle_BicepsFemorisShortHead|right,Right biceps femoris short head,,,,muscular,right,direct-source-geometry
DENVER:VHF:Right_Muscle_ExtensorDigitorumLongus|right,Right extensor digitorum longus,,,,muscular,right,direct-source-geometry
DENVER:VHF:Right_Muscle_ExtensorHallucisLongus|right,Right extensor hallucis longus,,,,muscular,right,direct-source-geometry
DENVER:VHF:Right_Muscle_FlexorDigitorumLongus|right,Right flexor digitorum longus,,,,muscular,right,direct-source-geometry
DENVER:VHF:Right_Muscle_FlexorHallucisLongus|right,Right flexor hallucis longus,,,,muscular,right,direct-source-geometry
DENVER:VHF:Right_Muscle_GastrocnemiusLateral|right,Right gastrocnemius lateral,,,,muscular,right,direct-source-geometry
DENVER:VHF:Right_Muscle_GastrocnemiusMedial|right,Right gastrocnemius medial,,,,muscular,right,direct-source-geometry
DENVER:VHF:Right_Muscle_GluteusMaximus|right,Right gluteus maximus,,,,muscular,right,direct-source-geometry
DENVER:VHF:Right_Muscle_GluteusMedius|right,Right gluteus medius,,,,muscular,right,direct-source-geometry
DENVER:VHF:Right_Muscle_GluteusMinimus|right,Right gluteus minimus,,,,muscular,right,direct-source-geometry
DENVER:VHF:Right_Muscle_Gracilis|right,Right gracilis,,,,muscular,right,direct-source-geometry
DENVER:VHF:Right_Muscle_Illiacus|right,Right iliacus,,,,muscular,right,direct-source-geometry
DENVER:VHF:Right_Muscle_InferiorGemellus|right,Right inferior gemellus,,,,muscular,right,direct-source-geometry
DENVER:VHF:Right_Muscle_ObturatorExternus|right,Right obturator externus,,,,muscular,right,direct-source-geometry
DENVER:VHF:Right_Muscle_ObturatorInternus|right,Right obturator internus,,,,muscular,right,direct-source-geometry
DENVER:VHF:Right_Muscle_Pectineus|right,Right pectineus,,,,muscular,right,direct-source-geometry
DENVER:VHF:Right_Muscle_PeroneusLongus|right,Right peroneus longus,,,,muscular,right,direct-source-geometry
DENVER:VHF:Right_Muscle_Piriformis|right,Right piriformis,,,,muscular,right,direct-source-geometry
DENVER:VHF:Right_Muscle_Plantaris|right,Right plantaris,,,,muscular,right,direct-source-geometry
DENVER:VHF:Right_Muscle_Popliteus|right,Right popliteus,,,,muscular,right,direct-source-geometry
DENVER:VHF:Right_Muscle_PsoasMajor|right,Right psoas major,,,,muscular,right,direct-source-geometry
DENVER:VHF:Right_Muscle_QuadratisFemoris|right,Right quadratus femoris,,,,muscular,right,direct-source-geometry
DENVER:VHF:Right_Muscle_RectusFemoris|right,Right rectus femoris,,,,muscular,right,direct-source-geometry
DENVER:VHF:Right_Muscle_Sartorius|right,Right sartorius,,,,muscular,right,direct-source-geometry
DENVER:VHF:Right_Muscle_Semimembranosus|right,Right semimembranosus,,,,muscular,right,direct-source-geometry
DENVER:VHF:Right_Muscle_Semitendonosus|right,Right semitendinosus,,,,muscular,right,direct-source-geometry
DENVER:VHF:Right_Muscle_Soleus|right,Right soleus,,,,muscular,right,direct-source-geometry
DENVER:VHF:Right_Muscle_SuperiorGemellus|right,Right superior gemellus,,,,muscular,right,direct-source-geometry
DENVER:VHF:Right_Muscle_TensorFasciaeLatae|right,Right tensor fasciae latae,,,,muscular,right,direct-source-geometry
DENVER:VHF:Right_Muscle_TibialisAnterior|right,Right tibialis anterior,,,,muscular,right,direct-source-geometry
DENVER:VHF:Right_Muscle_TibialisPosterior|right,Right tibialis posterior,,,,muscular,right,direct-source-geometry
DENVER:VHF:Right_Muscle_VastusIntermedius|right,Right vastus intermedius,,,,muscular,right,direct-source-geometry
DENVER:VHF:Right_Muscle_VastusLateralis|right,Right vastus lateralis,,,,muscular,right,direct-source-geometry
DENVER:VHF:Right_Muscle_VastusMedialis|right,Right vastus medialis,,,,muscular,right,direct-source-geometry
DENVER:VHF:group:Bone_Calcaneus,Calcaneus (both sides),,DENVER:VHF:group:Bone_Calcaneus,,aggregate,unspecified,source-hierarchy-concept
DENVER:VHF:group:Left_Bone,Left lower limb bones,,DENVER:VHF:group:Left_Bone,,aggregate,left,source-hierarchy-concept
DENVER:VHF:group:Bone,Lower limb bones,,DENVER:VHF:group:Bone,,aggregate,unspecified,source-hierarchy-concept
DENVER:VHF:group:Bone_Cuboid,Cuboid (both sides),,DENVER:VHF:group:Bone_Cuboid,,aggregate,unspecified,source-hierarchy-concept
DENVER:VHF:group:Bone_Femur,Femur (both sides),,DENVER:VHF:group:Bone_Femur,,aggregate,unspecified,source-hierarchy-concept
DENVER:VHF:group:Bone_Fibula,Fibula (both sides),,DENVER:VHF:group:Bone_Fibula,,aggregate,unspecified,source-hierarchy-concept
DENVER:VHF:group:Bone_IntermediateCuneiform,Intermediate cuneiform (both sides),,DENVER:VHF:group:Bone_IntermediateCuneiform,,aggregate,unspecified,source-hierarchy-concept
DENVER:VHF:group:Bone_LateralCuneiform,Lateral cuneiform (both sides),,DENVER:VHF:group:Bone_LateralCuneiform,,aggregate,unspecified,source-hierarchy-concept
DENVER:VHF:group:Bone_MedialCuneiform,Medial cuneiform (both sides),,DENVER:VHF:group:Bone_MedialCuneiform,,aggregate,unspecified,source-hierarchy-concept
DENVER:VHF:group:Bone_Navicular,Navicular (both sides),,DENVER:VHF:group:Bone_Navicular,,aggregate,unspecified,source-hierarchy-concept
DENVER:VHF:group:Bone_Patella,Patella (both sides),,DENVER:VHF:group:Bone_Patella,,aggregate,unspecified,source-hierarchy-concept
DENVER:VHF:group:Bone_Pelvis,Pelvis (both sides),,DENVER:VHF:group:Bone_Pelvis,,aggregate,unspecified,source-hierarchy-concept
DENVER:VHF:group:Bone_Phalanges,Phalanges (both sides),,DENVER:VHF:group:Bone_Phalanges,,aggregate,unspecified,source-hierarchy-concept
DENVER:VHF:group:Bone_Talus,Talus (both sides),,DENVER:VHF:group:Bone_Talus,,aggregate,unspecified,source-hierarchy-concept
DENVER:VHF:group:Bone_Tibia,Tibia (both sides),,DENVER:VHF:group:Bone_Tibia,,aggregate,unspecified,source-hierarchy-concept
DENVER:VHF:group:Cartilage_FemurDistal,Femur distal cartilage (both sides),,DENVER:VHF:group:Cartilage_FemurDistal,,aggregate,unspecified,source-hierarchy-concept
DENVER:VHF:group:Left_Cartilage,Left lower limb cartilages,,DENVER:VHF:group:Left_Cartilage,,aggregate,left,source-hierarchy-concept
DENVER:VHF:group:Cartilage,Lower limb cartilages,,DENVER:VHF:group:Cartilage,,aggregate,unspecified,source-hierarchy-concept
DENVER:VHF:group:Cartilage_FemurHead,Femur head cartilage (both sides),,DENVER:VHF:group:Cartilage_FemurHead,,aggregate,unspecified,source-hierarchy-concept
DENVER:VHF:group:Cartilage_Patella,Patella cartilage (both sides),,DENVER:VHF:group:Cartilage_Patella,,aggregate,unspecified,source-hierarchy-concept
DENVER:VHF:group:Cartilage_PelvisAcetabulum,Pelvis acetabulum cartilage (both sides),,DENVER:VHF:group:Cartilage_PelvisAcetabulum,,aggregate,unspecified,source-hierarchy-concept
DENVER:VHF:group:Cartilage_Talus,Talus cartilage (both sides),,DENVER:VHF:group:Cartilage_Talus,,aggregate,unspecified,source-hierarchy-concept
DENVER:VHF:group:Cartilage_TibiaDistal,Tibia distal cartilage (both sides),,DENVER:VHF:group:Cartilage_TibiaDistal,,aggregate,unspecified,source-hierarchy-concept
DENVER:VHF:group:Cartilage_TibiaLateral,Tibia lateral cartilage (both sides),,DENVER:VHF:group:Cartilage_TibiaLateral,,aggregate,unspecified,source-hierarchy-concept
DENVER:VHF:group:Cartilage_TibiaMedial,Tibia medial cartilage (both sides),,DENVER:VHF:group:Cartilage_TibiaMedial,,aggregate,unspecified,source-hierarchy-concept
DENVER:VHF:group:Ligament_ACL,ACL (both sides),,DENVER:VHF:group:Ligament_ACL,,aggregate,unspecified,source-hierarchy-concept
DENVER:VHF:group:Left_Ligament,Left lower limb ligaments,,DENVER:VHF:group:Left_Ligament,,aggregate,left,source-hierarchy-concept
DENVER:VHF:group:Ligament,Lower limb ligaments,,DENVER:VHF:group:Ligament,,aggregate,unspecified,source-hierarchy-concept
DENVER:VHF:group:Ligament_LCL,LCL (both sides),,DENVER:VHF:group:Ligament_LCL,,aggregate,unspecified,source-hierarchy-concept
DENVER:VHF:group:Ligament_MCL,MCL (both sides),,DENVER:VHF:group:Ligament_MCL,,aggregate,unspecified,source-hierarchy-concept
DENVER:VHF:group:Ligament_PCL,PCL (both sides),,DENVER:VHF:group:Ligament_PCL,,aggregate,unspecified,source-hierarchy-concept
DENVER:VHF:group:Muscle_AdductorBrevis,Adductor brevis (both sides),,DENVER:VHF:group:Muscle_AdductorBrevis,,aggregate,unspecified,source-hierarchy-concept
DENVER:VHF:group:Left_Muscle,Left lower limb muscles,,DENVER:VHF:group:Left_Muscle,,aggregate,left,source-hierarchy-concept
DENVER:VHF:group:Muscle,Lower limb muscles,,DENVER:VHF:group:Muscle,,aggregate,unspecified,source-hierarchy-concept
DENVER:VHF:group:Muscle_AdductorLongus,Adductor longus (both sides),,DENVER:VHF:group:Muscle_AdductorLongus,,aggregate,unspecified,source-hierarchy-concept
DENVER:VHF:group:Muscle_AdductorMagnus,Adductor magnus (both sides),,DENVER:VHF:group:Muscle_AdductorMagnus,,aggregate,unspecified,source-hierarchy-concept
DENVER:VHF:group:Muscle_BicepsFemorisLongHead,Biceps femoris long head (both sides),,DENVER:VHF:group:Muscle_BicepsFemorisLongHead,,aggregate,unspecified,source-hierarchy-concept
DENVER:VHF:group:Muscle_BicepsFemorisShortHead,Biceps femoris short head (both sides),,DENVER:VHF:group:Muscle_BicepsFemorisShortHead,,aggregate,unspecified,source-hierarchy-concept
DENVER:VHF:group:Muscle_ExtensorDigitorumLongus,Extensor digitorum longus (both sides),,DENVER:VHF:group:Muscle_ExtensorDigitorumLongus,,aggregate,unspecified,source-hierarchy-concept
DENVER:VHF:group:Muscle_ExtensorHallucisLongus,Extensor hallucis longus (both sides),,DENVER:VHF:group:Muscle_ExtensorHallucisLongus,,aggregate,unspecified,source-hierarchy-concept
DENVER:VHF:group:Muscle_FlexorDigitorumLongus,Flexor digitorum longus (both sides),,DENVER:VHF:group:Muscle_FlexorDigitorumLongus,,aggregate,unspecified,source-hierarchy-concept
DENVER:VHF:group:Muscle_FlexorHallucisLongus,Flexor hallucis longus (both sides),,DENVER:VHF:group:Muscle_FlexorHallucisLongus,,aggregate,unspecified,source-hierarchy-concept
DENVER:VHF:group:Muscle_GastrocnemiusLateral,Gastrocnemius lateral (both sides),,DENVER:VHF:group:Muscle_GastrocnemiusLateral,,aggregate,unspecified,source-hierarchy-concept
DENVER:VHF:group:Muscle_GastrocnemiusMedial,Gastrocnemius medial (both sides),,DENVER:VHF:group:Muscle_GastrocnemiusMedial,,aggregate,unspecified,source-hierarchy-concept
DENVER:VHF:group:Muscle_GluteusMaximus,Gluteus maximus (both sides),,DENVER:VHF:group:Muscle_GluteusMaximus,,aggregate,unspecified,source-hierarchy-concept
DENVER:VHF:group:Muscle_GluteusMedius,Gluteus medius (both sides),,DENVER:VHF:group:Muscle_GluteusMedius,,aggregate,unspecified,source-hierarchy-concept
DENVER:VHF:group:Muscle_GluteusMinimus,Gluteus minimus (both sides),,DENVER:VHF:group:Muscle_GluteusMinimus,,aggregate,unspecified,source-hierarchy-concept
DENVER:VHF:group:Muscle_Gracilis,Gracilis (both sides),,DENVER:VHF:group:Muscle_Gracilis,,aggregate,unspecified,source-hierarchy-concept
DENVER:VHF:group:Muscle_Iliacus,Iliacus (both sides),,DENVER:VHF:group:Muscle_Iliacus,,aggregate,unspecified,source-hierarchy-concept
DENVER:VHF:group:Muscle_InferiorGemellus,Inferior gemellus (both sides),,DENVER:VHF:group:Muscle_InferiorGemellus,,aggregate,unspecified,source-hierarchy-concept
DENVER:VHF:group:Muscle_ObturatorExternus,Obturator externus (both sides),,DENVER:VHF:group:Muscle_ObturatorExternus,,aggregate,unspecified,source-hierarchy-concept
DENVER:VHF:group:Muscle_ObturatorInternus,Obturator internus (both sides),,DENVER:VHF:group:Muscle_ObturatorInternus,,aggregate,unspecified,source-hierarchy-concept
DENVER:VHF:group:Muscle_Pectineus,Pectineus (both sides),,DENVER:VHF:group:Muscle_Pectineus,,aggregate,unspecified,source-hierarchy-concept
DENVER:VHF:group:Muscle_PeroneusLongus,Peroneus longus (both sides),,DENVER:VHF:group:Muscle_PeroneusLongus,,aggregate,unspecified,source-hierarchy-concept
DENVER:VHF:group:Muscle_Piriformis,Piriformis (both sides),,DENVER:VHF:group:Muscle_Piriformis,,aggregate,unspecified,source-hierarchy-concept
DENVER:VHF:group:Muscle_Plantaris,Plantaris (both sides),,DENVER:VHF:group:Muscle_Plantaris,,aggregate,unspecified,source-hierarchy-concept
DENVER:VHF:group:Muscle_Popliteus,Popliteus (both sides),,DENVER:VHF:group:Muscle_Popliteus,,aggregate,unspecified,source-hierarchy-concept
DENVER:VHF:group:Muscle_PsoasMajor,Psoas major (both sides),,DENVER:VHF:group:Muscle_PsoasMajor,,aggregate,unspecified,source-hierarchy-concept
DENVER:VHF:group:Muscle_QuadratusFemoris,Quadratus femoris (both sides),,DENVER:VHF:group:Muscle_QuadratusFemoris,,aggregate,unspecified,source-hierarchy-concept
DENVER:VHF:group:Muscle_RectusFemoris,Rectus femoris (both sides),,DENVER:VHF:group:Muscle_RectusFemoris,,aggregate,unspecified,source-hierarchy-concept
DENVER:VHF:group:Muscle_Sartorius,Sartorius (both sides),,DENVER:VHF:group:Muscle_Sartorius,,aggregate,unspecified,source-hierarchy-concept
DENVER:VHF:group:Muscle_Semimembranosus,Semimembranosus (both sides),,DENVER:VHF:group:Muscle_Semimembranosus,,aggregate,unspecified,source-hierarchy-concept
DENVER:VHF:group:Muscle_Semitendinosus,Semitendinosus (both sides),,DENVER:VHF:group:Muscle_Semitendinosus,,aggregate,unspecified,source-hierarchy-concept
DENVER:VHF:group:Muscle_Soleus,Soleus (both sides),,DENVER:VHF:group:Muscle_Soleus,,aggregate,unspecified,source-hierarchy-concept
DENVER:VHF:group:Muscle_SuperiorGemellus,Superior gemellus (both sides),,DENVER:VHF:group:Muscle_SuperiorGemellus,,aggregate,unspecified,source-hierarchy-concept
DENVER:VHF:group:Muscle_TensorFasciaeLatae,Tensor fasciae latae (both sides),,DENVER:VHF:group:Muscle_TensorFasciaeLatae,,aggregate,unspecified,source-hierarchy-concept
DENVER:VHF:group:Muscle_TibialisAnterior,Tibialis anterior (both sides),,DENVER:VHF:group:Muscle_TibialisAnterior,,aggregate,unspecified,source-hierarchy-concept
DENVER:VHF:group:Muscle_TibialisPosterior,Tibialis posterior (both sides),,DENVER:VHF:group:Muscle_TibialisPosterior,,aggregate,unspecified,source-hierarchy-concept
DENVER:VHF:group:Muscle_VastusIntermedius,Vastus intermedius (both sides),,DENVER:VHF:group:Muscle_VastusIntermedius,,aggregate,unspecified,source-hierarchy-concept
DENVER:VHF:group:Muscle_VastusLateralis,Vastus lateralis (both sides),,DENVER:VHF:group:Muscle_VastusLateralis,,aggregate,unspecified,source-hierarchy-concept
DENVER:VHF:group:Muscle_VastusMedialis,Vastus medialis (both sides),,DENVER:VHF:group:Muscle_VastusMedialis,,aggregate,unspecified,source-hierarchy-concept
DENVER:VHF:group:Right_Bone,Right lower limb bones,,DENVER:VHF:group:Right_Bone,,aggregate,right,source-hierarchy-concept
DENVER:VHF:group:Right_Cartilage,Right lower limb cartilages,,DENVER:VHF:group:Right_Cartilage,,aggregate,right,source-hierarchy-concept
DENVER:VHF:group:Right_Ligament,Right lower limb ligaments,,DENVER:VHF:group:Right_Ligament,,aggregate,right,source-hierarchy-concept
DENVER:VHF:group:Right_Muscle,Right lower limb muscles,,DENVER:VHF:group:Right_Muscle,,aggregate,right,source-hierarchy-concept
